reference_index,siren,raison_sociale,nature_juridique,code_ape,categorie_entreprise,siret_siege,statut_diffusion,date_mise_a_jour_insee,source_query_area
1,901300319,UPD RETAIL DIVISION,5710,4776Z,ETI,90130031900307,O,2026-08-26T10:31:23.568,Paris
2,745420653,ENTREPRISE GENERALE LEON GROSSE,5699,4120B,ETI,74542065300016,O,2026-08-07T11:00:36.270,Paris
3,488624255,SOUS MON TOIT,5499,8810A,ETI,48862425500144,O,2026-08-05T11:30:37.128,Paris
4,487514267,MAISONS PIERRE,5710,4120A,ETI,48751426700029,O,2025-12-06T06:03:45,Paris
5,483471157,VALORITY CREDIT,5710,6619B,ETI,48347115700014,O,2026-06-25T19:01:03,Paris
6,400939153,G.C.A SCACV,5308,4511Z,PME,40093915300419,O,2026-05-12T18:31:34,Paris
7,344577523,VESTITI,5710,4771Z,PME,34457752300410,O,2026-06-26T13:11:32,Paris
8,338234891,SODISTOUR,5599,7911Z,ETI,33823489100327,O,2025-12-06T10:47:27,Paris
9,803077684,GDSOL 37,5499,3511Z,ETI,80307768400287,O,2025-12-06T06:16:37,Paris
10,582621561,FONDASOL,5599,7112B,ETI,58262156100080,O,2026-03-04T13:01:14,Paris
11,529040677,ERYMA SAS,5710,8020Z,ETI,52904067700310,O,2026-06-11T16:47:15,Paris
12,811745355,KINASOLAR 02,5710,3511Z,PME,81174535500453,O,2026-02-20T19:01:45,Paris
13,959503087,CLASQUIN,5710,5229B,ETI,95950308700063,O,2026-07-20T14:56:13,Lyon
14,819171992,MASAI,5710,9329Z,PME,81917199200269,O,2026-06-23T11:07:23,Lyon
15,841113426,HEXAGON FRANCE,5710,4642Z,ETI,84111342600065,O,2026-06-17T13:00:44,Lyon
16,843623349,CLINIQUE CHAMPS-ELYSEES FRANCE,5710,6619A,PME,84362334900019,O,2025-12-06T08:15:04,Lyon
17,919359760,SERENLY,5710,6832A,ETI,91935976000031,O,2026-07-27T09:46:52,Lyon
18,982750812,M2I SKILLS,5710,8559A,ETI,98275081200017,O,2026-08-21T16:31:11.795,Lyon
19,901893503,JINGDONG DEVELOPMENT FRANCE,5499,5229A,PME,90189350300028,O,2026-08-20T14:46:10.605,Lyon
20,432573467,CAFES RICHARD,5710,1083Z,ETI,43257346700011,O,2026-08-17T12:26:48.162,Lyon
21,326685252,AIRFLUX,5710,4669B,ETI,32668525200537,O,2026-08-13T15:33:00.241,Lyon
22,401493531,WORK IN PROGRESS FRANCE,5710,4771Z,PME,40149353100321,O,2026-08-10T13:11:15.248,Lyon
23,477808281,ENTHALPIA RHONE ALPES,5710,7820Z,ETI,47780828100372,O,2026-08-10T15:56:40.388,Lyon
24,311127278,CITADINES,5599,6820B,ETI,31112727800399,O,2025-12-06T05:20:08,Lyon
25,303994545,CAVES DU VAL D OR,5599,4725Z,ETI,30399454500091,O,2026-03-19T18:06:50,Lyon
26,330792987,CREATIONS FUSALP,5599,4771Z,ETI,33079298700027,O,2026-01-13T18:32:06,Lyon
27,334643350,VILLEROY ET BOCH ARTS DE LA TABLE,5710,4759B,ETI,33464335000047,O,2025-12-06T06:24:56,Lyon
28,329476337,APRIL AUTOMATES,5599,6820B,PME,32947633700079,O,2025-12-06T11:32:08,Lyon
29,978965085,LAV AND DRY,5710,9601B,PME,97896508500159,O,2026-01-23T15:34:55,Lyon
30,807489414,PUNT ROMA FRANCE,5710,4771Z,PME,80748941400530,O,2026-07-31T12:17:12,Lyon
31,442295085,LABIO,5785,8690B,PME,44229508500017,O,2026-06-30T16:30:35,Marseille
32,380602060,UPERIO FRANCE,5710,7732Z,ETI,38060206000010,O,2026-02-05T13:08:04,Marseille
33,629857301,JUNGHEINRICH FRANCE,5710,4669B,ETI,62985730100499,O,2025-12-06T05:43:51,Marseille
34,640501524,LECHEVALIER,5710,4669B,PME,64050152400089,O,2026-05-04T09:00:49,Marseille
35,582017810,COMPTAGE IMMOBILIER SERVICES ISTA,5710,7739Z,ETI,58201781000646,O,2026-04-07T23:30:22,Marseille
36,921796546,RS IR GO D1,5710,3511Z,ETI,92179654600015,O,2025-12-06T06:57:34,Marseille
37,775629173,MAISONS CLAIR LOGIS,5710,4120A,PME,77562917300953,O,2025-12-06T09:23:18,Marseille
38,305776890,BANQUE DELUBAC ET CIE,5308,6419Z,ETI,30577689000017,O,2026-08-13T17:06:28.161,Marseille
39,443486220,MELLOW YELLOW FRANCE SERVICES,5499,8299Z,ETI,44348622000280,O,2026-08-07T18:16:27.793,Marseille
40,315459016,VOYAGEURS DU MONDE,5599,7912Z,ETI,31545901600046,O,2026-07-28T17:35:04,Marseille
41,330338013,SUNCLEAR,5710,4673A,ETI,33033801300411,O,2025-12-06T05:43:28,Marseille
42,956508469,TRANSPORTS P. FATTON,5699,5229B,ETI,95650846900452,O,2026-07-07T05:19:01,Marseille
43,341872885,SOCIETE D EDITION ET D IMPRESSION DU LANGUEDOC PROVENCE COTE D A,5599,5813Z,PME,34187288500015,O,2025-12-06T05:39:40,Marseille
44,921909933,AV SOLAIRE 5,5710,3511Z,PME,92190993300274,O,2025-12-31T11:00:24,Toulouse
45,345300313,FITOUR,5710,7911Z,ETI,34530031300029,O,2025-12-22T17:01:33,Toulouse
46,323277327,SOCIETE DE DISTRIBUTION TEXTILE,5499,4771Z,ETI,32327732700207,O,2025-12-06T06:01:46,Toulouse
47,326518669,CREATION MEDITERRANEE,5710,1419Z,PME,32651866900212,O,2026-01-29T13:11:27,Toulouse
48,354038820,DISTRITEC,5710,4941A,ETI,35403882000313,O,2026-07-23T13:56:39,Toulouse
49,442971784,ERIC MEY DEVELOPPEMENT,5499,6831Z,PME,44297178400016,O,2025-12-06T06:28:01,Toulouse
50,505079228,IVT SECURITY,5710,4321A,ETI,50507922800035,O,2026-07-10T13:37:12,Toulouse
51,527477723,UA MANAGEMENT,5710,7010Z,PME,52747772300466,O,2025-12-06T10:44:47,Toulouse
52,538570946,ACOR EXPERTISES CONSTRUCTION,5710,6621Z,PME,53857094600037,O,2026-07-31T17:46:45,Toulouse
53,901778076,CHANTELLE RETAIL,5710,4771Z,ETI,90177807600017,O,2026-01-13T17:36:55,Toulouse
54,791829831,FRANCE PHOTOVOLTAIQUE ELECTRICITE,5710,3511Z,PME,79182983100365,O,2025-12-06T06:22:43,Toulouse
55,790388680,ADRE RESEAUX,5710,7112B,PME,79038868000270,O,2025-12-06T05:25:14,Toulouse
56,827457052,DISTRICLOS,5710,4674A,ETI,82745705200021,O,2026-07-08T17:32:09,Lille
57,642019038,TECHNIQUES TOPO,5558,7112A,PME,64201903800099,O,2026-01-06T12:26:34,Lille
58,799069836,VERING,5710,6621Z,ETI,79906983600259,O,2026-08-13T11:34:01.200,Lille
59,916521099,WEISHAUPT,5710,4674B,ETI,91652109900439,O,2026-08-06T09:09:23.172,Lille
60,823860770,GN FRANCE,5710,5610C,PME,82386077000135,O,2026-08-04T13:17:29.332,Lille
61,883298259,AFD22,5710,3511Z,ETI,88329825900218,O,2025-12-06T06:19:38,Lille
62,073502981,SYSTEME DE SECURITE INCENDIE SERVICE,5710,4321A,ETI,07350298100332,O,2026-02-24T18:31:33,Lille
63,320660350,CADDENZ,5710,7732Z,ETI,32066035000234,O,2026-03-24T18:31:41,Lille
64,840908214,TFB RESEAU,5710,5610C,PME,84090821400017,O,2026-06-01T13:08:48,Lille
65,333634160,SOGOOD,5710,5610C,PME,33363416000654,O,2025-12-06T11:10:19,Lille
66,385196506,SA BOMEX,5599,4941A,PME,38519650600047,O,2025-12-06T05:39:25,Lille
67,398997270,DISTRIBUTION SERVICES INDUSTRIELS,5710,8299Z,ETI,39899727000044,O,2026-05-18T19:00:58,Lille
68,344176672,PHENIX EVOLUTION,5202,4120A,PME,34417667200485,O,2025-12-06T06:18:15,Lille
69,409865144,ALTEMA NORD,5710,4669B,ETI,40986514400425,O,2025-12-06T05:20:09,Lille
70,410141196,EURIDIS MANAGEMENT,5499,8559A,ETI,41014119600197,O,2026-01-15T13:16:30,Lille
71,341515047,WASHTEC FRANCE,5710,3312Z,PME,34151504700163,O,2025-12-06T05:25:21,Lille
72,413599812,CADRIMAGES,5499,4759B,PME,41359981200117,O,2026-08-03T13:09:16.459,Bordeaux
73,893397810,LE FOURGON,5710,4791B,PME,89339781000035,O,2026-06-30T11:31:13,Bordeaux
74,320880131,VITIVISTA,5710,4675Z,ETI,32088013100497,O,2025-12-06T05:25:20,Bordeaux
75,910733120,LACADOPT,5710,4775Z,PME,91073312000018,O,2026-03-20T14:01:01,Bordeaux
76,453975831,VALGO,5710,3900Z,ETI,45397583100182,O,2026-04-29T15:23:39,Bordeaux
77,490842440,1979 RETAIL,5710,4719B,PME,49084244000011,O,2026-04-08T13:00:53,Bordeaux
78,338523566,FROM FUTURE,5710,4771Z,PME,33852356600267,O,2026-06-09T18:07:13,Bordeaux
79,410348965,OLSTEN TRAVAIL TEMPORAIRE SUD,5599,7820Z,PME,41034896501004,O,2025-12-06T06:57:25,Bordeaux
80,417718798,CABINETS PROVINCIAUX D ERGET,5710,7112B,PME,41771879800198,O,2026-04-03T13:15:02,Bordeaux
81,379109267,SIPCA,5710,8542Z,PME,37910926700078,O,2026-06-19T09:26:17,Bordeaux
82,445047194,B.B.L,5710,4751Z,ETI,44504719400193,O,2026-07-29T18:06:49,Bordeaux
83,393543772,LA SOULANE,5710,5520Z,ETI,39354377200304,O,2026-07-23T13:31:13,Bordeaux
84,389363110,ENTREPOSE ECHAFAUDAGES,5710,4399B,ETI,38936311000252,O,2026-06-03T11:05:12,Bordeaux
85,822584447,ORTHATLANTIC CENTRE ET OUEST,5485,8690E,PME,82258444700020,O,2025-12-06T05:12:33,Nantes
86,956501258,BOCCARD FRANCE,5710,3320A,ETI,95650125800019,O,2025-12-06T06:09:37,Nantes
87,813349305,REATON,5710,3511Z,PME,81334930500017,O,2025-12-06T06:09:46,Nantes
88,844622738,HARRY HOPE,5710,7810Z,ETI,84462273800269,O,2026-07-22T17:36:47,Nantes
89,781109145,MUTUELLE ASSURANCE DE L'EDUCATION,6411,6512Z,ETI,78110914500016,O,2026-07-27T13:24:32,Nantes
90,850423948,4FAMILIES,5499,8891A,PME,85042394800015,O,2025-12-06T06:30:51,Nantes
91,979212883,NEW FLINK FRANCE,5710,4791A,PME,97921288300016,O,2025-12-06T09:11:58,Nantes
92,352645501,KDI,5710,4672Z,ETI,35264550101589,O,2026-08-11T13:10:56.780,Nantes
93,519531834,REPARTIM,5710,4120B,ETI,51953183400017,O,2026-08-04T13:13:34.059,Nantes
94,332944867,TRANSPORTS LOCATIONS COURCELLE,5710,4941B,ETI,33294486700032,O,2026-02-19T19:00:40,Nantes
95,318846409,ADERANS FRANCE,5710,4645Z,PME,31884640900254,O,2025-12-06T10:50:32,Nantes
96,319252813,LA FRAISERAIE SAS,5710,1052Z,PME,31925281300120,O,2026-06-08T11:31:27,Nantes
97,501993604,INVESTIPOLE,5499,8030Z,PME,50199360400062,O,2026-02-18T16:31:36,Nantes
98,440815595,ENTHALPIA SUD OUEST,5710,7820Z,ETI,44081559500614,O,2026-02-02T19:00:59,Nantes
99,775715683,MUTUELLE DE POITIERS ASSURANCES,6411,6512Z,ETI,77571568300014,O,2026-02-05T09:42:12,Nantes
100,351191119,AFTEC,5710,8559A,ETI,35119111900160,O,2026-07-28T17:00:42,Nantes
101,548500149,SOCOMEC,5710,2712Z,ETI,54850014900016,O,2025-12-06T05:15:34,Nantes
102,549850253,FICHET SECURITY SOLUTIONS FRANCE,5710,4669C,ETI,54985025301505,O,2026-07-01T13:46:47,Nantes
103,393488531,NAMIXIS,5710,7112B,PME,39348853100392,O,2026-04-23T11:30:44,Strasbourg
104,400149647,KEYRUS,5599,6202A,ETI,40014964700390,O,2025-12-06T05:44:20,Strasbourg
105,410330765,ANTALIS FRANCE,5710,4676Z,ETI,41033076500547,O,2026-03-25T18:33:49,Strasbourg
106,350553863,EVERIAL,5710,5210B,ETI,35055386300381,O,2026-07-13T19:30:40,Strasbourg
107,672950177,ALLOMAT SA,5710,7732Z,PME,67295017700093,O,2025-12-06T07:26:36,Strasbourg
108,352335962,PRODWARE SA,5599,6202A,ETI,35233596200044,O,2025-12-06T05:43:44,Strasbourg
109,430243857,ORONA,5710,4329B,ETI,43024385700116,O,2025-12-22T16:50:44,Strasbourg
110,435033774,S A S GENY INVESTISSEMENTS,5710,6420Z,ETI,43503377400124,O,2025-12-06T05:40:25,Strasbourg
111,443946421,PROVINCE ENCADREMENT,5499,4778C,PME,44394642100189,O,2026-07-13T14:32:24,Strasbourg
112,444116412,KI DECOR,5710,4753Z,PME,44411641200198,O,2026-04-01T15:01:08,Strasbourg
113,602022493,XYLEM WATER SOLUTIONS FRANCE SAS,5710,4669C,ETI,60202249300343,O,2025-12-06T05:25:30,Strasbourg
114,415077668,LCR LES CONSTRUCTEURS REUNIS,5710,4120B,ETI,41507766800242,O,2026-04-24T15:56:42,Strasbourg
115,390319572,TREFLE VERT,5499,4776Z,PME,39031957200017,O,2025-12-06T10:49:14,Strasbourg
116,519009161,SGP PRODUCTIONS,5710,4642Z,PME,51900916100042,O,2026-05-12T08:29:07,Strasbourg
117,538973678,ALAJI SAS,5710,8559A,PME,53897367800153,O,2026-07-22T17:32:54,Strasbourg
118,451283600,ALILA,5710,4110A,PME,45128360000034,O,2025-12-06T05:13:43,Strasbourg
119,800709891,RSM FRANCE,5710,6920Z,ETI,80070989100173,O,2026-04-07T16:32:39,Strasbourg
120,802440339,MOI JE,5499,9602B,PME,80244033900017,O,2025-12-06T05:22:05,Strasbourg
121,562013771,EUROMATIC,5710,5229A,ETI,56201377100562,O,2026-03-09T19:00:21,Montpellier
122,819689613,DREAM ENERGY,5499,3511Z,ETI,81968961300977,O,2026-07-28T13:25:51,Montpellier
123,833378789,ACTIERRA,5710,7112B,ETI,83337878900089,O,2026-01-13T08:00:26,Montpellier
124,851986620,2CIMMO,5710,6831Z,PME,85198662000017,O,2026-05-05T16:30:48,Montpellier
125,978559839,GOFO FRANCE,5710,4941A,PME,97855983900029,O,2026-08-17T16:27:07.650,Montpellier
126,951289537,WYCON FRANCE,5710,4775Z,PME,95128953700015,O,2026-08-14T17:16:16.577,Montpellier
127,531354983,KDSUSHI0002,5499,5610C,PME,53135498300631,O,2026-08-13T13:08:46.165,Montpellier
128,421377946,VALECO,5710,7112B,ETI,42137794600031,O,2026-08-06T13:00:45.590,Montpellier
129,325539112,WARGNIER DENIS,5710,4771Z,PME,32553911200095,O,2026-02-22T13:00:28,Montpellier
130,321819112,ESE FRANCE,5710,2222Z,ETI,32181911200483,O,2026-05-06T19:06:15,Montpellier
131,334667276,RENTFORCE,5710,7732Z,PME,33466727600060,O,2026-06-26T09:31:27,Montpellier
132,967504945,MAINTRONIC,5710,9511Z,ETI,96750494500338,O,2026-01-12T08:00:30,Montpellier
133,384870234,COPAS SYSTEMES,5710,4332B,PME,38487023400018,O,2026-07-06T14:00:53,Montpellier
134,512552373,LYNX RH,5710,7820Z,ETI,51255237300759,O,2026-04-14T14:30:52,Montpellier
135,423988880,SOCOBOIS,5710,7120B,PME,42398888000435,O,2026-04-01T13:09:31,Montpellier
136,529063620,IL RISTORANTE LG,5710,6820B,ETI,52906362000155,O,2025-12-06T05:16:41,Rennes
137,525312294,REGICOM WEBFORMANCE,5710,7311Z,ETI,52531229400305,O,2026-04-08T16:30:45,Rennes
138,997050026,GAUDRIOT,5599,7112B,PME,99705002600027,O,2025-12-06T05:40:55,Rennes
139,775568165,COOPERATIVE AGRICOLE LE GARUN-LA PAYSANNE DITE COOPERATIVE GARUN-PAYSANNE,6317,1091Z,ETI,77556816500044,O,2025-12-06T07:34:45,Rennes
140,815376801,MEDICOOP FRANCE,5710,7820Z,PME,81537680100016,O,2025-12-06T07:48:36,Rennes
141,830610424,URBAN SOCCER EVOLUTION,5710,9311Z,ETI,83061042400012,O,2026-07-03T21:30:36,Rennes
142,833670342,HD8,5499,4771Z,PME,83367034200033,O,2026-06-03T16:34:32,Rennes
143,851592154,ESDAC HOLDING,5710,8559A,ETI,85159215400211,O,2026-07-28T20:31:15,Rennes
144,947986048,GODOT MARSEILLE,5710,6612Z,PME,94798604800017,O,2026-05-07T13:06:55,Rennes
145,397908435,LINDE HOMECARE FRANCE,5710,7729Z,ETI,39790843500662,O,2026-08-04T09:33:19.746,Rennes
146,306896374,ETANDEX,5710,4399A,ETI,30689637400320,O,2026-07-01T13:46:45,Rennes
147,332855691,T & C RETAIL,5710,4771Z,PME,33285569100421,O,2026-03-27T15:46:31,Rennes
148,395056310,ADEMI PESAGE,5710,3312Z,PME,39505631000299,O,2025-12-06T05:43:28,Rennes
149,423349125,ECOLE DE CONDE,5710,8542Z,ETI,42334912500033,O,2025-12-06T07:30:00,Rennes
150,977552645,LEO,5710,7120B,PME,97755264500011,O,2025-12-06T06:05:38,Rennes
151,904824497,INSTITUT SUPERIEUR DE FORMATION ET DE PREPARATION-ISFP,5710,8542Z,PME,90482449700013,O,2026-07-27T13:16:01,Rennes
152,391829462,ESPRIT DE CORP FRANCE,5710,4642Z,PME,39182946200723,O,2025-12-06T05:19:59,Grenoble
153,325092328,AMETRA,5710,7112B,ETI,32509232800286,O,2025-12-06T05:48:33,Grenoble
154,803013283,JMSA,5710,9601B,PME,80301328300053,O,2025-12-06T10:04:25,Grenoble
155,703680223,GINEYS SAS,5710,4639A,ETI,70368022300087,O,2025-12-06T05:25:22,Grenoble
156,562018002,GAUMONT,5599,5911C,ETI,56201800200013,O,2026-07-01T13:46:47,Grenoble
157,404208035,ALTECA,5599,6201Z,ETI,40420803500356,O,2025-12-06T08:25:37,Grenoble
158,954508693,GUYOT,5710,4634Z,PME,95450869300049,O,2026-06-03T11:05:14,Grenoble
159,968504936,ALMET,5710,4672Z,ETI,96850493600590,O,2025-12-06T10:45:02,Grenoble
160,980997233,FITLAIN,5710,4520A,ETI,98099723300013,O,2025-12-06T06:28:25,Grenoble
161,900654229,AUTOBERNARD ELECTRIC MOTORS,5710,4511Z,ETI,90065422900013,O,2026-07-28T13:16:26,Grenoble
162,841477250,MINGAT JEAN-JACQUES,5710,7711A,PME,84147725000010,O,2025-12-06T05:25:15,Grenoble
163,842679409,FRANCE FITNESS,5499,9313Z,PME,84267940900024,O,2025-12-06T10:07:27,Grenoble
164,919426304,SWEETLY,5710,5510Z,ETI,91942630400045,O,2026-07-28T13:15:12,Grenoble
165,904235918,GAIA,5499,6820A,PME,90423591800011,O,2025-12-06T07:34:54,Grenoble
166,908515703,ARTELIA ADVISORY,5710,7022Z,ETI,90851570300019,O,2026-05-07T14:26:37,Grenoble
167,307558601,GROUPE FRANCE TERRE,5599,7010Z,PME,30755860100257,O,2025-12-06T07:13:59,Grenoble
168,054803622,CORDERIE DOR,5710,4669B,PME,05480362200163,O,2025-12-06T05:43:58,Grenoble
169,329846802,COMPAGNIE SEVRES TISSUS-CST,5599,4753Z,PME,32984680200034,O,2025-12-06T05:41:45,Rouen
170,437705080,IMMO DE FRANCE NORMANDIE,5599,6832A,PME,43770508000103,O,2026-07-09T16:00:43,Rouen
171,340753292,SYNLAB NORMANDIE,5485,8690B,ETI,34075329200069,O,2025-12-06T06:09:19,Rouen
172,334782059,TCGO,5710,9511Z,ETI,33478205900227,O,2025-12-06T09:14:17,Rouen
173,392657656,ECOSYS,5710,3821Z,PME,39265765600238,O,2025-12-06T10:41:42,Rouen
174,381818558,LHOTELLIER TRAVAUX PUBLICS,5710,4211Z,ETI,38181855800029,O,2026-03-05T13:00:39,Rouen
175,793435959,DG INVENTAIRES & CO,5710,8211Z,PME,79343595900028,O,2025-12-06T05:14:10,Rouen
176,799267703,FABB,5710,4777Z,PME,79926770300061,O,2025-12-06T05:25:14,Rouen
177,642044366,UPCOOP,5558,6619B,ETI,64204436600242,O,2026-07-21T11:33:23,Rouen
178,438068116,ESSOR INGENIERIE,5710,7112B,ETI,43806811600054,O,2026-07-01T15:31:45,Rouen
179,508436110,PALMA FRANCE,5710,7820Z,ETI,50843611000029,O,2026-02-25T16:31:52,Rouen
180,979262045,LEVEL HOP,5710,8559A,PME,97926204500011,O,2026-07-29T20:50:59,Rouen
181,823240940,LCS MYSINISTRE,5710,7112B,ETI,82324094000010,O,2026-05-05T11:31:44,Rouen
182,824501464,PARIS NORMANDIE,5710,5813Z,ETI,82450146400153,O,2025-12-06T05:18:43,Rouen
183,869800623,EXPERTISE & CONCEPT NORD-OUEST,5710,6621Z,ETI,86980062300041,O,2025-12-06T09:27:49,Rouen
184,324824028,BOUTIQUE DE LA SOCIETE ANONYME ARCHE,5499,4772A,PME,32482402800215,O,2026-03-23T17:31:39,Dijon
185,802917021,BLC-CONSEIL,5710,6202A,PME,80291702100031,O,2025-12-06T05:40:34,Dijon
186,799785381,DEXX DRIVE,5710,4622Z,PME,79978538100010,O,2025-12-06T05:56:27,Dijon
187,722010832,REBAL,5499,6820B,PME,72201083200060,O,2025-12-06T05:38:19,Dijon
188,539842757,ARTZ,5499,7312Z,PME,53984275700012,O,2025-12-06T05:37:49,Dijon
189,652050832,NATALYS,5710,4771Z,ETI,65205083202488,O,2026-02-09T18:32:04,Dijon
190,778212472,SOCIETE D'AMENAGEMENT FONCIER ET D'ETABLISSEMENT RURAL BOURGOGNE FRANCHE-COMTE,5599,4299Z,PME,77821247200022,O,2025-12-06T07:07:25,Dijon
191,572093243,PPG AC-FRANCE,5599,2030Z,ETI,57209324301604,O,2025-12-06T05:16:30,Dijon
192,812572253,LES EDITIONS DU SOLEIL,5499,5814Z,PME,81257225300019,O,2025-12-06T05:41:18,Dijon
193,953446168,VESTA,5710,3312Z,PME,95344616800122,O,2026-07-07T09:52:18,Dijon
194,775670466,AREAS DOMMAGES,6411,6512Z,ETI,77567046600017,O,2025-12-06T05:37:48,Dijon
195,828206839,SAS ELYADE FINANCE 2,5202,3511Z,PME,82820683900122,O,2025-12-06T05:12:33,Dijon
196,841939663,UNICIA,5710,4322A,ETI,84193966300016,O,2025-12-06T05:11:21,Dijon
197,522524610,ATOUT SERVICES,5499,4332B,PME,52252461000097,O,2025-12-06T09:40:22,Angers
198,750472706,FLOG,5710,4778A,PME,75047270600019,O,2025-12-06T06:17:28,Angers
199,750730079,ADWORK'S 4,5710,7820Z,ETI,75073007900118,O,2025-12-06T05:14:23,Angers
200,790314603,KERGREEN 5,5202,3511Z,PME,79031460300289,O,2025-12-06T06:18:09,Angers
201,802949834,L ET L RETAIL FRANCE,5499,4771Z,PME,80294983400013,O,2025-12-06T06:17:36,Angers
202,803462159,CABINET LE GUEN MAILLET,5485,7022Z,PME,80346215900085,O,2025-12-06T05:21:55,Angers
203,803908011,H.P. TOURISME,5499,7911Z,PME,80390801100072,O,2025-12-06T05:43:45,Angers
204,795158385,DAFI,5499,4778C,PME,79515838500034,O,2026-07-20T13:10:10,Angers
205,791866114,ODYBAI,5499,4775Z,PME,79186611400014,O,2025-12-06T11:05:50,Angers
206,542042114,LE LIVRE DE PARIS,5202,5811Z,PME,54204211403772,O,2025-12-06T11:15:29,Angers
207,480178821,ISOFLEX,5710,4669B,PME,48017882100066,O,2026-03-06T13:31:55,Angers
208,815249198,MERCIALYS EXPLOITATION,5710,6832A,ETI,81524919800020,O,2026-06-03T11:05:15,Angers
209,914684493,BASTIDE DIABETE,5710,4774Z,ETI,91468449300010,O,2026-08-20T17:31:39.322,Nimes
210,316944784,RAYONOR,5710,4669C,ETI,31694478400099,O,2026-08-11T12:30:43.934,Nimes
211,791823628,PROVENCE ECO ENERGIE FI 7,5499,3511Z,ETI,79182362800098,O,2026-08-06T16:00:25.566,Nimes
212,315817965,ERIC MEY TRANSACTION IMMOBILIERE,5499,6810Z,PME,31581796500017,O,2025-12-06T09:22:55,Nimes
213,331631739,BOUSCAREN,5499,8553Z,ETI,33163173900017,O,2025-12-06T05:59:35,Nimes
214,302117841,CALVET,5710,2830Z,ETI,30211784100064,O,2025-12-06T05:16:06,Nimes
215,319404687,AXEL SUD,5710,4312A,ETI,31940468700091,O,2026-01-09T17:06:16,Nimes
216,379805120,PYRENEENNE D'AMEUBLEMENT,5202,4799A,PME,37980512000126,O,2025-12-06T06:22:24,Nimes
217,948396841,SPV VLT'ENR 1,5710,3511Z,PME,94839684100124,O,2025-12-06T08:29:18,Nimes
218,424264281,MEILLEURTAUX,5710,6612Z,ETI,42426428100678,O,2026-07-09T20:31:57,Clermont-Ferrand
219,790129514,CHARLES BUSINESS,5710,5610C,PME,79012951400010,O,2025-12-06T05:10:50,Clermont-Ferrand
220,505132225,THOMAS VATEL NETTOYAGE,5499,8121Z,PME,50513222500036,O,2025-12-06T05:24:13,Clermont-Ferrand
221,517647939,CAP ENERGIE,5499,3511Z,PME,51764793900019,O,2025-12-06T06:22:24,Clermont-Ferrand
222,751681586,IRISOLARIS CONSTRUCTION,5710,4618Z,ETI,75168158600044,O,2026-05-22T10:56:29,Clermont-Ferrand
223,899702013,SOCOTEC AMENAGEMENT BIODIVERSITE,5710,7112B,PME,89970201300017,O,2026-05-29T12:31:38,Clermont-Ferrand
224,903636041,COM AIR,5710,9312Z,PME,90363604100019,O,2025-12-22T13:14:59,Clermont-Ferrand
225,840102180,AUBERT ASSISTANCE,5499,4322A,PME,84010218000030,O,2025-12-06T06:13:11,Clermont-Ferrand
226,694500315,SAIMLEASE,5599,4669B,PME,69450031500098,O,2026-07-27T13:26:28,Clermont-Ferrand
227,890812522,ARTI'PROS AURA,5710,6820B,PME,89081252200013,O,2025-12-06T05:21:56,Clermont-Ferrand
228,898097506,TRANSPORTS DES VOLCANS D'AUVERGNE,5710,8690A,PME,89809750600114,O,2025-12-11T13:30:28,Clermont-Ferrand
229,301940011,FUJITSU TECHNOLOGY SOLUTIONS,5710,6202A,ETI,30194001100846,O,2025-12-06T07:30:47,Clermont-Ferrand
230,311842967,EVOCIME FORMATIONS COMPORTEMENTALES,5710,7022Z,PME,31184296700318,O,2026-06-02T17:32:08,Tours
231,312574346,SAUNIER DUVAL EAU CHAUDE CHAUFFAGE,5710,4674B,ETI,31257434600549,O,2025-12-06T11:12:58,Tours
232,511838302,JDG WORLD,5710,4777Z,PME,51183830200020,O,2025-12-06T09:56:05,Tours
233,453162398,RODIER,5710,4771Z,PME,45316239800011,O,2025-12-06T05:57:04,Tours
234,450327374,CHUBB EUROPEAN GROUP SE,5800,6512Z,ETI,45032737400176,O,2025-12-06T10:57:10,Tours
235,491537999,SOCCER 5 FRANCE,5710,9311Z,ETI,49153799900071,O,2026-06-04T13:13:05,Tours
236,398473470,NORSYS SAS,5710,6202A,ETI,39847347000043,O,2025-12-06T05:14:34,Tours
237,393865993,ALLIANS,5710,2593Z,ETI,39386599300124,O,2025-12-06T10:03:54,Tours
238,394185045,A.J.P,5710,4771Z,PME,39418504500116,O,2025-12-06T05:23:28,Tours
239,382794865,LACHETEAU,5710,1102B,ETI,38279486500040,O,2026-07-23T13:11:51,Tours
240,383744059,SULZER POMPES FRANCE,5710,2813Z,ETI,38374405900106,O,2025-12-06T10:01:52,Tours
241,431454263,VDCOM,5710,6120Z,PME,43145426300010,O,2026-05-06T13:11:27,Tours
242,411692940,G4L,5710,9602A,PME,41169294000074,O,2025-12-06T10:39:11,Tours
243,418268165,RCM RENT,5710,7712Z,ETI,41826816500010,O,2025-12-06T08:20:54,Tours
244,413060492,AXO,5710,4669C,PME,41306049200092,O,2026-02-03T13:09:38,Tours
245,377847611,PASQUET DIFFUSION,5710,4673A,ETI,37784761100011,O,2026-03-11T11:00:50,Tours
246,341012532,EFISIO,5710,4771Z,PME,34101253200147,O,2026-02-06T13:17:11,Tours
247,352497457,ACTIFORCES,5710,7022Z,ETI,35249745700114,O,2026-06-29T13:10:40,Tours
248,329969786,LA CROISSANTERIE EST,5202,5610C,ETI,32996978600121,O,2026-06-08T13:14:39,Metz
249,379866247,CABINET LAURENT,5499,6619B,ETI,37986624700024,O,2026-05-22T14:30:56,Metz
250,801599010,SAINTE CLAIRE VOYAGES IDF CENTRE,5710,7911Z,PME,80159901000015,O,2025-12-06T06:04:59,Metz
251,383579687,SAS ZINGRAFF,5710,9602A,PME,38357968700138,O,2025-12-06T10:00:43,Metz
252,379406911,THEOBALD AUTOMOBILES,5710,4511Z,ETI,37940691100014,O,2025-12-06T05:15:33,Metz
253,394927081,ATELIER PLOMBERIE DE CHARONNE,5710,4322A,PME,39492708100114,O,2025-12-06T09:06:57,Metz
254,398020131,CIREME,5710,4399B,PME,39802013100049,O,2025-12-06T07:50:52,Metz
255,332223551,COMPAGNIE DE TUYAUTERIE ET MECANIQUE REUNIES COTUMER,5710,3320A,PME,33222355100141,O,2025-12-06T05:22:42,Metz
256,326964848,ROBERT CHARTIER APPLICATION,5699,4213A,PME,32696484800153,O,2025-12-06T05:43:44,Metz
257,351906169,INTERNATIONAL TELECOMM AND SERVICES,5710,4673A,ETI,35190616900039,O,2026-05-12T14:11:59,Metz
258,432549087,INSTITUT FUNERAIRE OMNICULTE EL AMEN,5710,9603Z,PME,43254908700174,O,2025-12-06T05:41:31,Metz
259,448192419,FENSCH VOYAGES,5710,7911Z,PME,44819241900019,O,2025-12-06T06:23:06,Metz
260,350609863,LINA INNOCENTI SARL,5499,4771Z,PME,35060986300021,O,2025-12-06T07:04:00,Besancon
261,513967992,VERTEOLE,5710,2811Z,PME,51396799200043,O,2025-12-06T05:57:27,Besancon
262,452869357,VITALYN,5499,6202B,PME,45286935700056,O,2025-12-06T05:21:06,Besancon
263,441711843,SEMA FRANCE LOGICIELS DE CONSTRUCTIONS EN BOIS,5499,6202A,PME,44171184300017,O,2025-12-06T06:04:07,Besancon
264,444473375,SMCI EDITEUR IMMOBILIER,5710,4110A,PME,44447337500053,O,2025-12-06T07:10:19,Besancon
265,424111383,REDLINE AUTOMOBILES,5710,4511Z,ETI,42411138300065,O,2026-07-28T12:00:23,Besancon
266,321127789,MEGARAMA BEAUX-ARTS,5710,5914Z,ETI,32112778900063,O,2025-12-06T05:15:09,Besancon
267,542820030,J.R.AUTOMATION SAS,5710,2899B,ETI,54282003000105,O,2026-02-16T19:00:46,Besancon
268,343174660,CORHOFI,5710,7739Z,ETI,34317466000054,O,2025-12-06T05:41:45,Besancon
269,323048595,SAS PERRIN,5710,4120B,PME,32304859500108,O,2025-12-06T06:24:56,Besancon
270,323437038,TECHNIDIS,5710,2573B,PME,32343703800041,O,2025-12-06T10:02:00,Besancon
271,337709307,ESPACE PREMIUM,5710,4511Z,ETI,33770930700041,O,2025-12-06T05:16:17,Besancon
272,809496961,CTLOG INTERNATIONAL,5710,5210B,PME,80949696100024,O,2025-12-06T06:20:42,Orleans
273,795158294,B ET C FORMATION,5499,8559A,PME,79515829400079,O,2026-06-29T13:10:49,Orleans
274,628201956,CHASTAGNER LOCATION,5710,7732Z,PME,62820195600073,O,2026-01-29T14:31:52,Orleans
275,390351203,JESS LEA LAURYL,5499,4771Z,PME,39035120300141,O,2025-12-06T06:19:53,Orleans
276,582131264,LUMINESS,5710,6311Z,ETI,58213126400118,O,2025-12-06T05:25:46,Orleans
277,493875702,FENETRES ET FERMETURES DU CENTRE,5710,4332A,PME,49387570200067,O,2025-12-06T05:38:57,Orleans
278,824110613,SERMA TECHNOLOGIES,5710,7120B,ETI,82411061300018,O,2025-12-06T05:43:38,Orleans
279,824116099,CODIFRANCE,5710,4639B,ETI,82411609900014,O,2026-04-16T13:15:34,Orleans
280,848593976,O + M OPERATION + MAINTENANCE,5710,7112B,ETI,84859397600097,O,2025-12-06T05:38:13,Orleans
281,982715005,FLEXOL TOITURES D'ORLEANS,5710,3511Z,PME,98271500500020,O,2025-12-06T06:32:30,Orleans
282,435114129,GEOPLUSENVIRONNEMENT,5710,7112B,ETI,43511412900016,O,2026-08-25T12:31:32.427,Orleans
283,947842589,SPORTNOVA,5710,7022Z,PME,94784258900014,O,2026-08-24T18:00:42.355,Orleans
284,392612131,EBS LE RELAIS EURE ET LOIR,5558,8899B,PME,39261213100087,O,2026-08-05T13:27:04.315,Orleans
285,085780096,DM DEMENAGEMENTS,5499,4942Z,ETI,08578009600062,O,2026-07-21T15:19:06,Orleans
286,414816694,IONBOND FRANCE SAS,5710,2561Z,PME,41481669400023,O,2025-12-06T05:20:09,Mulhouse
287,415257377,TECHNOCHAPE,5499,4399D,PME,41525737700051,O,2025-12-06T06:22:16,Mulhouse
288,419943519,CARLY,5710,8553Z,PME,41994351900019,O,2025-12-06T05:20:37,Mulhouse
289,420008542,PHILEA TEXTILES,5710,1320Z,PME,42000854200045,O,2025-12-06T06:20:57,Mulhouse
290,424780336,ONLINEFORMAPRO,5599,8559A,PME,42478033600014,O,2026-03-26T18:36:28,Mulhouse
291,479959470,NATURE EN FLEURS,5499,4776Z,PME,47995947000010,O,2025-12-06T06:24:09,Mulhouse
292,484259544,BGA MOTORS,5710,4511Z,ETI,48425954400043,O,2026-07-07T13:09:25,Mulhouse
293,453174310,SAFAR EXPRESS,5499,5229B,PME,45317431000079,O,2025-12-06T06:55:37,Mulhouse
294,453316838,ODF,5710,8559A,PME,45331683800078,O,2026-02-20T13:11:47,Mulhouse
295,488623034,JSM HARDT,5710,5610A,PME,48862303400037,O,2025-12-06T06:06:19,Mulhouse
296,407841287,M.C.M.INTERIM,5499,7820Z,ETI,40784128700292,O,2025-12-06T05:21:25,Mulhouse
297,789177391,DIGITAL CLASSIFIEDS FRANCE,5710,6312Z,ETI,78917739100255,O,2025-12-06T10:53:49,Mulhouse
298,810942029,HIROSE,5710,1071C,PME,81094202900010,O,2025-12-06T05:17:24,Mulhouse
299,811097799,MUSA,5499,6820B,PME,81109779900019,O,2025-12-06T05:40:11,Mulhouse
300,391971108,MAISON BEHE,5499,5510Z,PME,39197110800017,O,2025-12-06T07:54:12,Mulhouse
301,511521478,ATYPIK,5499,4647Z,PME,51152147800038,O,2025-12-06T06:08:03,Mulhouse
302,512031428,COLYSEE VOYAGES,5499,7911Z,PME,51203142800018,O,2025-12-24T13:08:44,Mulhouse
303,510565930,CLR HOTELS,5710,6420Z,ETI,51056593000011,O,2026-02-09T13:16:49,Mulhouse
304,419905344,CINE DRIVE,5499,7729Z,PME,41990534400042,O,2025-12-06T06:05:57,Caen
305,349271429,AGLAE,5499,4771Z,PME,34927142900301,O,2025-12-06T08:08:45,Caen
306,378718761,DUPONT,5710,1071C,ETI,37871876100083,O,2025-12-06T06:45:59,Caen
307,323995357,ISB FRANCE,5710,1610A,ETI,32399535700023,O,2026-02-06T19:00:24,Caen
308,348274341,MAHE TREMEL LEBOURDAIS EXPERTISES,5710,6621Z,PME,34827434100166,O,2025-12-06T06:01:09,Caen
309,443783071,LENOIR HANDI CONCEPT,5499,2920Z,PME,44378307100030,O,2025-12-06T05:25:38,Caen
310,445211527,GIE DES LABORATOIRES,6220,7120B,PME,44521152700012,O,2025-12-06T05:41:02,Caen
311,340473941,HOME LOCATION SERVICES,5710,7732Z,ETI,34047394100110,O,2025-12-06T05:14:08,Caen
312,384577730,VIRIA,5710,4671Z,ETI,38457773000086,O,2025-12-06T05:13:42,Caen
313,389724881,AVENIR AUTO CONTROLE TECHNIQUE OBRINGER,5710,7120A,PME,38972488100013,O,2025-12-06T06:50:19,Caen
314,510107212,MARY AUTOMOBILES COMMERCES ET SERVICES,5710,4511Z,ETI,51010721200019,O,2025-12-06T05:18:51,Caen
315,530728906,CESR'PRO,5710,8553Z,PME,53072890600013,O,2025-12-06T06:00:55,Caen
316,801843152,HELVETIAN EYE CENTER FRANCE,5710,7022Z,PME,80184315200027,O,2026-05-28T13:17:57,Caen
317,791112493,"CHANCE-VARIN & ASSOCIES, NOTAIRES",5785,6910Z,PME,79111249300063,O,2025-12-06T06:11:20,Caen
318,695480244,CNH INDUSTRIAL FRANCE,5710,4661Z,ETI,69548024400620,O,2026-01-22T13:01:50,Caen
319,612039073,INTERFORUM,5710,4649Z,ETI,61203907300400,O,2026-02-12T12:01:41,Caen
320,479230773,ADS LORRAINE,5710,7729Z,PME,47923077300018,O,2025-12-06T06:56:47,Nancy
321,507514982,BONNIE DOON FRANCE SARL,5499,4771Z,PME,50751498200119,O,2025-12-06T10:56:42,Nancy
322,480898006,LORRAINE COIFFURE,5499,9602A,PME,48089800600105,O,2026-05-19T14:57:59,Nancy
323,420309627,FORMA SANTE,5710,8559A,PME,42030962700115,O,2025-12-06T05:38:11,Nancy
324,423893296,VENATHEC,5710,7112B,PME,42389329600313,O,2025-12-06T05:21:45,Nancy
325,397624545,COMPAGNIE INTERNATIONALE DE MAINTENANCE ET D ASSISTANCE TECHNIQUE SARTEC,5710,3312Z,ETI,39762454500109,O,2025-12-06T05:33:04,Nancy
326,403427776,GL EVENTS LIVE REGIONS,5710,8230Z,ETI,40342777600105,O,2026-02-25T13:10:09,Nancy
327,308365097,RHENUS FREIGHT LOGISTICS,5710,5229B,ETI,30836509700234,O,2025-12-06T10:51:58,Nancy
328,382974830,DIVA,5499,4771Z,PME,38297483000061,O,2025-12-06T06:17:51,Nancy
329,440245314,ABO-ERG ENVIRONNEMENT,5710,7112B,ETI,44024531400016,O,2026-02-18T09:32:00,Nancy
330,440067239,BS,5710,4120A,ETI,44006723900093,O,2025-12-06T05:11:19,Nancy
331,377956636,SERGIC ENTREPRISES,5710,6832A,ETI,37795663600023,O,2026-01-22T13:31:43,Nancy
332,450201769,SCHEIDT ET BACHMANN FRANCE,5710,3320C,PME,45020176900087,O,2025-12-06T10:56:34,Nancy
333,339623860,ROEDERER,5710,6622Z,ETI,33962386000055,O,2026-02-09T16:01:05,Nancy
334,391498565,GEZIM INTERIM,5710,7820Z,ETI,39149856500111,O,2025-12-06T05:14:34,Nancy
335,523398832,SCHREIBER-RELIUS,5710,4673B,PME,52339883200049,O,2025-12-06T10:32:24,Nancy
336,482668936,PICTAVENTURE,5710,7911Z,PME,48266893600081,O,2025-12-06T06:25:59,Poitiers
337,326180312,SAS TARTARIN,5710,2361Z,PME,32618031200018,O,2025-12-06T10:03:38,Poitiers
338,321194573,KIRPA,5499,4771Z,PME,32119457300028,O,2025-12-06T07:38:36,Poitiers
339,338028418,LES COMPAGNONS DE SAINT JACQUES,5710,4399C,ETI,33802841800055,O,2026-07-01T13:46:45,Poitiers
340,383787587,LIBRAIRIE LAIQUE,5710,4762Z,PME,38378758700112,O,2025-12-22T15:47:03,Poitiers
341,351672472,EDICLIP,5710,4761Z,ETI,35167247200021,O,2025-12-06T05:16:51,Poitiers
342,399899806,ASMODEE GROUP,5710,5819Z,ETI,39989980600067,O,2025-12-06T05:43:44,Poitiers
343,408560159,SARL MEUBLES DEBIAIS CONFOLENS,5499,4759A,PME,40856015900019,O,2025-12-06T06:21:51,Poitiers
344,339209942,COOP AGRICOLE DES PRODUCTEURS DE VIANDE,6317,4623Z,PME,33920994200012,O,2025-12-06T05:25:21,Poitiers
345,306894361,SARL CENTRE OUEST TOURISME,5710,7911Z,PME,30689436100014,O,2025-12-06T07:55:22,Poitiers
346,438985889,ATELIER REC,5499,7111Z,PME,43898588900031,O,2026-07-10T10:17:27,Poitiers
347,434060794,LORTHOLARY BETAIL,5710,4623Z,PME,43406079400022,O,2025-12-06T05:14:09,Poitiers
348,421786849,LE COMPTOIR DE LA PISCINE ET ARROSAGE,5710,4752B,PME,42178684900016,O,2025-12-06T05:14:58,Poitiers
349,528839137,NEGOCIAL FINANCE,5710,6492Z,PME,52883913700262,O,2025-12-06T05:20:29,Annecy
350,513488395,NEOPTIM CONSULTING,5710,7022Z,PME,51348839500080,O,2025-12-09T13:13:25,Annecy
351,518633169,GROUPE 7 I D,5710,7112B,PME,51863316900074,O,2025-12-06T05:38:49,Annecy
352,520391525,EPO,5710,4762Z,PME,52039152500026,O,2026-03-04T10:00:22,Annecy
353,529169831,ARAVIS INTERNATIONAL,5499,6831Z,PME,52916983100029,O,2025-12-17T13:29:10,Annecy
354,529174757,NOS PETITS POUCES - RHONE-ALPES,5499,8891A,PME,52917475700037,O,2025-12-06T05:12:47,Annecy
355,524726817,BRASSART RHONE ALPES,5710,8542Z,ETI,52472681700082,O,2026-05-27T10:26:50,Annecy
356,747220358,SCAVI,5499,3700Z,PME,74722035800069,O,2025-12-06T05:43:37,Annecy
357,789370152,LE COLLECTIONIST,5710,7911Z,PME,78937015200074,O,2026-01-13T13:10:09,Annecy
358,802471045,AURELIEN REYDELLET DIAG EXPERT,5710,7120B,PME,80247104500038,O,2025-12-06T06:13:10,Annecy
359,797280443,ESLC ALPES,5710,4941B,ETI,79728044300079,O,2026-07-20T14:00:50,Annecy
360,808737548,CDS AUDIT ET CONSEIL,5710,6920Z,PME,80873754800012,O,2026-05-05T13:16:52,Annecy
361,802951590,ECOLE FRANCAISE DE DECOR,5710,8559A,PME,80295159000081,O,2025-12-06T05:38:35,Annecy
362,493529648,LES AILES POURPRES,5710,4778C,PME,49352964800021,O,2026-07-27T13:22:05,Paris
363,921512562,SYS III,5710,3511Z,PME,92151256200213,O,2025-12-06T06:59:12,Paris
364,899687693,SUNANGLE 4,5710,3511Z,ETI,89968769300304,O,2025-12-06T06:23:47,Paris
365,440303550,PLG,5710,4644Z,ETI,44030355000154,O,2026-08-13T13:06:36.037,Paris
366,308449024,VIVARTE,5710,7010Z,PME,30844902416143,O,2025-12-06T05:44:05,Paris
367,982210098,SOLYS 1,5710,3511Z,PME,98221009800355,O,2026-07-07T15:33:16,Paris
368,383485018,DISTRI CASH ACCESSOIRES,5710,4531Z,ETI,38348501800147,O,2026-03-20T12:01:24,Paris
369,399903897,M.G.E.L. LOGEMENT,5710,5590Z,PME,39990389700151,O,2026-02-13T11:34:10,Paris
370,323328153,GROUPEMENT PROPRIETES CAISSE DEPOTS CNP,6599,8299Z,PME,32332815300479,O,2025-12-06T06:26:52,Paris
371,444553465,LACOSTE,5710,4649Z,ETI,44455346500014,O,2026-06-12T14:09:46,Paris
372,344335369,D 2 D,5710,4753Z,PME,34433536900106,O,2026-07-08T10:48:05,Lyon
373,408609980,ELEA CORP,5710,4775Z,ETI,40860998000326,O,2025-12-06T05:43:44,Lyon
374,410441307,AQUADIS,5710,5530Z,PME,41044130700452,O,2026-03-05T10:57:05,Lyon
375,389337718,COMPAGNIE GENERALE DE MAINTENANCE IMMOBILIERE,5710,4322A,ETI,38933771800065,O,2025-12-06T05:22:03,Lyon
376,342706421,ASSOCIATION AUTONOME DE CAMIONNAGE GLOBE EXPRESS,5710,5229A,ETI,34270642100217,O,2025-12-06T09:27:12,Lyon
377,450246517,RANGER,5710,4799A,ETI,45024651700772,O,2026-06-24T15:31:43,Lyon
378,562087346,BONNA SABLA,5710,2361Z,ETI,56208734600986,O,2026-01-09T15:01:14,Lyon
379,418037768,BOFROST*FRANCE,5710,4791A,ETI,41803776800219,O,2025-12-12T13:00:28,Lyon
380,414599589,DEDALUS HEALTHCARE FRANCE,5599,6202B,ETI,41459958900028,O,2025-12-06T05:15:22,Lyon
381,415053412,DR MARTENS AIRWAIR FRANCE,5710,4642Z,PME,41505341200268,O,2025-12-06T05:15:56,Lyon
382,419616255,COFIDOC,5710,6311Z,PME,41961625500271,O,2026-02-24T14:01:01,Lyon
383,805420205,ETABLISSEMENT LORILLARD,5710,4332A,ETI,80542020500249,O,2026-07-30T12:31:50,Lyon
384,395175284,INTERNATIONAL CURRENCY EXCHANGE FRANCE,5710,6619B,PME,39517528400318,O,2025-12-06T07:50:52,Marseille
385,524954302,CAP SOLAR MEDITERRANEE,5710,3511Z,PME,52495430200559,O,2026-02-23T16:00:15,Marseille
386,538419748,VALPHOTON,5499,3511Z,PME,53841974800669,O,2026-06-25T11:01:05,Marseille
387,422636472,VILLAGES CLUBS DU SOLEIL,5699,5520Z,ETI,42263647200280,O,2025-12-06T06:20:01,Marseille
388,789136314,THE KASE,5710,4742Z,PME,78913631400182,O,2025-12-06T10:17:30,Marseille
389,495314742,WEBDEALAUTO.COM,5499,4532Z,PME,49531474200265,O,2025-12-06T06:20:25,Marseille
390,523144905,KSIL PLAN D'ORGON,5202,3511Z,ETI,52314490500206,O,2025-12-06T06:22:25,Marseille
391,800820391,NURSEA,5499,8891A,PME,80082039100079,O,2025-12-06T05:46:06,Marseille
392,878142959,CENTRALE SOLAIRE TQ 1,5710,3511Z,PME,87814295900013,O,2025-12-06T06:57:04,Toulouse
393,823330238,FIL@COM SERVICES,5710,8220Z,ETI,82333023800010,O,2025-12-06T05:59:15,Toulouse
394,820829372,VINIRE,5710,7112B,PME,82082937200318,O,2026-01-08T05:08:26,Toulouse
395,751222035,AFD21,5499,3511Z,ETI,75122203500287,O,2026-08-25T12:33:43.294,Toulouse
396,439752817,ASTEK FRANCE,5710,6202A,ETI,43975281700304,O,2026-08-21T20:31:15.931,Toulouse
397,910756436,CACHEMIRE ROYALE,5499,4771Z,PME,91075643600218,O,2026-08-20T16:30:57.910,Toulouse
398,879987170,PIERREVAL INGENIERIE,5499,4110C,ETI,87998717000013,O,2026-08-11T15:37:16.957,Toulouse
399,408254472,GESTETUD,5499,5590Z,PME,40825447200082,O,2026-08-10T10:00:37.878,Toulouse
400,399024652,RECORD PORTES AUTOMATIQUES,5710,2512Z,ETI,39902465200022,O,2026-08-06T09:09:29.039,Toulouse
401,788458776,SOLVALOR,5710,3822Z,ETI,78845877600010,O,2026-08-06T09:09:23.726,Toulouse
402,300425907,SOCIETE DE DISTRIBUTION CENTRALE,5499,4772A,PME,30042590700270,O,2026-06-30T15:31:48,Toulouse
403,824296990,IDK DEV 3,5710,4771Z,ETI,82429699000016,O,2026-06-03T15:31:56,Toulouse
404,901144428,QUALITAIR & SEA DIMOTRANS GROUP,5710,5229B,ETI,90114442800025,O,2026-07-03T13:32:56,Toulouse
405,478746605,ERYMA SERVICES,5710,9511Z,PME,47874660500011,O,2025-12-06T10:50:09,Toulouse
406,484644943,FRANCE NOUNOUS,5710,8891A,ETI,48464494300355,O,2025-12-06T05:12:30,Toulouse
407,342418993,HYDROKIT,5710,2812Z,ETI,34241899300016,O,2026-05-27T17:31:28,Toulouse
408,382428779,JULIE GUERLANDE,5599,4771Z,PME,38242877900682,O,2025-12-06T10:04:55,Toulouse
409,403815558,L UNIVERS DE L EMBALLAGE,5710,4676Z,ETI,40381555800024,O,2025-12-06T05:17:43,Toulouse
410,342174018,GEOFIT,5785,7112A,ETI,34217401800354,O,2026-02-09T13:10:31,Lille
411,378566533,UNOFI PATRIMOINE,5599,6622Z,ETI,37856653300469,O,2025-12-06T10:03:16,Lille
412,350422622,CEGEDIM,5599,6311Z,ETI,35042262200166,O,2026-07-01T13:46:45,Lille
413,444649537,EDEIS INGENIERIE,5710,7112B,ETI,44464953700131,O,2026-06-22T16:00:29,Lille
414,441780376,UNILABS BIOLOGIE HAUTS DE FRANCE,5785,8690B,ETI,44178037600212,O,2026-06-25T12:31:41,Lille
415,534224670,AUXILIADOM,5710,8810A,PME,53422467000164,O,2026-03-24T15:31:08,Lille
416,804550440,KERGREEN 7,5499,3511Z,ETI,80455044001070,O,2026-04-17T13:32:05,Lille
417,803700251,ASSAINITEC,5710,3700Z,PME,80370025100223,O,2025-12-06T06:37:10,Lille
418,800034357,PAUSE V.I.PEE,5710,9609Z,PME,80003435700023,O,2026-07-28T13:21:10,Lille
419,718206998,LOXXIA BAIL,5599,6492Z,PME,71820699800418,O,2025-12-06T07:50:45,Lille
420,955803929,MATHEZ TRANSPORTS INTERNATIONAUX,5599,5229B,PME,95580392900194,O,2026-03-25T17:06:20,Lille
421,832293153,UNAIDE,5710,8810A,PME,83229315300025,O,2026-02-10T13:06:30,Lille
422,811634047,GATA,5710,9601B,PME,81163404700039,O,2026-07-27T20:31:14,Bordeaux
423,821917671,ACCEDONS,5499,4619B,PME,82191767100181,O,2025-12-06T05:20:48,Bordeaux
424,812938934,ELYADE FINANCE,5202,3511Z,PME,81293893400336,O,2025-12-06T05:12:48,Bordeaux
425,415235514,PROMOTION PICHET,5710,6831Z,ETI,41523551400023,O,2026-02-03T11:01:35,Nantes
426,420278723,COIFF & CO SALONS,5710,9602A,ETI,42027872300028,O,2026-02-12T13:13:39,Nantes
427,404865107,AM GROUP,5710,6621Z,ETI,40486510700357,O,2026-03-24T13:12:15,Nantes
428,489579342,ECOLE SUPERIEURE DE CONDUITE DE TRAVAUX,5710,8559A,ETI,48957934200044,O,2026-07-24T13:12:59,Nantes
429,803057900,CASTEL TERRA,5499,5610A,PME,80305790000174,O,2026-02-25T11:00:49,Nantes
430,503444325,LP SERVICES,5710,5590Z,ETI,50344432500131,O,2025-12-06T06:38:31,Nantes
431,518742168,VECTURA ENR,5499,3511Z,ETI,51874216800017,O,2026-05-07T18:32:11,Nantes
432,527952162,LARICIO ENERGIES,5499,3511Z,PME,52795216200172,O,2025-12-06T05:52:30,Nantes
433,493597553,SOLUMAT DU PAYS D'AURAY,5710,4673A,PME,49359755300186,O,2025-12-06T10:30:19,Nantes
434,538931759,COLOCATERE,5499,6820B,ETI,53893175900343,O,2026-07-31T13:07:54,Nantes
435,450726138,SAFE,5710,5229B,ETI,45072613800107,O,2026-05-08T13:08:04,Nantes
436,802464578,TIGER STORES FRANCE 4,5710,4759B,PME,80246457800250,O,2026-07-30T19:49:59,Nantes
437,866800527,DECOR OUEST DISTRIBUTION,5710,4673B,PME,86680052700057,O,2025-12-06T05:13:14,Nantes
438,840724306,COTE CLOTURE,5710,4690Z,ETI,84072430600013,O,2026-07-22T13:10:20,Nantes
439,879574887,DISTREN,5710,3511Z,PME,87957488700433,O,2025-12-06T06:19:38,Nantes
440,892123860,ELDL 1,5710,3511Z,PME,89212386000504,O,2026-02-27T15:31:33,Nantes
441,823712294,LINKLUSION,5499,8299Z,PME,82371229400011,O,2025-12-06T05:16:42,Nantes
442,820437077,BOSCHAT LAVEIX,5710,4674A,ETI,82043707700176,O,2025-12-06T05:25:14,Nantes
443,824491005,MER & GOLF APPART-HOTEL,5710,5520Z,PME,82449100500016,O,2025-12-06T05:14:47,Nantes
444,652031857,HEWLETT-PACKARD FRANCE,5710,4651Z,ETI,65203185701473,O,2025-12-06T05:26:19,Nantes
445,802464453,TIGER STORES FRANCE 2,5710,4759B,PME,80246445300249,O,2026-02-05T15:01:26,Strasbourg
446,802646695,PERMIGO,5710,8553Z,PME,80264669500105,O,2025-12-06T05:38:35,Strasbourg
447,849866355,ROADSURFER FRANCE,5499,7712Z,PME,84986635500019,O,2025-12-06T06:29:55,Strasbourg
448,892556168,NOUVEAU SOUFFLE,5710,4778C,PME,89255616800011,O,2026-07-29T11:11:51,Strasbourg
449,814973384,CK ENERGIE,5710,4322B,PME,81497338400146,O,2026-03-05T14:07:31,Strasbourg
450,662820299,V F CONFORT,5710,4674B,PME,66282029900292,O,2025-12-06T05:14:35,Strasbourg
451,533623286,EMISYS,5710,7112B,ETI,53362328600168,O,2026-08-21T14:30:43.593,Strasbourg
452,978772036,MINIDO,5710,8891A,PME,97877203600072,O,2026-08-21T13:08:27.243,Strasbourg
453,815109467,LINKT,5710,6202A,ETI,81510946700150,O,2026-08-19T15:56:34.020,Strasbourg
454,850183062,WATERDROP FRANCE SAS,5710,4711B,PME,85018306200205,O,2026-08-13T20:31:09.500,Strasbourg
455,833951304,PROTECTIM SECURITY GROUP,5710,8010Z,ETI,83395130400157,O,2026-08-10T10:33:03.778,Strasbourg
456,415050681,CHEOPS TECHNOLOGY FRANCE,5599,6311Z,ETI,41505068100238,O,2026-08-06T09:09:26.159,Strasbourg
457,338606288,SPORT INTERNATIONAL DISTRIBUTION,5710,4771Z,PME,33860628800466,O,2025-12-06T06:51:29,Montpellier
458,793725151,INSTITUT DES METIERS DE LA FILIERE ANIMALE,5710,8559B,PME,79372515100047,O,2025-12-06T05:40:34,Montpellier
459,434410890,DERET TRANSPORTEUR,5710,4941A,ETI,43441089000439,O,2026-02-05T05:14:58,Montpellier
460,534008875,P.B.S,5710,9200Z,ETI,53400887500286,O,2026-06-01T13:11:59,Montpellier
461,513216705,COURS GALIEN,5710,8541Z,PME,51321670500311,O,2026-04-01T11:32:09,Montpellier
462,513504498,GROUPE J L V,5710,6831Z,PME,51350449800264,O,2026-05-28T12:31:15,Montpellier
463,622052603,RENTOKIL INITIAL,5710,8129A,ETI,62205260300702,O,2025-12-06T06:17:12,Montpellier
464,479075970,AFNOR DEVELOPPEMENT,5710,6430Z,ETI,47907597000018,O,2026-01-21T10:00:58,Montpellier
465,452375421,ABIOXIR,5499,8129A,PME,45237542100214,O,2026-04-24T15:27:29,Montpellier
466,488704396,V2V MATERIELS ET SERVICES TRAVAUX PUBLICS,5710,4663Z,ETI,48870439600081,O,2026-04-06T13:08:56,Montpellier
467,812177210,FOX TEN LOGISTIQUE,5710,5229B,PME,81217721000018,O,2026-06-12T13:35:51,Montpellier
468,789485869,NEWREST WAGONS-LITS FRANCE,5710,5610A,ETI,78948586900091,O,2025-12-06T05:23:38,Montpellier
469,492735741,GOLD NORD,5499,4778C,PME,49273574100190,O,2026-04-24T13:14:06,Montpellier
470,833356728,TEAM MILOU,5710,7500Z,PME,83335672800018,O,2025-12-06T05:20:48,Montpellier
471,851173724,YOUBEE 34,5710,8891A,PME,85117372400010,O,2025-12-06T06:18:41,Montpellier
472,881657316,AURA,5710,7820Z,ETI,88165731600314,O,2026-04-13T09:30:49,Montpellier
473,908157118,EFI NRJ,5710,7120B,PME,90815711800013,O,2025-12-06T06:05:00,Montpellier
474,919080408,NOVENGO 8,5710,7022Z,ETI,91908040800017,O,2026-05-12T10:00:59,Montpellier
475,305756611,MARIONNAUD ESPACES,5710,4645Z,ETI,30575661100482,O,2026-08-21T13:33:28.945,Montpellier
476,314139635,SOCIETE D'ECONOMIE MIXTE D'EQUIPEMENT POUR LE DEVELOPPEMENT DE LA LOZERE,5515,6820B,PME,31413963500069,O,2026-08-18T12:00:29.916,Montpellier
477,382837268,DIESEL FRANCE,5710,4642Z,ETI,38283726800392,O,2026-07-31T14:31:56,Rennes
478,344122262,INFOTEL CONSEIL,5599,6202A,ETI,34412226200183,O,2025-12-06T05:20:09,Rennes
479,394260327,CHENE VERT,5785,7500Z,PME,39426032700041,O,2026-01-14T13:12:03,Rennes
480,402395818,A2MO,5710,7112B,PME,40239581800055,O,2026-04-14T12:33:04,Rennes
481,412146094,HOLDING FSD,5710,6820B,ETI,41214609400344,O,2025-12-06T05:50:52,Rennes
482,388734568,COMPUTACENTER FRANCE,5710,4651Z,ETI,38873456800495,O,2026-05-11T17:16:33,Rennes
483,389292673,PROVOST DISTRIBUTION,5710,2511Z,ETI,38929267300156,O,2026-02-10T15:33:56,Rennes
484,342386232,EY SERVICES FRANCE,6220,8299Z,ETI,34238623200322,O,2026-05-30T11:32:06,Rennes
485,793795352,STAN,5710,7022Z,PME,79379535200020,O,2026-02-12T13:17:17,Rennes
486,328552187,J V S -MAIRISTEM,5710,5829C,ETI,32855218700069,O,2025-12-06T09:31:44,Rennes
487,328931456,ETOILE 35,5710,4511Z,ETI,32893145600060,O,2026-07-24T17:30:22,Rennes
488,430106278,LINKEO.COM,5599,6312Z,PME,43010627800293,O,2025-12-06T06:37:09,Rennes
489,433960127,IPSILON,5710,6910Z,PME,43396012700093,O,2026-05-04T13:31:02,Rennes
490,513805267,SOLUTION FLC,5710,2920Z,PME,51380526700053,O,2026-03-26T17:00:47,Rennes
491,428761886,SEMAPHORES,5599,7022Z,ETI,42876188600657,O,2026-04-03T12:37:40,Rennes
492,428851463,APOGEA,5710,6202A,ETI,42885146300086,O,2026-02-20T13:03:20,Rennes
493,404818494,QUENEA ENERGIES RENOUVELABLES,5710,7112B,PME,40481849400027,O,2026-02-05T15:00:50,Rennes
494,488069105,NEPSEN,5710,7112B,PME,48806910500192,O,2025-12-06T05:14:10,Rennes
495,305163040,CIRIL GROUP,5710,6202A,ETI,30516304000119,O,2025-12-06T05:25:38,Grenoble
496,331364687,PICCATO,5499,9601B,PME,33136468700037,O,2025-12-06T06:28:15,Grenoble
497,380348060,FRANCE MEDICAL DISTRIBUTION,5710,4774Z,PME,38034806000324,O,2025-12-06T06:24:56,Grenoble
498,921665956,PLAN'ET SOLEIL,5710,6630Z,PME,92166595600105,O,2025-12-06T05:38:05,Grenoble
499,339953788,CHEAP SHOP,5499,4751Z,PME,33995378800033,O,2025-12-06T05:25:04,Grenoble
500,378615363,SMILE,5710,6202B,ETI,37861536300322,O,2025-12-06T08:11:28,Grenoble
501,552146425,VINK FRANCE,5710,4669B,PME,55214642500178,O,2025-12-06T05:11:20,Grenoble
502,353902877,SCMA,5710,4120A,ETI,35390287700029,O,2026-01-16T16:47:22,Grenoble
503,450214416,CABESTAN,5560,4399C,PME,45021441600247,O,2025-12-06T06:23:37,Grenoble
504,445278542,AVICAP,5499,6619B,PME,44527854200037,O,2025-12-06T06:30:11,Grenoble
505,432680122,ELSYS DESIGN,5710,7112B,ETI,43268012200152,O,2025-12-06T05:43:44,Grenoble
506,507444503,OBYO,5710,4644Z,ETI,50744450300035,O,2026-08-26T17:16:31.343,Rouen
507,071803795,PARLYM ENGINEERING,5710,7112B,ETI,07180379500203,O,2026-03-10T19:01:33,Rouen
508,303890651,ORTEK,5599,6820B,PME,30389065100225,O,2025-12-06T09:03:11,Rouen
509,322397589,GENERATION UP,5599,4771Z,PME,32239758900415,O,2026-01-14T12:01:28,Rouen
510,339001711,ASSO.TOPO.GEO.TECHN.ETUDES.SUD.MEDITERRA,5558,7112A,PME,33900171100011,O,2026-03-26T13:21:51,Rouen
511,440411478,LISE CHARMEL BOUTIQUE,5710,4771Z,ETI,44041147800025,O,2025-12-06T06:56:47,Rouen
512,552052698,GIRAUDY,5710,7312Z,PME,55205269802657,O,2025-12-06T05:14:58,Rouen
513,553820465,SOFRILOG,5599,5210A,ETI,55382046500639,O,2025-12-06T11:08:26,Rouen
514,445371099,SUN MEDICAL,5710,4646Z,ETI,44537109900174,O,2026-07-27T13:36:59,Rouen
515,431974963,ADVENIS WEALTH MANAGEMENT,5710,6622Z,ETI,43197496300321,O,2026-06-15T13:01:41,Rouen
516,848743621,COMBIRAIL,5710,4920Z,ETI,84874362100015,O,2026-07-23T13:09:39,Dijon
517,904230885,LES PEINTURES REUNIES SN,5710,4334Z,ETI,90423088500017,O,2025-12-06T06:22:01,Dijon
518,880104948,FRANCE CENTRE COMPANY 39,5499,6820B,ETI,88010494800018,O,2026-08-24T17:32:22.125,Dijon
519,516020138,ENTREPRISE HUBERT ROUGEOT MEURSAULT,5710,4211Z,ETI,51602013800041,O,2026-08-06T09:09:26.877,Dijon
520,306140039,CAPELLI,5599,4110A,ETI,30614003900182,O,2025-12-06T05:40:39,Dijon
521,312261985,GREGOIRE &ASSOCIES,5499,6920Z,PME,31226198500039,O,2025-12-06T05:40:09,Dijon
522,085520146,BEAUNE LOCATION,5710,7711B,ETI,08552014600078,O,2025-12-06T08:33:36,Dijon
523,316606664,GEOXIA RHONE-ALPES,5202,4120A,PME,31660666400381,O,2025-12-06T06:07:32,Dijon
524,324696228,BOISSET EFFERVESCENCE,5710,1102A,ETI,32469622800034,O,2025-12-06T05:43:28,Dijon
525,308305960,LES OPTICIENS ASSOCIES,5710,4778A,PME,30830596000012,O,2025-12-06T05:15:21,Dijon
526,309305167,ROYER-DECAF,5599,4778A,PME,30930516700103,O,2026-02-18T13:11:46,Dijon
527,380817932,KRISTAP,5710,4520A,PME,38081793200011,O,2025-12-06T08:16:33,Dijon
528,977926955,OY2,5710,3511Z,PME,97792695500013,O,2025-12-06T05:38:51,Dijon
529,908608573,URBANIS SOLUTIONS RENOVATION,5710,7112B,ETI,90860857300014,O,2026-04-14T14:32:41,Dijon
530,398271577,TAUW FRANCE,5710,7112B,PME,39827157700288,O,2026-07-09T10:00:51,Dijon
531,410603245,SAONE ACHATS SAS,5710,4719B,PME,41060324500011,O,2026-07-08T11:47:50,Dijon
532,824903561,SOCIETE NOUVELLE DE CREMATION,5710,9603Z,ETI,82490356100010,O,2026-02-05T13:13:14,Angers
533,808051403,GEO-PROJECTION,5499,7490B,PME,80805140300026,O,2026-07-28T14:00:45,Angers
534,834911729,CONCEPT MARBRE,5499,9603Z,PME,83491172900046,O,2026-04-01T16:01:36,Angers
535,838660249,SAYAV,5499,9603Z,PME,83866024900064,O,2025-12-29T13:21:21,Angers
536,879420941,OSIRIS VISION,5785,8622C,PME,87942094100012,O,2025-12-06T08:15:04,Angers
537,866800352,AIA INGENIERIE,5710,7112B,ETI,86680035200084,O,2025-12-06T05:25:22,Angers
538,853102259,ETTIC,5560,7820Z,PME,85310225900100,O,2025-12-06T05:25:23,Angers
539,513200675,COMPTOIR ANGEVIN DE L'OR,5499,4777Z,PME,51320067500017,O,2026-08-06T10:00:48.525,Angers
540,061200317,LES SOLIDAIRES,5599,4399D,PME,06120031700164,O,2025-12-06T06:15:59,Angers
541,085580488,THELEM ASSURANCES,6411,6512Z,ETI,08558048800071,O,2025-12-06T11:15:28,Angers
542,331024547,FORTERRO FRANCE,5710,5829C,ETI,33102454700217,O,2025-12-06T10:51:58,Angers
543,484972609,SPECIAL MENUISERIES,5710,4332A,PME,48497260900024,O,2026-08-26T13:07:39.398,Nimes
544,379532765,SEIRI,5499,7112B,PME,37953276500045,O,2025-12-06T05:21:15,Nimes
545,344470927,LES MARRONNIERS,5710,4120A,ETI,34447092700106,O,2025-12-06T06:30:18,Nimes
546,345029474,BAZALP,5710,4759B,PME,34502947400235,O,2025-12-06T06:20:01,Nimes
547,401704929,SARL SDI EXTRACTIONS VENTILATIONS,5499,8122Z,PME,40170492900033,O,2026-06-16T08:21:06,Nimes
548,402328249,3D MANAGER COORDINATION,5499,7112B,PME,40232824900055,O,2026-06-24T18:30:30,Nimes
549,411813702,LA MAISON DE PROVENCE,5499,4778C,PME,41181370200080,O,2026-02-26T13:10:41,Nimes
550,542090899,ETABLISSEMENTS SEBICO,5599,4673A,ETI,54209089900056,O,2025-12-06T08:38:32,Nimes
551,793759226,SOLAIRE INVEST34,5499,3511Z,PME,79375922600012,O,2025-12-06T07:27:47,Nimes
552,353465651,EQUIPEMENT PARCS ET JARDINS DIFFUSION,5710,4669C,PME,35346565100027,O,2025-12-06T08:11:13,Nimes
553,353546351,ALLIANCE BTP,5499,4399C,PME,35354635100043,O,2025-12-06T06:19:45,Nimes
554,449388164,NEUROSUD,5485,8621Z,PME,44938816400021,O,2025-12-11T09:00:31,Nimes
555,442633111,BCAUTO ENCHERES,5710,4511Z,ETI,44263311100095,O,2025-12-06T05:14:09,Nimes
556,439155540,SELARL IMMED,5485,8621Z,PME,43915554000040,O,2026-02-05T10:26:33,Nimes
557,431708585,BC REMARKETING,5710,4520A,ETI,43170858500101,O,2026-07-24T13:13:18,Nimes
558,444412233,SE2T ENGINEERING,5710,7112B,ETI,44441223300033,O,2026-04-01T13:10:52,Nimes
559,843656257,HYMPULSION SAS,5710,3521Z,PME,84365625700022,O,2025-12-06T10:06:56,Clermont-Ferrand
560,912784824,IRISOLARIS STORE,5710,7112B,ETI,91278482400100,O,2026-06-17T17:00:47,Clermont-Ferrand
561,451083398,ATERPLO SARL,5499,7112B,PME,45108339800086,O,2025-12-06T05:21:54,Clermont-Ferrand
562,507879088,SAVOIR BIEN SECURISER FRANCE SOCIETE PRIVEE DE SECURITE,5499,8010Z,PME,50787908800015,O,2025-12-06T08:33:44,Clermont-Ferrand
563,385230560,QS. T,5710,4778A,PME,38523056000166,O,2026-03-30T15:00:33,Clermont-Ferrand
564,351521778,PARERA,5710,7112B,ETI,35152177800032,O,2026-07-22T13:11:22,Clermont-Ferrand
565,423831429,SARL MULTI FINANCES EUROPEENNE DU SUD,5499,7022Z,PME,42383142900067,O,2025-12-06T11:02:16,Clermont-Ferrand
566,309114114,MATERIAUX DUFRANCAIS,5710,4673A,ETI,30911411400023,O,2025-12-06T05:14:57,Clermont-Ferrand
567,322188855,MONTEL,5710,6420Z,PME,32218885501007,O,2025-12-06T09:19:21,Clermont-Ferrand
568,305448870,EXLAIR,5710,3314Z,ETI,30544887000108,O,2026-04-22T16:37:11,Clermont-Ferrand
569,333264810,OKTEO,5710,6201Z,PME,33326481000016,O,2026-03-27T10:46:27,Clermont-Ferrand
570,429084502,IMPLID AUDIT,5710,6920Z,ETI,42908450200088,O,2026-02-24T17:32:40,Clermont-Ferrand
571,433682143,SIGESS,5710,4730Z,ETI,43368214300014,O,2025-12-06T05:13:43,Clermont-Ferrand
572,440207199,PRO'KATEL,5710,6190Z,PME,44020719900058,O,2025-12-06T05:15:10,Clermont-Ferrand
573,422264697,S.L DISTRIBUTION,5710,4771Z,PME,42226469700158,O,2025-12-06T08:08:53,Clermont-Ferrand
574,424738755,ATRIAL,5710,1091Z,PME,42473875500018,O,2025-12-06T06:28:16,Clermont-Ferrand
575,410998447,J.L.M.DECO,5710,4673B,PME,41099844700016,O,2026-07-30T19:34:14,Clermont-Ferrand
576,444776504,ASTR'IN,5710,5229B,ETI,44477650400045,O,2026-07-09T13:00:34,Tours
577,441716412,IPPON TECHNOLOGIES,5710,6202A,ETI,44171641200099,O,2025-12-06T06:13:17,Tours
578,384458006,PATRIMOINE ET PARTENAIRE,5499,6831Z,PME,38445800600200,O,2025-12-06T06:27:38,Tours
579,382020832,C.D.FROID,5710,3312Z,PME,38202083200095,O,2025-12-06T06:26:07,Tours
580,517887261,VAPE CELLAR FRANCE,5710,7112B,PME,51788726100207,O,2026-07-28T13:12:50,Tours
581,529206344,MKT PROMOTION,5499,4110A,ETI,52920634400192,O,2025-12-06T05:25:31,Tours
582,533373619,PRIME ENGINEERING,5710,7112B,ETI,53337361900048,O,2025-12-06T11:07:48,Tours
583,803782101,SO' GERNORD,5710,4730Z,ETI,80378210100015,O,2026-07-23T14:31:20,Tours
584,794926063,INNOV'EDUC,5710,8559B,PME,79492606300247,O,2025-12-06T05:20:47,Tours
585,714801461,SAINT-GEORGES GRANULATS,5710,0812Z,ETI,71480146100027,O,2025-12-06T05:25:31,Tours
586,660800798,LA CHAUSSERIA,5599,4772A,PME,66080079800879,O,2025-12-17T13:07:09,Tours
587,438569675,TRAFILOG,5710,5229B,ETI,43856967500087,O,2025-12-06T05:14:09,Tours
588,493373682,AGRICA GESTION,6220,7010Z,ETI,49337368200019,O,2025-12-06T05:16:52,Tours
589,828716670,FORTIL NORD OUEST,5710,7112B,ETI,82871667000041,O,2025-12-06T07:42:09,Tours
590,820749018,SOCIETE INTERFACES,5710,7022Z,PME,82074901800041,O,2025-12-06T11:08:42,Tours
591,839505021,AUDILAB RENNES EMERAUDE,5710,4774Z,PME,83950502100080,O,2026-07-24T13:09:42,Tours
592,843431560,ATLIC RENT,5499,7711A,ETI,84343156000021,O,2025-12-06T11:13:28,Tours
593,834568222,AUDILAB VENDEE,5499,4774Z,PME,83456822200048,O,2026-06-29T13:31:45,Tours
594,534104534,I-CARE,5710,7490B,PME,53410453400068,O,2025-12-06T05:44:44,Metz
595,598502144,LA STRASBOURGEOISE,6411,6512Z,PME,59850214400267,O,2025-12-06T05:38:12,Metz
596,485124986,CIE MEURTHE MOSELLANE MAT MAINTENANCE,5710,4661Z,ETI,48512498600012,O,2025-12-06T07:50:38,Metz
597,789472586,LES BOULANGERIES DE L'EST,5499,5610C,PME,78947258600013,O,2025-12-06T06:27:16,Metz
598,804370971,CAM2P TRUCKS,5710,4520A,PME,80437097100017,O,2025-12-06T08:52:14,Metz
599,391630142,SARL TEKNIK CONTROLE,5499,7120A,PME,39163014200019,O,2025-12-06T08:12:25,Metz
600,507967602,GEODECRION,5710,7112B,PME,50796760200099,O,2025-12-06T11:15:44,Metz
601,529501520,ARTEBA,5710,4332A,ETI,52950152000017,O,2025-12-06T06:00:34,Metz
602,489808485,OASYS PARIS,5710,7022Z,ETI,48980848500036,O,2026-06-03T11:31:58,Metz
603,490202132,FOSSIER DISTRIBUTION,5710,4729Z,ETI,49020213200125,O,2025-12-06T06:23:29,Metz
604,729803973,JARDINS DE GALLY,5710,8130Z,ETI,72980397300035,O,2025-12-23T13:00:45,Metz
605,841177322,KHALFALLAH SELARL,5485,8622B,PME,84117732200085,O,2025-12-08T19:00:48,Metz
606,645520164,BATIGERE HABITAT,5546,6820A,ETI,64552016400064,O,2026-07-24T14:00:32,Metz
607,908397417,SAS LA MAISON DE CELINE,5710,5520Z,PME,90839741700019,O,2025-12-06T05:59:51,Metz
608,449243476,OPEN IMMOBILIER,5499,6831Z,PME,44924347600107,O,2026-08-13T12:00:30.153,Metz
609,789911716,S.I.S.,5710,7022Z,ETI,78991171600015,O,2026-08-05T13:11:05.881,Metz
610,492881826,DOMINO MISSIONS IDF EST,5710,7820Z,ETI,49288182600050,O,2026-08-04T17:00:22.800,Metz
611,355802190,BATA,5710,6420Z,PME,35580219006012,O,2025-12-06T05:41:23,Besancon
612,438301871,PAUL CRAMATTE INTERIM SAS,5710,7820Z,PME,43830187100010,O,2025-12-06T05:40:17,Besancon
613,431400274,DER,5499,7120B,PME,43140027400046,O,2025-12-06T05:39:33,Besancon
614,432834497,COURS BIOMEDAL,5499,8541Z,PME,43283449700039,O,2025-12-06T08:03:54,Besancon
615,432844736,SARL LE CHAVOT,5499,5610A,PME,43284473600012,O,2025-12-06T05:40:40,Besancon
616,430155952,OFFICE PARTNER FRANCE,5710,6202B,PME,43015595200046,O,2025-12-06T11:15:44,Besancon
617,448075788,AGRI-MECA,5499,3312Z,PME,44807578800035,O,2025-12-06T07:41:32,Besancon
618,443378708,SARL AUTO-ECOLE DU CENTRE,5499,8553Z,PME,44337870800012,O,2025-12-06T10:47:13,Besancon
619,443583323,SAPAM STRASBOURG,5710,4631Z,ETI,44358332300011,O,2026-03-16T19:01:34,Besancon
620,531884872,ANDEMAX,5499,4771Z,PME,53188487200015,O,2025-12-06T05:39:41,Besancon
621,537838047,AGILIANCE SAONE,5710,6920Z,PME,53783804700026,O,2025-12-06T11:32:18,Besancon
622,315483784,ENCEM,5560,7112B,PME,31548378400114,O,2025-12-06T05:22:22,Orleans
623,316619618,SODIVITRAGE,5710,4332B,PME,31661961800093,O,2026-06-01T11:31:27,Orleans
624,318772324,FICAP,5710,2822Z,PME,31877232400048,O,2025-12-15T13:00:28,Orleans
625,380368316,MAUFFREY SAS,5710,4941A,ETI,38036831600010,O,2025-12-06T05:25:30,Orleans
626,377601869,TOUT FAIRE,5599,8299Z,ETI,37760186900052,O,2025-12-06T05:18:03,Orleans
627,440217792,PARTNAIRE 49,5710,7820Z,ETI,44021779200140,O,2025-12-06T05:15:22,Orleans
628,440303196,FAGORBRANDT SAS,5710,2751Z,PME,44030319600156,O,2025-12-06T07:14:00,Orleans
629,775598899,LOGEX CENTRE LOIRE,5710,6920Z,PME,77559889900117,O,2026-04-09T17:31:38,Orleans
630,775607534,OPTIQUE PELLE SA,5710,4778A,PME,77560753400119,O,2025-12-06T09:26:20,Orleans
631,379440670,XBP EUROPE AST,5710,6311Z,ETI,37944067000394,O,2025-12-06T06:39:27,Orleans
632,393391909,SOMTP CENTRE,5710,4663Z,ETI,39339190900016,O,2025-12-06T08:45:24,Orleans
633,342021805,KOESIO ILE DE FRANCE,5710,9511Z,ETI,34202180500318,O,2026-06-11T14:00:39,Orleans
634,342090149,L.P.I LA PRESTATION INDUSTRIELLE,5710,7820Z,ETI,34209014900218,O,2025-12-06T08:09:41,Orleans
635,384730990,GARAGE DEPUSSAY,5710,4661Z,ETI,38473099000106,O,2025-12-06T06:22:16,Orleans
636,498552652,AGRIVALOR ENERGIE,5710,3811Z,PME,49855265200014,O,2025-12-06T05:25:14,Mulhouse
637,509465290,ONGLE ET BEAUTE,5499,9602B,PME,50946529000013,O,2025-12-06T05:56:42,Mulhouse
638,493897359,ARS TELECOM,5499,6202A,PME,49389735900060,O,2026-01-26T13:12:52,Mulhouse
639,494466188,CAP GENERATEUR,5710,3320D,PME,49446618800047,O,2025-12-06T05:15:22,Mulhouse
640,515271237,JACQUES BOCKEL &CO STRASBOURG SARL,5499,4724Z,PME,51527123700023,O,2025-12-06T10:47:58,Mulhouse
641,753865831,ENVIRO-SANTE,5710,7120B,PME,75386583100048,O,2025-12-06T06:01:25,Mulhouse
642,538918509,ALTERRIC FRANCE,5710,7112B,PME,53891850900059,O,2025-12-06T05:41:32,Mulhouse
643,483074258,KERN FRANCE,5710,3312Z,PME,48307425800052,O,2025-12-06T05:16:40,Mulhouse
644,898099015,DAVANJOU,5710,8690F,PME,89809901500015,O,2025-12-06T05:52:16,Mulhouse
645,904623014,CALVI CC,5710,4779Z,PME,90462301400019,O,2025-12-06T06:21:16,Mulhouse
646,892390147,TLD,5710,7820Z,PME,89239014700015,O,2025-12-06T11:32:25,Mulhouse
647,523442788,ECR ENVIRONNEMENT CENTRE EST,5710,7112B,ETI,52344278800031,O,2025-12-06T05:22:14,Mulhouse
648,800463416,ALSACE CREDITS,5499,6492Z,PME,80046341600019,O,2025-12-06T05:55:43,Mulhouse
649,799564265,XDC FRANCE,5499,4642Z,PME,79956426500012,O,2025-12-06T07:17:02,Mulhouse
650,788267599,TGS FRANCE INFORMATIQUE,5710,6202A,ETI,78826759900256,O,2025-12-06T07:26:36,Caen
651,580501153,NOLLET SAS,5710,4669A,ETI,58050115300044,O,2025-12-06T06:14:13,Caen
652,508468709,RAINETTE,5710,7219Z,PME,50846870900060,O,2026-04-09T13:08:59,Caen
653,511272247,FUNBREIZH,5710,8230Z,PME,51127224700079,O,2025-12-06T10:21:42,Caen
654,525206678,SOCIETE DES EDITIONS DE NORMANDIE,5710,5814Z,ETI,52520667800159,O,2026-03-18T08:16:15,Caen
655,829128420,4ITEC 4.0,5710,7112B,PME,82912842000082,O,2026-03-31T21:31:27,Caen
656,829637461,FABRIQUE DE STYLES,5710,4791A,ETI,82963746100023,O,2026-07-22T16:35:44,Caen
657,824894950,DURAN 76,5499,4399C,PME,82489495000065,O,2026-04-10T09:25:58,Caen
658,832852321,KRAFT,5499,4649Z,PME,83285232100104,O,2026-07-20T14:00:39,Caen
659,572078905,ERI,5710,4321A,ETI,57207890500021,O,2026-08-06T09:09:24.572,Caen
660,312140528,DEMOLIN NORMANDIE,5710,3312Z,ETI,31214052800018,O,2025-12-06T07:46:10,Caen
661,321814881,TOFFOLUTTI,5710,4211Z,ETI,32181488100017,O,2025-12-06T10:08:17,Caen
662,301670964,SOC OMNI PESAGE,5499,3312Z,PME,30167096400073,O,2025-12-06T06:39:27,Caen
663,310308051,BIA,5710,4663Z,ETI,31030805100021,O,2026-02-12T15:43:42,Caen
664,318477098,SALVA,5710,7711A,PME,31847709800061,O,2025-12-06T09:42:24,Caen
665,750969453,BAMBOOH SERVICES,5710,8299Z,PME,75096945300158,O,2025-12-06T06:27:32,Nancy
666,751655531,MARC O'POLO FRANCE,5499,4642Z,PME,75165553100331,O,2025-12-06T05:37:56,Nancy
667,530839299,MURETANCHE,5499,4399A,PME,53083929900027,O,2026-01-12T13:55:51,Nancy
668,539201707,BARTO COUTURE SARL,5499,4754Z,PME,53920170700012,O,2025-12-06T06:25:18,Nancy
669,539607952,QUADRAL PROPERTY,5710,6832A,ETI,53960795200147,O,2026-04-22T13:13:16,Nancy
670,552004236,PATISFRANCE - PURATOS,5710,1089Z,ETI,55200423600261,O,2025-12-06T06:25:34,Nancy
671,819651357,VALO TTI,5460,7820Z,PME,81965135700017,O,2026-03-10T13:12:00,Nancy
672,830804712,AUDITION D.S.,5499,4774Z,PME,83080471200016,O,2025-12-06T10:49:37,Nancy
673,834149445,DPK PESAGE,5710,3312Z,PME,83414944500092,O,2026-07-27T10:08:24,Nancy
674,853981421,VELOGIK MANAGEMENT + MAINTENANCE,5710,7721Z,PME,85398142100011,O,2026-06-12T19:00:58,Nancy
675,850171737,IM PARE BRISE,5710,4520A,PME,85017173700057,O,2025-12-06T06:21:53,Nancy
676,508577707,AIGLE FRANCE,5710,5229B,PME,50857770700088,O,2026-08-12T13:31:35.857,Nancy
677,325347169,CTP ENVIRONNEMENT,5710,8122Z,PME,32534716900212,O,2026-08-06T09:09:24.061,Nancy
678,305751778,MGE TRANSPORTS & SERVICES,5710,4941A,ETI,30575177800021,O,2025-12-06T05:25:38,Nancy
679,423443399,KENNY'S,5499,4771Z,PME,42344339900013,O,2025-12-06T06:20:49,Poitiers
680,349597310,TALIS COMPTENCES & CERTIFICATIONS,5710,8559A,ETI,34959731000086,O,2026-02-12T13:10:31,Poitiers
681,353391683,AZUR 37,5710,4519Z,PME,35339168300029,O,2026-02-10T11:01:20,Poitiers
682,353568447,C - BOUTIQUES 8,5499,4772B,PME,35356844700034,O,2025-12-06T08:57:39,Poitiers
683,379310550,LES PRES DE ROUMILLAC,5499,4751Z,PME,37931055000015,O,2026-07-03T13:24:24,Poitiers
684,350902102,RESIDE ETUDE,5710,7010Z,ETI,35090210200424,O,2026-01-08T17:31:55,Poitiers
685,330449992,SOCIETE DE REVISION ET D'EXPERTISE COMPTABLE,5710,6920Z,PME,33044999200032,O,2025-12-06T10:45:37,Poitiers
686,435198627,IQERA,5710,8291Z,ETI,43519862700075,O,2025-12-06T05:43:37,Poitiers
687,339810533,COMPAGNIE INTERNATIONALE D'INVESTISSEMENTS,5499,6831Z,PME,33981053300069,O,2025-12-06T10:20:39,Poitiers
688,379722804,BORDEAUX DEMOLITION SERVICE,5710,4311Z,ETI,37972280400034,O,2026-01-06T13:10:20,Poitiers
689,388794141,DUO SOLUTIONS AUDIT,5710,6920Z,PME,38879414100035,O,2026-07-03T11:00:33,Poitiers
690,325780989,AUTODISTRIBUTION TALBOT 86,5710,4531Z,ETI,32578098900043,O,2026-04-24T12:31:37,Poitiers
691,325880888,COMPTOIR FRANCAIS DE LA QUINCAILLERIE,5599,4615Z,ETI,32588088800038,O,2026-07-02T16:47:29,Poitiers
692,518328687,BF ROUTE,5710,4312A,ETI,51832868700083,O,2025-12-06T08:00:39,Poitiers
693,530010529,HAVANA,5710,5630Z,PME,53001052900036,O,2026-04-14T13:10:47,Poitiers
694,481431666,RENEE COSTES,5710,6831Z,PME,48143166600058,O,2025-12-06T05:43:29,Annecy
695,921246708,SELARL DOCTEUR AURELIA GAVE,5485,8621Z,PME,92124670800041,O,2025-12-06T05:40:49,Annecy
696,957514458,LAMBERT ET VALETTE-ENTREPRISE DE TRANSPORTS,5710,5229A,ETI,95751445800133,O,2026-06-01T17:17:47,Annecy
697,981885478,SGL,5710,5520Z,PME,98188547800017,O,2025-12-06T06:01:41,Annecy
698,952148922,ALPINE HOUSEKEEPING,5710,8121Z,ETI,95214892200018,O,2026-05-28T13:18:44,Annecy
699,921974820,VAUBAN,6540,6820B,PME,92197482000018,O,2025-12-06T10:51:17,Annecy
700,922556279,GA IMMOBILIER RESIDENTIEL,5710,4110A,ETI,92255627900037,O,2026-07-07T05:14:37,Annecy
701,915193536,GIE PICHET FONCTIONS SUPPORT,6220,8211Z,ETI,91519353600017,O,2025-11-13T15:49:08,Annecy
702,820203610,COIFFURE AUTREMENT,5499,9602A,PME,82020361000028,O,2025-12-06T05:13:16,Annecy
703,807726476,VILLAGE IGLOO,5710,5630Z,PME,80772647600011,O,2025-12-06T05:41:25,Annecy
704,572149169,HARIBO RICQLES ZAN,5599,1082Z,ETI,57214916900060,O,2026-05-05T13:15:46,Paris
705,423062827,A QUICK RENTAL,5710,7711A,ETI,42306282700336,O,2026-02-12T16:00:58,Paris
706,478828205,RADIO NOSTALGIE RESEAU,5710,6010Z,ETI,47882820500011,O,2025-12-06T05:22:33,Paris
707,489626135,INGEROP CONSEIL ET INGENIERIE (ICI),5710,7112B,ETI,48962613500359,O,2026-06-02T12:31:38,Paris
708,523252765,HEXATEL,5710,6190Z,ETI,52325276500129,O,2025-12-06T06:26:53,Paris
709,523355972,HANGARS PHOTOVOLTAIQUES 2010,5710,3511Z,ETI,52335597200648,O,2025-12-06T06:25:07,Paris
710,832227300,MISTERMENUISERIE STORES,5710,8299Z,ETI,83222730000015,O,2025-12-06T10:37:30,Paris
711,422873216,CONVIVIO-EVO,5710,5629A,ETI,42287321600010,O,2026-08-18T09:56:09.676,Paris
712,434704201,SKECHERS USA FRANCE,5710,4642Z,PME,43470420100061,O,2026-08-12T15:00:36.142,Paris
713,303411458,SYNERGIE CARE,5710,7820Z,ETI,30341145800472,O,2025-12-06T06:57:32,Paris
714,303765630,BRITISH AMERICAN TOBACCO FRANCE,5710,4635Z,ETI,30376563000601,O,2025-12-06T07:10:18,Paris
715,319416939,ETABLISSEMENTS MICHAUD ET CHAILLY,5710,4669B,ETI,31941693900183,O,2025-12-06T05:20:09,Paris
716,753047786,JJ CONSEIL & SANTE,5710,8299Z,PME,75304778600011,O,2025-12-06T06:22:43,Lyon
717,894980259,PLEASANT STAY,5710,5520Z,PME,89498025900275,O,2025-12-06T05:40:34,Lyon
718,855801825,MATAL,5710,3320B,ETI,85580182500644,O,2026-02-24T13:47:10,Lyon
719,844844092,ECONOCOM SERVICES & SOLUTIONS,5710,6203Z,ETI,84484409200164,O,2026-06-03T13:30:52,Lyon
720,880808464,ALABELLE,5710,4775Z,PME,88080846400114,O,2025-12-06T05:25:06,Lyon
721,823863113,SOLUNE,5710,1413Z,ETI,82386311300010,O,2025-12-06T06:15:52,Lyon
722,632032504,JANCARTHIER,5710,7911Z,PME,63203250400011,O,2025-12-06T07:45:41,Lyon
723,910942028,FORMATION ALTERNANCE SUPERIEURE,5710,8559A,PME,91094202800358,O,2026-02-05T05:09:16,Lyon
724,852406784,TOM ET JOSETTE,5710,8891A,PME,85240678400011,O,2026-08-26T11:00:54.430,Lyon
725,489809186,YKF,5710,5819Z,PME,48980918600112,O,2026-08-05T13:10:06.229,Lyon
726,432317980,SON VIDEO DISTRIBUTION,5710,4791B,ETI,43231798000212,O,2026-08-04T15:32:55.296,Lyon
727,894880194,KYNDRYL FRANCE,5710,6203Z,ETI,89488019400267,O,2026-06-26T14:00:44,Lyon
728,315434852,ENTREPRISE BONGLET,5710,4331Z,ETI,31543485200234,O,2026-03-12T17:00:51,Lyon
729,562089748,FRUIDOR,5710,4631Z,ETI,56208974800528,O,2025-12-06T08:11:21,Lyon
730,562110619,BWT FRANCE,5710,2829B,ETI,56211061900342,O,2026-03-12T13:14:15,Lyon
731,407794551,GCC,5710,4120B,ETI,40779455100231,O,2026-06-16T07:30:43,Lyon
732,428922678,MARDI SAS,5710,4772B,PME,42892267800019,O,2025-12-06T05:11:19,Marseille
733,668500622,TRIUMPH INTERNATIONAL S A,5599,5229B,ETI,66850062200026,O,2026-07-08T10:00:38,Marseille
734,338302383,ECOTEC,5710,8542Z,ETI,33830238300041,O,2026-07-23T19:01:05,Marseille
735,441460375,ANACOURS,5499,8559B,PME,44146037500229,O,2025-12-06T05:51:43,Marseille
736,410174148,ENSEMBLE,5499,9609Z,PME,41017414800024,O,2025-12-06T08:17:44,Marseille
737,402202386,LA PYRENEENNE,5710,8122Z,ETI,40220238600148,O,2026-03-13T08:26:30,Toulouse
738,440360436,FRANCOIS MATERIAUX,5710,4673A,ETI,44036043600016,O,2025-12-11T12:00:28,Toulouse
739,412477994,BOUTIQUES GD,5710,4759B,ETI,41247799400013,O,2026-01-19T19:31:31,Toulouse
740,343019428,SIGMA BETON,5499,7120B,ETI,34301942800089,O,2025-12-06T06:22:15,Toulouse
741,350246039,PRESENTS,5710,7112B,PME,35024603900399,O,2026-06-30T16:47:42,Toulouse
742,443736483,LOVISA RETAIL FRANCE,5499,4642Z,PME,44373648300621,O,2026-06-17T14:33:17,Toulouse
743,335146312,ABB FRANCE,5710,3312Z,ETI,33514631200459,O,2025-12-06T05:25:29,Toulouse
744,519642128,PARC SOLAIRE EV10,5710,3511Z,ETI,51964212800226,O,2025-12-06T06:20:42,Toulouse
745,530051267,KIWI INSTITUTE,5499,8559A,PME,53005126700033,O,2026-05-01T13:10:15,Toulouse
746,804578177,ETABLISSEMENTS DOMINIQUE PATARD,5710,1419Z,PME,80457817700011,O,2026-04-15T13:13:12,Toulouse
747,803519800,TRANE FRANCE SAS,5710,4669C,ETI,80351980000012,O,2026-05-12T14:12:01,Toulouse
748,548202985,S.D.M.O. INDUSTRIES,5710,2711Z,ETI,54820298500212,O,2025-12-06T06:32:28,Toulouse
749,819084682,NEW BALANCE FRANCE RETAIL SARL,5499,4778C,PME,81908468200122,O,2026-08-19T13:26:23.173,Lille
750,316113208,ETUDES INSTALLATION MAINTENANCE INDUSTRI,5710,4322B,ETI,31611320800037,O,2026-07-03T10:07:03,Lille
751,377791223,ASICS FRANCE,5710,4642Z,ETI,37779122300169,O,2025-12-06T11:14:39,Lille
752,952253151,NEW ANDRE,5710,1520Z,PME,95225315100346,O,2026-01-29T13:19:26,Lille
753,398372615,STEM PROPRETE,5710,8121Z,ETI,39837261500177,O,2025-12-06T05:43:44,Lille
754,504919234,TRIBAL FOOT,5710,9311Z,PME,50491923400030,O,2026-03-19T13:08:44,Lille
755,445950074,RAMERY CONSTRUCTION,5710,4399C,ETI,44595007400234,O,2026-04-13T13:14:55,Bordeaux
756,438052219,"CHRONOS INTERIM, SOCIETE COOPERATIVE ET PARTICIPATIVE, A RESPONSABILITE LIMITEE, A CAPITAL VARIABLE",5460,7820Z,PME,43805221900039,O,2026-06-17T13:14:42,Bordeaux
757,878594076,GIRONDE ENERGIES,5515,3511Z,PME,87859407600019,O,2026-07-13T13:30:22,Bordeaux
758,499870715,DETERMINANT FRANCE,5710,7112B,ETI,49987071500350,O,2026-08-19T12:34:09.674,Nantes
759,887835882,VERITECH,5710,6621Z,ETI,88783588200010,O,2026-08-12T16:31:50.894,Nantes
760,350093704,VIDELIO,5710,4652Z,ETI,35009370400657,O,2026-08-06T09:09:29.261,Nantes
761,300560588,MESSER FRANCE,5710,2011Z,ETI,30056058800539,O,2025-12-06T06:37:08,Nantes
762,492381157,URBASOLAR,5710,7112B,ETI,49238115700113,O,2026-05-06T16:38:52,Nantes
763,509530770,3 BRASSEURS FRANCE,5710,5610A,ETI,50953077000338,O,2026-07-21T16:32:33,Nantes
764,490646395,IRH INGENIEUR CONSEIL,5710,7112B,ETI,49064639500254,O,2026-07-28T20:31:49,Nantes
765,420321465,GORON-GSL,5499,8010Z,ETI,42032146500197,O,2025-12-06T05:14:21,Nantes
766,383812666,EODD INGENIEURS CONSEILS,5710,7112B,PME,38381266600220,O,2026-05-20T10:32:45,Nantes
767,400165635,SPRINGFIELD FRANCE,5710,4771Z,PME,40016563500782,O,2026-05-06T13:14:03,Nantes
768,328037742,LA BELLE VENDEENNE,5499,4771Z,PME,32803774200058,O,2026-07-29T11:04:28,Nantes
769,383610623,JARDEL SERVICES,5710,4941C,ETI,38361062300209,O,2026-02-20T14:16:13,Nantes
770,429165541,COGENT COMMUNICATIONS FRANCE,5710,6110Z,PME,42916554100070,O,2025-12-06T05:25:38,Nantes
771,433464997,FRANCE MENUISIERS,5710,4332A,ETI,43346499700017,O,2025-12-06T06:37:09,Nantes
772,433951282,CBRE CONSEIL & TRANSACTION,5710,6831Z,ETI,43395128200204,O,2025-12-06T05:25:21,Nantes
773,431349927,BIO DOO,5710,4775Z,PME,43134992700100,O,2026-03-16T13:33:16,Nantes
774,424982650,SCC FRANCE,5710,4651Z,ETI,42498265000014,O,2026-04-23T10:33:02,Nantes
775,478008519,AMG EXPERTISE,5499,6621Z,PME,47800851900066,O,2026-04-13T11:31:06,Strasbourg
776,478703630,UNITED RENTALSYSTEM,5499,7711A,ETI,47870363000259,O,2026-01-22T13:01:44,Strasbourg
777,504489964,FERME KIENTZ,5499,4799A,PME,50448996400131,O,2025-12-06T06:28:24,Strasbourg
778,507783868,VGS 1,5710,4777Z,PME,50778386800080,O,2026-01-06T13:15:16,Strasbourg
779,333928190,IB,5599,8559A,ETI,33392819000235,O,2025-12-06T05:22:32,Strasbourg
780,501707269,HARDOUIN-LOC,5710,7732Z,PME,50170726900038,O,2026-06-15T20:31:47,Strasbourg
781,672006483,PRICEWATERHOUSECOOPERS AUDIT,5710,6920Z,ETI,67200648300362,O,2025-12-06T06:23:29,Strasbourg
782,338567258,MOTEURS LEROY SOMER,5710,2711Z,ETI,33856725800011,O,2026-06-08T15:51:43,Strasbourg
783,313659674,TAM GROUPE,5710,4673A,ETI,31365967400029,O,2025-12-06T07:50:22,Strasbourg
784,332737675,ORPHEE LONGCHAMP,5710,4771Z,PME,33273767500121,O,2025-12-06T09:59:10,Strasbourg
785,424925790,ANAVEO,5710,8020Z,ETI,42492579000083,O,2025-12-22T09:37:59,Strasbourg
786,349368670,PETROSERVICES,5710,0910Z,ETI,34936867000197,O,2025-12-06T05:16:40,Strasbourg
787,341907236,KEEMIA,5710,7312Z,PME,34190723600242,O,2025-12-06T05:43:36,Strasbourg
788,323234153,COLITEL,5710,5229B,PME,32323415300563,O,2026-04-10T13:20:17,Strasbourg
789,449154152,SANTARELLI,5710,6910Z,ETI,44915415200184,O,2026-01-27T15:31:42,Strasbourg
790,437656051,CARRE D ARTISTES,5710,4778C,PME,43765605100194,O,2025-12-06T09:56:12,Strasbourg
791,437773666,BRETZEL BURGARD SAS,5710,1071A,ETI,43777366600122,O,2025-12-06T06:45:27,Strasbourg
792,404010209,EVELYNE,5202,7312Z,ETI,40401020900017,O,2026-08-13T19:00:38.445,Montpellier
793,911041580,CORSICA SOLE,5710,7112B,ETI,91104158000018,O,2026-08-13T15:56:39.383,Montpellier
794,316643170,JOTT PARIS,5710,4771Z,ETI,31664317000509,O,2026-08-14T16:33:02.309,Montpellier
795,503548208,GLS SECURITE,5499,8010Z,PME,50354820800209,O,2025-12-06T05:20:28,Montpellier
796,338112733,PRICEWATERHOUSECOOPERS ADVISORY,5710,7022Z,ETI,33811273300278,O,2025-12-06T05:16:29,Montpellier
797,305912131,FRANCE TRAVAUX PUBLICS SERVICES,5599,7732Z,PME,30591213100052,O,2026-02-13T13:02:25,Montpellier
798,440412492,GDV,5499,6820B,PME,44041249200454,O,2026-06-12T17:16:45,Montpellier
799,423999085,OVIVE,5710,3700Z,PME,42399908500057,O,2026-06-12T19:29:38,Montpellier
800,414353250,ABSYS CYBORG,5710,6202A,ETI,41435325000254,O,2026-04-01T17:27:25,Montpellier
801,379401086,AIR LIBERTE AOM,5699,6820B,PME,37940108600176,O,2025-12-06T05:40:32,Montpellier
802,511199226,AMARIS FRANCE SAS,5710,6202A,ETI,51119922600164,O,2026-05-22T12:33:16,Montpellier
803,518729132,KEYCE ACADEMY - COLLEGE DE PARIS,5710,8559A,ETI,51872913200069,O,2026-07-16T13:08:57,Montpellier
804,752421628,URBA 75,5710,3511Z,ETI,75242162800187,O,2025-12-06T06:22:09,Montpellier
805,793642679,CHALBOS ENERGY,5710,3511Z,PME,79364267900013,O,2026-02-10T09:00:47,Montpellier
806,798161071,CS LES VIGNES DU SOLEIL,5499,3511Z,PME,79816107100203,O,2026-02-23T10:00:58,Montpellier
807,636420333,FRANCE SECURITE,5710,4669B,ETI,63642033300164,O,2025-12-06T05:14:47,Montpellier
808,808632285,AMABILIS,5710,8810A,ETI,80863228500066,O,2026-01-22T13:13:46,Rennes
809,499493419,DECIBEL AUDIOPROX,5710,4774Z,PME,49949341900042,O,2026-02-06T10:00:56,Rennes
810,499795979,CUPA PIERRES DISTRIBUTION,5499,4673A,PME,49979597900131,O,2025-12-06T06:13:18,Rennes
811,495123275,EF INTERNATIONAL,5499,7311Z,PME,49512327500028,O,2025-12-06T07:23:34,Rennes
812,494132749,ABC AUTO BETON CONTROLES,5710,7120B,PME,49413274900164,O,2025-12-06T05:22:43,Rennes
813,524381696,BOIS EXPO DISTRIBUTION (BED),5710,4673A,PME,52438169600011,O,2026-01-20T11:00:55,Rennes
814,532584190,A.C.G ASSAINISSEMENT,5710,3700Z,PME,53258419000146,O,2025-12-06T07:34:46,Rennes
815,533297834,HAYS SERVICES,5710,6209Z,ETI,53329783400038,O,2025-12-06T05:16:30,Rennes
816,839816444,BEE COWORK,5710,6820B,ETI,83981644400013,O,2025-12-06T05:20:57,Rennes
817,879424075,RS SPV ACGD A1,5710,3511Z,ETI,87942407500015,O,2025-12-06T07:50:54,Rennes
818,345013353,MAISON GUERIN,5710,9603Z,PME,34501335300031,O,2026-08-24T13:11:38.038,Rennes
819,312285133,LINDAB FRANCE,5710,2599B,ETI,31228513300061,O,2025-12-06T07:46:10,Rennes
820,487568305,KERTRUCKS LOCATION ET SERVICES,5710,7712Z,ETI,48756830500196,O,2026-02-27T10:31:35,Rennes
821,506650092,BSAD,5599,1012Z,PME,50665009200014,O,2025-12-06T05:38:12,Rennes
822,489208579,GP - 23,5710,4752A,PME,48920857900198,O,2025-12-06T05:48:34,Grenoble
823,489682005,ZENIKA,5710,6202A,ETI,48968200500215,O,2025-12-06T06:09:29,Grenoble
824,407793538,TOURNEBIZE,5710,5229B,PME,40779353800122,O,2025-12-06T05:15:22,Grenoble
825,408158558,E.T. DIFFUSION,5499,4771Z,PME,40815855800192,O,2026-07-03T14:16:33,Grenoble
826,789694262,RHONE-ALPES DISTRIBUTION,5710,4634Z,ETI,78969426200112,O,2025-12-24T14:26:06,Grenoble
827,391671708,CARNIVAR,5499,4722Z,ETI,39167170800017,O,2026-01-23T13:01:55,Grenoble
828,523905271,BILIK,5710,8299Z,PME,52390527100228,O,2026-07-29T10:47:34,Grenoble
829,514801455,LEASE PROTECT FRANCE,5710,4690Z,ETI,51480145500072,O,2026-05-15T18:30:53,Grenoble
830,490233012,N.E.R.I.B.,5499,7490B,PME,49023301200072,O,2026-02-13T18:16:35,Grenoble
831,903241909,PV DRAC,5710,3511Z,PME,90324190900014,O,2025-12-06T09:52:28,Grenoble
832,784404246,PLASSERAUD IP,5710,6910Z,ETI,78440424600273,O,2025-12-06T05:14:47,Grenoble
833,831217476,COSY SUCCURSALES,5710,5610C,PME,83121747600090,O,2025-12-06T06:48:55,Grenoble
834,831826649,B-HIVE,5710,7112B,ETI,83182664900129,O,2025-12-06T05:14:23,Grenoble
835,838005817,SERFIM ENERGIES RENOUVELABLES,5710,3511Z,ETI,83800581700013,O,2025-12-06T06:07:34,Grenoble
836,821615978,ELCIMAI ENVIRONNEMENT,5710,7112B,ETI,82161597800011,O,2026-01-30T13:01:45,Grenoble
837,791623069,SOCIETE PUBLIQUE LOCALE D'EFFICACITE ENERGETIQUE - SPL OSER,5599,4329B,ETI,79162306900105,O,2025-12-06T06:57:33,Grenoble
838,852898642,NOW CONNECTED,5710,8299Z,PME,85289864200123,O,2026-03-24T14:06:58,Grenoble
839,512803552,CRISTAL'ID,5710,6201Z,PME,51280355200144,O,2026-04-27T13:17:46,Rouen
840,613650696,TOUFLET BOULANGER,5699,1071A,ETI,61365069600214,O,2026-05-22T14:31:34,Rouen
841,478715774,CAPFINANCES - CONSEIL - ASSURANCE - PATRIMOINE - FINANCES,5710,6622Z,PME,47871577400038,O,2026-02-03T16:01:40,Rouen
842,478178890,TUBEST SAS,5710,2420Z,PME,47817889000024,O,2025-12-06T06:32:28,Rouen
843,503850778,LE FAUBOURG,5710,4771Z,PME,50385077800039,O,2025-12-06T05:25:31,Rouen
844,532582418,RNAS (ROUEN NORMANDIE AMENAGEMENT STATIONNEMENT),5599,4299Z,PME,53258241800036,O,2026-02-05T10:01:27,Rouen
845,900733973,SUNANGLE 6,5710,3511Z,ETI,90073397300011,O,2025-12-11T13:00:36,Rouen
846,835156712,LA PAT'FINE,5499,5610C,PME,83515671200084,O,2025-12-17T12:01:43,Rouen
847,841563042,QUIZZ ROOM,5710,9329Z,PME,84156304200024,O,2026-05-13T19:00:27,Rouen
848,823944608,SKY KITCHENS RESTAURATION,5710,5610C,ETI,82394460800038,O,2026-02-16T17:00:41,Rouen
849,819704990,GRUNGE MAMA,5710,4771Z,PME,81970499000038,O,2025-12-06T06:19:54,Rouen
850,827935669,GEORGES,5710,9601A,PME,82793566900016,O,2026-04-29T13:12:37,Rouen
851,838648244,PADEL SHOT,5710,9311Z,PME,83864824400039,O,2026-07-01T13:48:40,Rouen
852,403279367,TIFFANIE,5710,1071C,PME,40327936700029,O,2025-12-06T08:36:21,Dijon
853,423458504,NOVAHE,5710,4651Z,ETI,42345850400093,O,2025-12-06T07:00:18,Dijon
854,542003629,BISCUITERIE MISTRAL,5710,1072Z,PME,54200362900020,O,2025-12-06T08:03:27,Dijon
855,552069791,COMPAGNIE FRANCAISE D'ASSURANCE POUR LE COMMERCE EXTERIEUR,5599,6512Z,ETI,55206979100887,O,2025-12-06T08:19:08,Dijon
856,327621256,AC NEXITUP,5710,4652Z,ETI,32762125600038,O,2025-12-06T05:25:20,Dijon
857,353821044,PAGES VEDRENNE,5710,1101Z,ETI,35382104400065,O,2026-07-20T14:32:20,Dijon
858,444655955,SOCIETE NATIONALE DE GESTION,5710,6832A,PME,44465595500292,O,2025-12-06T10:45:45,Dijon
859,445171630,COVERCOM,5710,6120Z,PME,44517163000160,O,2025-12-06T06:29:54,Dijon
860,434428942,E.T.I.C.A. EXPERTISE TECHNIQUE INDUSTRIE CONSTRUCTION ACOUSTIQUE,5499,7112B,PME,43442894200040,O,2026-03-17T20:03:32,Dijon
861,428659312,MOYNE & ASSOCIES ETUDE GENEALOGIQUE,5710,9609Z,PME,42865931200139,O,2025-12-06T08:34:36,Dijon
862,422803957,LES CHOCOLATS BERNARD DUFOUX,5710,1082Z,PME,42280395700063,O,2025-12-06T06:37:09,Dijon
863,808344071,ASTEREN,5485,6910Z,PME,80834407100010,O,2026-02-20T13:13:16,Dijon
864,508632908,REGIS MARTELET,5710,4941C,ETI,50863290800010,O,2026-03-19T16:01:00,Dijon
865,494303555,C.E.P.E.DU PAYS DE ST SEINE,5499,3511Z,ETI,49430355500085,O,2026-03-12T12:01:42,Dijon
866,712046994,MAKITA FRANCE SAS,5710,4669A,ETI,71204699400216,O,2026-01-19T13:15:01,Dijon
867,538612193,CDDR 2,5202,3511Z,PME,53861219300093,O,2025-12-06T06:17:36,Dijon
868,309371839,EGIDE NOTAIRES,5785,6910Z,PME,30937183900015,O,2026-01-21T11:00:56,Angers
869,319544862,LTS LOVEFRANCE,5710,7712Z,ETI,31954486200166,O,2025-12-06T05:12:29,Angers
870,320889835,VOYAGES CORDIER,5710,4931Z,ETI,32088983500064,O,2025-12-06T07:04:54,Angers
871,380959064,BLUE WHALE,5710,4631Z,ETI,38095906400011,O,2025-12-06T07:50:38,Angers
872,440476224,TREMBLAYE DEMENAGEMENTS,5710,4942Z,PME,44047622400033,O,2025-12-06T07:07:16,Angers
873,851652313,CARSLIFT 2.0,5499,4511Z,PME,85165231300038,O,2025-12-06T06:41:26,Angers
874,808802276,ESCAPE YOURSELF,5710,9329Z,PME,80880227600085,O,2026-03-26T13:15:02,Angers
875,908567886,P2I AMO,5710,4110A,ETI,90856788600019,O,2026-01-16T14:10:14,Angers
876,383703055,ANGERS MONTPELLIER INVEST HOTELS,5202,5510Z,PME,38370305500012,O,2025-12-06T05:41:09,Angers
877,388185068,MISMO,5710,6203Z,PME,38818506800102,O,2026-06-10T17:00:32,Angers
878,395620107,LES DUCS DE GASCOGNE,5710,1013A,PME,39562010700015,O,2025-12-06T10:04:24,Angers
879,389478793,DLF RECHERCHE,5499,7120B,PME,38947879300034,O,2026-05-12T13:59:39,Angers
880,528365125,KRONENBOURG SUPPLY COMPANY,5710,1105Z,ETI,52836512500053,O,2025-12-06T05:43:37,Angers
881,338509854,AMBULANCES MARCHE ANJOU BRETAGNE,5499,8690A,PME,33850985400042,O,2025-12-06T07:44:17,Angers
882,534737291,CVE SOLAR,5710,7112B,ETI,53473729100474,O,2025-12-06T05:38:43,Nimes
883,530465327,ZIGZAG SIGNALISATION,5710,4211Z,PME,53046532700027,O,2026-03-05T13:10:02,Nimes
884,562096297,GETINGE FRANCE,5710,4646Z,ETI,56209629700220,O,2025-12-06T05:15:10,Nimes
885,612920322,BUESA TP,5710,4312B,ETI,61292032200031,O,2025-12-06T05:38:49,Nimes
886,413721473,ALPHASHOP,5499,2620Z,PME,41372147300010,O,2025-12-06T06:58:18,Nimes
887,421454950,MABA,5499,4724Z,PME,42145495000088,O,2026-05-12T14:12:00,Nimes
888,421563321,ACCI PLUS PATRIMOINE,5499,7022Z,PME,42156332100072,O,2025-12-06T06:02:31,Nimes
889,451606503,OXYLIO,5710,4511Z,PME,45160650300030,O,2025-12-06T05:13:56,Nimes
890,453841710,LABROSSE AB DISTRIBUTION,5499,4663Z,PME,45384171000073,O,2026-07-28T13:07:52,Nimes
891,480234251,ARTEPROM,5710,4110B,ETI,48023425100142,O,2026-01-09T15:01:46,Nimes
892,789698941,SYLVESTRE BETON,5710,2363Z,PME,78969894100026,O,2025-12-06T06:11:20,Nimes
893,508162062,BAGOSUD,5710,4772B,PME,50816206200014,O,2025-12-06T05:51:51,Nimes
894,509991451,A.D.R. SUD EST,5710,5221Z,PME,50999145100014,O,2025-12-06T05:14:22,Nimes
895,509089728,LE ROI SOLAIRE,5499,4321A,PME,50908972800026,O,2026-06-24T13:07:31,Nimes
896,518964143,TALENZ ARES RH,5710,8211Z,PME,51896414300029,O,2026-05-12T14:12:01,Nimes
897,519001192,SP1 CORUSCANT,5202,3511Z,PME,51900119200078,O,2025-12-06T08:15:59,Nimes
898,525150470,AXCEL ENERGIE,5710,3511Z,PME,52515047000116,O,2025-12-06T05:38:04,Nimes
899,529182065,TALENZ ARES PROVENCE,5710,6920Z,PME,52918206500035,O,2026-07-08T10:01:05,Nimes
900,412912453,AUDEBERT BOISSONS,5710,4634Z,PME,41291245300104,O,2025-12-06T05:55:04,Clermont-Ferrand
901,445123177,TAXI BABUT PERE ET FILS,5499,4932Z,PME,44512317700039,O,2025-12-06T08:31:25,Clermont-Ferrand
902,339514473,CINQINFO SA,5599,4771Z,PME,33951447300240,O,2025-12-06T06:22:50,Clermont-Ferrand
903,391855780,M.C.F.,5710,4673A,ETI,39185578000097,O,2025-12-06T05:25:04,Clermont-Ferrand
904,519013213,RADIOTEL ENTREPRISES,5710,4652Z,PME,51901321300060,O,2025-12-30T11:06:21,Clermont-Ferrand
905,523165868,DACTYL BURO AMENAGEMENT,5710,4665Z,PME,52316586800010,O,2025-12-06T11:32:09,Clermont-Ferrand
906,539158766,EXPERF RHONE ALPES,5710,7729Z,ETI,53915876600060,O,2025-12-06T05:13:29,Clermont-Ferrand
907,794173278,COMM PRO,5499,3320D,PME,79417327800027,O,2026-01-29T16:01:20,Clermont-Ferrand
908,652051830,CENPAC,5710,4676Z,ETI,65205183001079,O,2025-12-06T07:34:45,Clermont-Ferrand
909,438463135,PATISSERIE JUILHARD,5499,1071D,PME,43846313500014,O,2025-12-23T13:15:27,Clermont-Ferrand
910,908611775,MON EXPERT ADMINISTRATIF,5710,8211Z,PME,90861177500010,O,2026-06-08T15:00:28,Tours
911,847517109,GDSOLEIA 1,5710,3511Z,PME,84751710900108,O,2026-08-11T15:00:35.820,Tours
912,493414973,VAGO,5710,7022Z,PME,49341497300039,O,2026-08-19T13:08:20.615,Tours
913,437181076,SOCIETE DE PROSPECTION ET D'INVENTIONS TECHNIQUES SPIT,5710,2573B,ETI,43718107600013,O,2026-08-06T09:09:25.662,Tours
914,538600404,WORLDLINE MS FRANCE,5710,4651Z,ETI,53860040400064,O,2026-08-05T17:30:53.886,Tours
915,414679423,N.R. COMMUNICATION,5710,7312Z,ETI,41467942300205,O,2026-08-04T13:31:47.945,Tours
916,407684646,MEGA GAMES,5710,4741Z,PME,40768464600109,O,2026-08-03T13:10:06.768,Tours
917,305022873,BRANLY & ASSOCIES,5485,7112A,PME,30502287300015,O,2026-07-07T12:32:16,Tours
918,325372878,JEAN MARC PHILIPPE,5710,1413Z,PME,32537287800026,O,2026-07-24T13:19:18,Tours
919,501748198,MISTRAL AUTOMATISMES,5710,4399B,PME,50174819800063,O,2025-12-18T10:25:50,Tours
920,502009061,H2AIR,5710,7112B,ETI,50200906100057,O,2025-12-06T07:42:40,Tours
921,981970973,AUDIT RENOVATION,5710,7112B,PME,98197097300054,O,2026-03-31T12:32:27,Tours
922,956506828,ALDES,5710,2825Z,ETI,95650682800196,O,2025-12-06T06:17:20,Tours
923,340797190,NSI 4,5710,8121Z,ETI,34079719000105,O,2026-07-08T13:09:30,Tours
924,378606784,J&B FRANCOIS,5710,4778A,PME,37860678400122,O,2025-12-06T06:18:24,Tours
925,893290932,SOLID'R,5710,4322B,PME,89329093200019,O,2026-01-08T16:01:12,Metz
926,302572227,SOLORMAG,5710,4711F,ETI,30257222700049,O,2026-04-27T19:01:01,Metz
927,303215511,ALSACIENNE DE PROPRETE,5710,3811Z,PME,30321551100161,O,2025-12-06T06:41:41,Metz
928,305219677,ARJO FRANCE,5710,4646Z,ETI,30521967700211,O,2026-03-31T18:31:48,Metz
929,320663438,STE D'EXPLOITATION DES ETS HIEULLE,5710,9603Z,PME,32066343800077,O,2026-05-19T13:09:58,Metz
930,488498247,SKAYL,5710,7112B,ETI,48849824700045,O,2025-12-06T05:38:19,Metz
931,483770673,ASSADIA EST,5710,8891A,ETI,48377067300158,O,2026-06-10T12:36:58,Metz
932,479337107,VISTA AUTOMOBILES,5710,4511Z,PME,47933710700110,O,2025-12-06T05:58:06,Metz
933,404826554,GIE ALLIANCE GESTION,6220,8299Z,ETI,40482655400135,O,2025-12-06T10:04:10,Metz
934,511888026,OKWIND,5710,2811Z,ETI,51188802600040,O,2025-12-06T05:13:28,Metz
935,401344429,EFRAPO,5710,4669B,PME,40134442900014,O,2025-12-06T06:23:21,Metz
936,403547102,TECHNIC AUTO,5499,4511Z,ETI,40354710200075,O,2025-12-06T05:45:35,Metz
937,326233574,MARLY DISTRIBUTION,5710,4711F,ETI,32623357400028,O,2025-12-22T10:00:52,Metz
938,310530605,GAUTIER,5710,4645Z,ETI,31053060500099,O,2025-12-06T05:19:59,Metz
939,382857191,SOCIETE HERBAFLOR,5710,4759B,PME,38285719100037,O,2025-12-06T06:17:59,Metz
940,434008785,MAXICOFFEE SOLUTIONS EST,5710,4799B,ETI,43400878500090,O,2025-12-06T10:38:41,Metz
941,531010361,OLAG,5710,4771Z,PME,53101036100016,O,2025-12-06T06:22:25,Besancon
942,572821239,SOCIETE INDUSTRIELLE EXCELSIOR,5599,3320B,PME,57282123900033,O,2025-12-06T05:16:52,Besancon
943,413150855,SCPB,5499,6420Z,PME,41315085500018,O,2025-12-06T05:21:54,Besancon
944,421228206,AGENCE PIERRE IMMOBILIER SARL,5499,6831Z,PME,42122820600189,O,2025-12-06T06:15:07,Besancon
945,478837438,PUMTHAIFOODCHAIN,5499,5610A,PME,47883743800033,O,2025-12-06T07:57:37,Besancon
946,478893985,SARL VERDANT MARC,5499,1071C,PME,47889398500059,O,2025-12-06T05:38:56,Besancon
947,478995673,JEAN FURSTOSS EURL,5499,6622Z,PME,47899567300017,O,2025-12-06T06:24:25,Besancon
948,452155088,A CHACUN SON BOX,5499,5210B,PME,45215508800019,O,2025-12-06T05:18:51,Besancon
949,452230824,CEI GILLOT JEANBOURQUIN,5499,7112B,PME,45223082400016,O,2025-12-06T11:15:44,Besancon
950,452588825,ALTODIS,5710,4669B,PME,45258882500029,O,2025-12-06T08:33:44,Besancon
951,488392168,SOCIETE NOUVELLE PEREZ,5710,4941A,PME,48839216800016,O,2025-12-06T05:44:20,Besancon
952,488454299,A & A PARTNERS,5710,5829B,PME,48845429900063,O,2025-12-16T16:00:30,Besancon
953,350941563,MENWAY CONSEIL,5710,7022Z,ETI,35094156300289,O,2025-12-06T05:37:55,Orleans
954,793801069,MAX VAUCHE PRODUCTION,5710,1082Z,PME,79380106900071,O,2026-02-03T13:15:01,Orleans
955,692036924,CWT FRANCE,5710,7911Z,ETI,69203692403726,O,2026-06-29T20:31:50,Orleans
956,347719171,NOELSE FRANCE,5710,7739Z,PME,34771917101160,O,2025-12-06T11:22:04,Orleans
957,348394339,VILAR,5499,4641Z,PME,34839433900017,O,2025-12-06T05:19:09,Orleans
958,352703201,AHLSTROM SPECIALTIES,5710,1712Z,ETI,35270320100108,O,2025-12-06T05:25:21,Orleans
959,445284458,GO CAPITAL,5710,6630Z,PME,44528445800053,O,2025-12-06T05:51:36,Orleans
960,434902821,SAS DUCAS BRIENNE & ASSOCIES,5710,6621Z,ETI,43490282100140,O,2025-12-06T06:15:51,Orleans
961,448218396,L.V.I,5710,4520B,ETI,44821839600076,O,2025-12-06T06:20:01,Orleans
962,413525874,STRATUS,5499,4772B,PME,41352587400017,O,2026-02-11T10:00:52,Orleans
963,413663337,DIOT-SIACI CENTRE RHONE-ALPES,5710,6622Z,ETI,41366333700082,O,2026-07-21T13:13:40,Orleans
964,511067498,ALIVE ASSURANCES,5499,6622Z,PME,51106749800010,O,2025-12-06T05:38:35,Orleans
965,504868175,PARTNAIRE 72,5710,7820Z,ETI,50486817500085,O,2025-12-06T05:14:10,Orleans
966,829364264,A LA CROISEE DES CHEMINS,5499,5520Z,PME,82936426400020,O,2026-02-02T13:11:52,Mulhouse
967,831445424,ENERGYS BATTERIES FRANCE,5710,4690Z,PME,83144542400011,O,2026-01-16T12:01:45,Mulhouse
968,831580857,NOJALEK,5710,8553Z,PME,83158085700140,O,2025-12-06T06:05:29,Mulhouse
969,877492165,PSC EST,5710,7830Z,ETI,87749216500015,O,2025-12-06T08:38:33,Mulhouse
970,843208794,ZR PARE BRISE,5710,4520A,PME,84320879400019,O,2025-12-06T06:25:27,Mulhouse
971,843927583,SOLEFRA 2,5710,3511Z,PME,84392758300057,O,2025-12-06T06:04:23,Mulhouse
972,822227971,SELARL IMAGERIE MEDICALE DU VIGNOBLE,5485,8621Z,PME,82222797100014,O,2025-12-06T05:20:11,Mulhouse
973,820933208,CENTRE WETTA,5710,9602B,PME,82093320800044,O,2025-12-06T10:47:44,Mulhouse
974,821430154,GERSTAECKER GRAND EST LE GEANT DES BEAUX ARTS,5499,4778C,PME,82143015400012,O,2025-12-06T05:12:17,Mulhouse
975,819724881,STARK IMMOBILIER,5499,6831Z,PME,81972488100027,O,2025-12-06T06:48:55,Mulhouse
976,819975251,RIXDIS 2,5710,4730Z,ETI,81997525100011,O,2025-12-06T08:04:02,Mulhouse
977,648501971,ALSA CALOR,5599,4674B,PME,64850197100051,O,2025-12-06T11:07:48,Mulhouse
978,916320450,ARKEDIA,5710,4120B,PME,91632045000072,O,2026-02-17T13:13:59,Mulhouse
979,917121444,PAINS D EPICES FORTWENGER S A,5710,1072Z,PME,91712144400017,O,2025-12-06T10:05:55,Mulhouse
980,918013186,EUCLEA,5710,8559A,ETI,91801318600047,O,2026-07-31T19:00:59,Mulhouse
981,907451645,EFFERVESCENCE,5710,4791B,PME,90745164500010,O,2025-12-06T06:21:08,Mulhouse
982,320130222,CEME-GUERIN,5710,4321A,ETI,32013022200096,O,2025-12-06T06:06:55,Caen
983,339222689,TACHER ACOGEX,5710,6920Z,PME,33922268900046,O,2026-01-26T10:01:11,Caen
984,377280466,ETABLISSEMENTS BOPP TREUILS JEB,5710,2822Z,PME,37728046600030,O,2025-12-06T05:15:55,Caen
985,377539317,BATINEO GROUPE,5710,4120A,ETI,37753931700026,O,2026-02-11T13:16:23,Caen
986,949830988,DIAG NORMANDIE,5710,7120B,PME,94983098800075,O,2026-04-16T19:00:59,Caen
987,775610504,BODET SA,5599,7010Z,ETI,77561050400430,O,2026-07-24T09:00:34,Caen
988,775610561,LEGRAND-CERBONNEY,5710,4673B,PME,77561056100083,O,2025-12-06T06:29:02,Caen
989,877729509,ALTERNANCIA,5499,8559A,PME,87772950900019,O,2026-06-16T13:17:15,Caen
990,382190395,EUROCOUTURE,5710,4751Z,PME,38219039500097,O,2025-12-06T07:55:22,Caen
991,393783048,ALBERT DELALONDE,5499,4771Z,PME,39378304800019,O,2026-06-11T16:00:52,Caen
992,388343105,OUEST ACRO,5710,4399D,PME,38834310500028,O,2025-12-06T05:43:44,Caen
993,409766375,EXELL SECURITE,5710,7490B,ETI,40976637500276,O,2026-06-11T18:59:41,Caen
994,412632663,VLM,5710,7911Z,PME,41263266300016,O,2026-06-30T13:17:07,Caen
995,389405457,DIVES AUTO-LAVAGE,5710,4520A,PME,38940545700075,O,2025-12-06T05:55:26,Caen
996,351267372,H2D CONSULTANTS,5710,6492Z,PME,35126737200149,O,2025-12-06T08:09:41,Caen
997,423695683,LV COM,5710,4652Z,PME,42369568300049,O,2025-12-06T10:50:33,Caen
998,332201458,SIGNAUX GIROD NORD,5710,4211Z,ETI,33220145800020,O,2025-12-06T05:32:23,Caen
999,331418186,MAAS,5710,4669B,PME,33141818600028,O,2025-12-06T06:19:36,Nancy
1000,330139403,GOODYEAR FRANCE,5710,4531Z,ETI,33013940300621,O,2026-04-22T13:27:22,Nancy
1001,330440983,OVOL FRANCE,5710,4676Z,ETI,33044098300055,O,2026-07-30T19:00:47,Nancy
1002,380245878,FORMAVENIR PERFORMANCES,5710,8559A,PME,38024587800349,O,2025-12-15T14:31:28,Nancy
1003,847669694,EXPLORATIONS FONCTIONNELLES,5785,8621Z,PME,84766969400030,O,2026-03-24T13:09:07,Nancy
1004,342027406,AGEMA,5710,4332C,ETI,34202740600111,O,2026-08-26T16:40:23.806,Nancy
1005,345080873,POLYPOLES,5710,4669B,PME,34508087300069,O,2026-05-12T13:59:38,Nancy
1006,392581476,N.P.R,5499,5813Z,PME,39258147600174,O,2025-12-06T05:22:42,Nancy
1007,443061841,GOOGLE FRANCE,5499,6202A,ETI,44306184100047,O,2026-05-12T14:12:00,Nancy
1008,682022967,SOCIETE FRANCAISE DE LEVAGE,5710,7732Z,PME,68202296700090,O,2025-12-06T05:25:39,Nancy
1009,521673566,ATOUT PASS,5710,7990Z,PME,52167356600050,O,2025-12-06T05:15:56,Poitiers
1010,524215589,BOCAPA 87,5499,4771Z,PME,52421558900028,O,2025-12-06T06:18:33,Poitiers
1011,751479593,AQUITAINE ASSISTANCE,5710,8129B,ETI,75147959300012,O,2026-05-12T14:12:01,Poitiers
1012,534753728,ANP,5710,4322A,PME,53475372800029,O,2025-12-06T05:20:38,Poitiers
1013,533106159,COOP&BAT,5558,4399C,PME,53310615900072,O,2025-12-06T11:06:04,Poitiers
1014,793736216,ELLYX,5460,7220Z,PME,79373621600094,O,2025-12-06T08:05:57,Poitiers
1015,789430758,HUIS-ALLIANCE,5710,6910Z,PME,78943075800043,O,2025-12-06T10:50:18,Poitiers
1016,804804870,LOULOUE,5710,7990Z,PME,80480487000058,O,2025-12-06T09:23:19,Poitiers
1017,538444563,SARL UTOPA,5499,4759B,ETI,53844456300018,O,2026-02-18T19:00:35,Poitiers
1018,789988888,CPV SUN 21,5499,3511Z,ETI,78998888800077,O,2025-12-06T05:13:15,Poitiers
1019,809357916,PIERREVAL ASSET MANAGEMENT,5499,7022Z,ETI,80935791600026,O,2025-12-06T08:15:10,Poitiers
1020,803104181,FORMEXPERT,5499,8559A,PME,80310418100018,O,2025-12-25T13:15:55,Poitiers
1021,794493023,NIELDASTORE,5499,4742Z,PME,79449302300046,O,2025-12-06T08:26:55,Poitiers
1022,791861065,BIOMEN POITIERS,5710,4711D,ETI,79186106500013,O,2025-12-06T06:05:29,Poitiers
1023,539993428,ACOLEVA,5710,4941A,PME,53999342800017,O,2025-12-06T07:02:47,Poitiers
1024,390396687,AMBULANCES SUD VIENNE,5710,8690A,PME,39039668700050,O,2025-12-06T10:50:08,Poitiers
1025,832145213,FORCAPRIMM,5710,6831Z,PME,83214521300050,O,2025-12-06T05:36:54,Annecy
1026,843978321,LA BULLE DES PETITS PAS,5499,8891A,PME,84397832100019,O,2025-12-06T05:12:48,Annecy
1027,837597319,SAGE ET ASSOCIES,5785,6910Z,PME,83759731900016,O,2026-04-29T18:46:28,Annecy
1028,850852963,EQUILIBRE BY SOLES,5710,3250A,PME,85085296300014,O,2025-12-06T06:22:59,Annecy
1029,922739891,GODOT & FILS S.E,5710,4672Z,ETI,92273989100013,O,2026-01-08T13:18:33,Annecy
1030,311137590,IMEPSA INDUSTRIE,5710,2229A,ETI,31113759000023,O,2026-06-08T13:09:25,Annecy
1031,304581226,INTERIEUR ALPES,5710,4759A,ETI,30458122600061,O,2025-12-06T07:04:00,Annecy
1032,316291590,CHAVANEL S.A.S.,5710,4661Z,ETI,31629159000032,O,2025-12-06T05:43:28,Annecy
1033,331478792,RADIO PLUS DEVELOPPEMENT,5710,6010Z,PME,33147879200103,O,2025-12-25T13:19:03,Annecy
1034,331788406,MOD'ALP,5499,7010Z,PME,33178840600097,O,2025-12-06T05:37:47,Annecy
1035,488106964,SOCIETE D'ETUDES ET D'APPLICATIONS DE COMPOSANTS GUIRAUD FRERES,5710,2361Z,ETI,48810696400015,O,2025-12-06T05:16:52,Paris
1036,503546525,ASSISTANCE FRANCILIEN,5499,4332B,PME,50354652500208,O,2025-12-06T09:05:14,Paris
1037,503575250,BETA RENEWABLES FRANCE,5710,3511Z,ETI,50357525000371,O,2026-07-01T13:31:13,Paris
1038,095720314,HEXAOM,5599,4110A,ETI,09572031400012,O,2026-07-07T11:00:24,Paris
1039,408140671,TARA JARMON,5710,4771Z,ETI,40814067100293,O,2025-12-06T06:22:24,Paris
1040,332349232,OXBOW,5710,4642Z,PME,33234923200485,O,2026-05-04T16:32:09,Paris
1041,433887783,CAROPTIC,5710,4778A,PME,43388778300077,O,2026-01-06T13:08:38,Paris
1042,424850014,PORTALP FRANCE,5710,4329B,ETI,42485001400038,O,2026-06-01T14:32:36,Paris
1043,330176470,BANQUE FRANCAISE COMMERCIALE OCEAN INDIEN,5599,6419Z,ETI,33017647000095,O,2025-12-06T07:35:29,Paris
1044,521749085,PI ENERGY,5710,3511Z,ETI,52174908501109,O,2025-12-06T06:25:26,Paris
1045,488791203,YOOPALA SERVICES,5599,8899B,ETI,48879120300042,O,2025-12-06T10:44:46,Paris
1046,814930327,MECO 16,5499,3511Z,PME,81493032700303,O,2025-12-06T06:32:29,Paris
1047,824528277,GDSOL 90,5499,3511Z,ETI,82452827700281,O,2025-12-06T06:19:04,Paris
1048,831116553,CAP SOLAR 72,5710,3511Z,ETI,83111655300031,O,2025-12-06T11:05:07,Paris
1049,880120597,DAVAI ENRSPV3,5710,7112B,PME,88012059700013,O,2025-12-06T08:14:06,Paris
1050,880167630,EISMANN FRANCE,5710,4729Z,PME,88016763000016,O,2025-12-06T08:40:42,Paris
1051,331552489,RECA,5710,2030Z,ETI,33155248900014,O,2026-01-27T16:00:23,Lyon
1052,410049696,OCEA SMART BUILDING,5710,7739Z,ETI,41004969600405,O,2025-12-06T06:24:41,Lyon
1053,343207916,STAR'S SERVICE,5710,4941B,ETI,34320791600010,O,2026-06-09T11:47:23,Lyon
1054,350805396,SOCIETE FRANCAISE DE MAISONS INDIVIDUELLES SFMI,5710,4120A,PME,35080539600610,O,2025-12-06T06:29:37,Lyon
1055,442984266,AXO ET ACTIFS,5710,6831Z,PME,44298426600159,O,2026-07-20T12:00:58,Lyon
1056,428193726,D'MEDICA,5599,4646Z,ETI,42819372600562,O,2026-06-03T11:05:13,Lyon
1057,391670783,BONHOMME DE BOIS DISTRIBUTION,5710,4765Z,PME,39167078300334,O,2025-12-06T05:16:07,Lyon
1058,384448148,LAO,5710,9603Z,PME,38444814800229,O,2025-12-06T05:25:38,Lyon
1059,534376041,L'IMPERTINENTE,5710,4771Z,ETI,53437604100164,O,2026-06-11T20:10:49,Lyon
1060,539112094,EUROLEV VERTICAL SOLUTION,5710,7732Z,ETI,53911209400013,O,2025-12-06T05:26:20,Lyon
1061,712980432,CEMEX GRANULATS RHONE MEDITERRANEE,5710,0812Z,ETI,71298043200348,O,2025-12-06T05:25:31,Lyon
1062,811599406,PKF ARSILON COMMISSARIAT AUX COMPTES,5710,6920Z,ETI,81159940600410,O,2026-07-17T16:31:44,Lyon
1063,500492004,BDO FRANCE,5710,8559A,ETI,50049200400337,O,2026-07-07T12:34:43,Lyon
1064,980610380,OG CLEAN FUELS FRANCE,5710,4671Z,PME,98061038000027,O,2026-06-18T11:00:49,Lyon
1065,917628539,GUENIFEY,5710,9609Z,PME,91762853900012,O,2026-05-12T18:30:50,Lyon
1066,879401826,DIMOTRANS GLOBAL TRANSPORT,5710,5229B,ETI,87940182600018,O,2026-07-28T18:30:57,Lyon
1067,387873276,SOCIETE NOUVELLE SANITAIRE LITTORAL COTE D'AZUR,5710,4673B,ETI,38787327600134,O,2026-07-24T16:00:30,Marseille
1068,542063664,COGEP AVOCATS,5785,6910Z,ETI,54206366400214,O,2026-07-21T18:32:07,Marseille
1069,662043272,BMI PRODUCTION FRANCE,5710,2332Z,ETI,66204327200480,O,2025-12-06T05:16:52,Marseille
1070,662043595,CNIM GROUPE,5699,2821Z,PME,66204359500468,O,2025-12-06T10:02:47,Marseille
1071,812088045,ECO PROD SOL C,5710,3511Z,PME,81208804500156,O,2025-12-06T10:54:03,Marseille
1072,967504697,BOIRON,5599,2120Z,ETI,96750469700566,O,2025-12-06T05:15:22,Marseille
1073,775691074,SOC INTERP ARTISAN GARANTIE INVESTISSE,5599,6492Z,PME,77569107400022,O,2025-12-06T05:19:10,Marseille
1074,827954959,SPV PV 16,5710,3511Z,ETI,82795495900223,O,2026-05-19T10:00:25,Marseille
1075,823832894,EXPERTISE & CONCEPT SUD-EST,5710,6621Z,ETI,82383289400021,O,2026-04-03T13:10:49,Marseille
1076,813918604,AD SENIORS CENTRALE,5499,8810A,ETI,81391860400170,O,2026-04-22T13:12:30,Toulouse
1077,820363331,CATAMANIA,5710,6202A,ETI,82036333100019,O,2026-02-18T13:01:20,Toulouse
1078,844600320,APEX SOLAR 15,5710,3511Z,ETI,84460032000239,O,2025-12-06T06:27:47,Toulouse
1079,833457211,BDR THERMEA FRANCE,5710,2521Z,ETI,83345721100013,O,2026-03-05T10:50:38,Toulouse
1080,313350613,COMPTOIR GENERAL POUR LA FERMETURE,5710,4674A,ETI,31335061300151,O,2025-12-06T09:14:17,Toulouse
1081,331901397,FLASH TAXICOLIS,5710,5229B,ETI,33190139700603,O,2026-07-03T19:02:08,Toulouse
1082,302115548,ROUXEL SECAMA,5710,4669C,PME,30211554800018,O,2025-12-06T05:16:50,Toulouse
1083,305303117,FEDERAT NATION GROUP RETRAITE PREVOYANCE,6220,6511Z,PME,30530311700025,O,2026-03-04T11:00:39,Toulouse
1084,500778030,A.E.D.EXPERTISES,5499,7120B,PME,50077803000394,O,2026-05-19T20:31:38,Toulouse
1085,327878393,CAN,5710,4399D,ETI,32787839300013,O,2025-12-06T09:42:24,Lille
1086,448576454,DORE DORE 1819,5710,4771Z,PME,44857645400202,O,2025-12-06T06:22:42,Lille
1087,481640282,FILL,5710,4725Z,PME,48164028200010,O,2026-06-19T19:00:27,Lille
1088,508067188,SGRHVS,5710,5510Z,PME,50806718800187,O,2026-05-07T13:10:06,Lille
1089,830185021,CACHEMIRE PROVINCE,5499,4771Z,PME,83018502100193,O,2025-12-06T06:24:18,Lille
1090,890916497,URGENCEMED FRANCE,5710,7729Z,ETI,89091649700021,O,2025-12-06T09:58:28,Lille
1091,334412145,IRSS,5499,8559A,PME,33441214500263,O,2026-07-24T13:17:01,Bordeaux
1092,411322688,H.C. LAVAGES DISTRIBUTION,5499,2829B,PME,41132268800010,O,2025-12-06T07:38:43,Nantes
1093,343321618,TORANN-FRANCE,5710,8010Z,ETI,34332161800179,O,2026-07-28T18:31:31,Nantes
1094,351322722,RISO FRANCE SA,5599,9511Z,PME,35132272200064,O,2026-01-08T14:00:42,Nantes
1095,450160122,AF MAINTENANCE,5499,4329B,PME,45016012200187,O,2026-05-26T18:46:18,Nantes
1096,444436042,INGELIANCE TECHNOLOGIES,5710,7112B,ETI,44443604200071,O,2026-06-30T13:37:36,Nantes
1097,428565782,BONTON,5710,4771Z,ETI,42856578200276,O,2025-12-06T05:36:53,Nantes
1098,428616734,GRENKE LOCATION,5710,7733Z,ETI,42861673400227,O,2025-12-06T05:43:37,Nantes
1099,382093003,PARAMAT,5710,4646Z,PME,38209300300012,O,2026-01-09T13:18:24,Nantes
1100,712047869,FOLIATEAM,5710,6110Z,ETI,71204786900078,O,2026-04-22T13:31:37,Nantes
1101,719805772,SYNDEX,5560,6920Z,ETI,71980577200402,O,2025-12-06T05:25:31,Nantes
1102,572064145,UNION TECHNIQUE DU BATIMENT,5560,4322A,ETI,57206414500145,O,2026-05-28T12:31:32,Nantes
1103,920220548,SODIGE SUD,5710,4730Z,ETI,92022054800019,O,2026-05-29T11:30:59,Nantes
1104,755800646,BERGER LEVRAULT,5710,5829C,ETI,75580064600373,O,2025-12-06T05:43:37,Nantes
1105,775576036,GROUPE MEAC S.A.S.,5710,0811Z,ETI,77557603600534,O,2025-12-06T05:25:22,Nantes
1106,983007337,DAHER BUSINESS SUPPORT,5710,8211Z,PME,98300733700014,O,2025-12-06T05:38:21,Nantes
1107,389358854,DORANCO ESPACE MULTIMEDIA,5710,8559A,PME,38935885400237,O,2026-08-24T17:31:59.378,Nantes
1108,417534401,ASTEK INNOVATION,5710,7112B,ETI,41753440100282,O,2026-08-21T20:31:24.921,Nantes
1109,387837032,CELAD,5710,6202A,ETI,38783703200011,O,2025-12-06T05:43:44,Strasbourg
1110,524228939,GROUPE DETEMPLE SAS,5710,6420Z,PME,52422893900012,O,2026-05-28T15:00:25,Strasbourg
1111,810365817,DELIVEROO FRANCE SAS,5710,6312Z,ETI,81036581700214,O,2026-05-13T17:12:04,Strasbourg
1112,804953016,TENNISPRO,5710,4764Z,PME,80495301600024,O,2025-11-20T17:01:19,Strasbourg
1113,542078431,DERTOUR FRANCE,5710,7912Z,ETI,54207843100492,O,2025-12-06T05:43:29,Strasbourg
1114,404136533,STAFF DECOR,5710,2369Z,ETI,40413653300019,O,2025-12-06T05:14:09,Strasbourg
1115,390669778,CLARINS FRANCE,5710,4645Z,ETI,39066977800073,O,2026-07-20T15:00:33,Strasbourg
1116,572103471,LA BAGAGERIE,5710,4772B,PME,57210347100072,O,2025-12-06T05:40:25,Strasbourg
1117,572174415,MARSH SAS,5710,6622Z,ETI,57217441500255,O,2025-12-06T05:36:02,Strasbourg
1118,588500629,WILLY LEISSNER,5710,4669A,ETI,58850062900161,O,2025-12-06T05:43:51,Strasbourg
1119,390471985,HENRY SCHEIN FRANCE SCA,5308,4646Z,ETI,39047198500270,O,2026-07-17T10:30:38,Montpellier
1120,402525000,LS SERVICES,5560,8299Z,PME,40252500000343,O,2025-12-06T10:05:55,Montpellier
1121,438357295,MARIGNAN,5710,4110A,ETI,43835729500304,O,2026-06-17T11:31:50,Montpellier
1122,832416242,CITYA DEVELOPPEMENT,5499,6831Z,ETI,83241624200150,O,2025-12-24T10:43:52,Montpellier
1123,801172545,TIGER STORES FRANCE,5710,4719B,PME,80117254500296,O,2025-12-06T05:15:23,Montpellier
1124,811174200,2P INTI,5710,3511Z,PME,81117420000352,O,2025-12-06T06:15:44,Montpellier
1125,851035329,CHAPSVISION,5710,6201Z,ETI,85103532900024,O,2026-08-21T12:33:16.208,Montpellier
1126,351802186,SILVYA TERRADE SUD-OUEST,5710,8559B,ETI,35180218600020,O,2026-08-20T09:00:27.392,Montpellier
1127,306494899,TRANSPORTS H.DUCROS,5710,5229A,ETI,30649489900280,O,2025-12-06T10:22:51,Montpellier
1128,314357724,EPB LA CHAISE LONGUE,5710,4649Z,PME,31435772400157,O,2025-12-06T08:19:58,Montpellier
1129,072800600,SA R E S O,5699,4673A,ETI,07280060000057,O,2026-06-19T13:07:11,Montpellier
1130,329702260,FERT RECYCLAGE,5710,3831Z,ETI,32970226000053,O,2026-07-09T13:13:47,Montpellier
1131,509594784,LA BOUTIQUE DES GROUPES,5710,7912Z,ETI,50959478400019,O,2025-12-06T05:27:02,Rennes
1132,509705737,IVOLTALIS,5499,7490B,ETI,50970573700112,O,2026-05-13T14:36:18,Rennes
1133,512428392,PNEU A BAS PRIX,5710,4532Z,PME,51242839200058,O,2025-12-06T11:00:34,Rennes
1134,399479310,ADITEC,5710,4673A,PME,39947931000043,O,2026-07-06T15:31:58,Rennes
1135,403082852,GIE PRICEWATERHOUSE COOPERS SERVICES,6220,8299Z,ETI,40308285200316,O,2026-06-03T11:05:12,Rennes
1136,403315815,APLIM,5710,5829C,PME,40331581500031,O,2026-06-04T20:30:45,Rennes
1137,382643914,LAFAURIE S.A.S,5710,4771Z,PME,38264391400197,O,2026-07-16T13:15:25,Rennes
1138,447591868,DEV PRESS,5710,9601B,PME,44759186800180,O,2026-06-11T13:49:12,Rennes
1139,335092318,ORACLE FRANCE,5710,6202A,ETI,33509231800609,O,2026-06-02T13:35:26,Rennes
1140,523394724,PARKER HANNIFIN MANUFACTURING FRANCE,5710,2812Z,ETI,52339472400018,O,2025-12-06T07:30:47,Rennes
1141,803781509,SO' GEROUEST,5710,4730Z,ETI,80378150900010,O,2026-04-30T13:10:13,Rennes
1142,788034551,SOFRILOG OUEST,5710,5210A,ETI,78803455100259,O,2025-12-06T10:04:25,Rennes
1143,404744757,KERMARREC IMMOBILIER,5710,6831Z,PME,40474475700174,O,2025-12-25T13:11:55,Rennes
1144,822160990,LMDC,5710,8211Z,PME,82216099000138,O,2026-07-17T11:38:08,Rennes
1145,840340525,C.E.S PRO CONSULT,5710,7120B,PME,84034052500103,O,2025-12-06T09:27:50,Grenoble
1146,880105135,FRANCE CENTRE COMPANY 43,5499,6820B,ETI,88010513500011,O,2026-07-09T13:00:30,Grenoble
1147,883881823,MG SERVICES,5710,4321A,ETI,88388182300016,O,2026-05-29T13:15:10,Grenoble
1148,907824817,SOCIETE D EXPLOITATION DES GRANDS MAGASINS,5710,4719A,ETI,90782481700122,O,2026-07-07T16:34:10,Grenoble
1149,424081099,MANCHE ATLANTIQUE PRESSE,5710,5814Z,PME,42408109900246,O,2026-08-14T13:09:07.840,Grenoble
1150,410458566,ALKERA,5710,6621Z,ETI,41045856600099,O,2026-08-06T16:31:52.013,Grenoble
1151,880907639,TO01,6220,8622C,PME,88090763900020,O,2025-12-06T11:15:38,Grenoble
1152,057502148,ETABLISSEMENTS PAYANT,5710,4663Z,ETI,05750214800018,O,2025-12-06T05:43:28,Grenoble
1153,492431168,EPICURIA SUCRE SALE,5710,1071C,PME,49243116800029,O,2025-12-06T05:20:10,Grenoble
1154,501226187,LYL,5710,4791B,ETI,50122618700026,O,2026-04-13T13:08:38,Grenoble
1155,511959116,RYSOPTIC,5710,4778A,PME,51195911600076,O,2025-12-06T05:15:34,Grenoble
1156,484304696,PRIMONIAL,5710,6622Z,ETI,48430469600160,O,2026-08-20T10:31:35.811,Rouen
1157,418423158,CHOCOLATS HAUTOT,5499,1082Z,PME,41842315800140,O,2026-08-04T16:01:06.061,Rouen
1158,890149180,SAS SABBAN & CO,5710,4771Z,PME,89014918000014,O,2026-07-31T13:10:09,Rouen
1159,881763924,MOVIES MULTISERVICES,5710,9329Z,PME,88176392400050,O,2025-12-18T19:01:42,Rouen
1160,909667032,SB2F ENERGIE,5499,3511Z,PME,90966703200017,O,2025-12-06T09:04:46,Rouen
1161,451972483,API TECH,5710,2899B,ETI,45197248300031,O,2025-12-06T06:18:32,Rouen
1162,095750311,PRYSMIAN CABLES ET SYSTEMES FRANCE,5710,2732Z,ETI,09575031100805,O,2025-12-06T10:06:55,Rouen
1163,398517169,VERIZON FRANCE,5710,6110Z,ETI,39851716900502,O,2026-02-26T14:32:26,Rouen
1164,397742651,CABINET KUPIEC ET DEBERGH,5710,7120B,PME,39774265100169,O,2025-12-06T05:43:36,Rouen
1165,383463718,KOMATSU FRANCE,5710,4663Z,ETI,38346371800023,O,2025-12-06T05:59:35,Rouen
1166,434074878,NIORT FRERES DISTRIBUTION,5710,4531Z,ETI,43407487800019,O,2026-05-20T12:01:02,Rouen
1167,420178550,LODING,5710,4772A,PME,42017855000323,O,2026-02-13T13:09:00,Rouen
1168,410515985,SARL CABINET LASSERRE,5710,7112B,ETI,41051598500159,O,2026-03-23T13:08:29,Rouen
1169,411298466,"SOCIETE DE DIFFUSION FLORALE, EN ABREGE SODIF",5710,4622Z,PME,41129846600011,O,2025-12-06T05:26:19,Rouen
1170,796180420,CUENOD,5710,4669B,ETI,79618042000377,O,2025-12-06T05:25:31,Dijon
1171,799693858,WORK 2000 PARTENAIRES,5710,7820Z,ETI,79969385800117,O,2026-06-16T11:32:51,Dijon
1172,832758478,COMPTOIRS SAONE BEAUJOLAIS,5499,4711B,PME,83275847800016,O,2025-12-06T06:09:21,Dijon
1173,982547747,O GREEN,5710,4791A,PME,98254774700021,O,2026-07-01T13:46:50,Dijon
1174,822007480,EUROTOLE FR,5710,4520A,PME,82200748000012,O,2026-08-07T14:31:29.674,Dijon
1175,898376017,VALEURS RH,5710,6920Z,PME,89837601700072,O,2026-04-21T11:00:26,Dijon
1176,492441944,RACHYX,5485,8621Z,PME,49244194400039,O,2025-12-06T08:11:00,Dijon
1177,420974958,VETEMENTS MORI,5710,4771Z,PME,42097495800019,O,2026-01-22T15:00:38,Dijon
1178,327095287,LES COMPAGNONS CONSTRUC MAISONS INDIVID,5710,4120A,PME,32709528700030,O,2025-12-06T06:56:46,Dijon
1179,434486122,PIXEL6TM,5710,6391Z,ETI,43448612200048,O,2025-12-06T05:22:52,Angers
1180,438209157,ECHOSENS,5599,4646Z,ETI,43820915700090,O,2025-12-06T05:25:21,Angers
1181,422433128,IMAGE COMMUNICATION IMPRESSIONS,5710,1812Z,PME,42243312800028,O,2025-12-06T05:20:09,Angers
1182,422437657,D2P PHARMA,5710,4646Z,ETI,42243765700071,O,2025-12-06T07:34:45,Angers
1183,390447068,LA PETITE MARQUISE,5710,1082Z,PME,39044706800011,O,2025-12-06T07:38:58,Angers
1184,452455983,AV INDUSTRY,5710,4643Z,ETI,45245598300091,O,2025-12-06T05:17:13,Angers
1185,488082058,ISORENO,5499,4332A,PME,48808205800048,O,2025-12-06T05:19:11,Angers
1186,803278274,KJ DEVELOPPEMENT 44,5710,5610C,PME,80327827400011,O,2025-12-06T10:01:31,Angers
1187,808665269,ALS DOUANE,5710,5229B,ETI,80866526900086,O,2026-06-04T11:00:39,Angers
1188,391513207,C.R.A.FORMATION,5499,8559A,PME,39151320700046,O,2025-12-06T05:19:20,Angers
1189,508512027,LR ECHAFAUDAGES,5499,7732Z,PME,50851202700063,O,2025-12-06T05:19:11,Angers
1190,514411479,PLUSDEBAD,5499,4764Z,PME,51441147900041,O,2025-12-06T06:29:38,Angers
1191,520804311,VIREE SHOPPING,5499,4778C,PME,52080431100048,O,2025-12-06T06:20:42,Angers
1192,521671065,ELIBAT,5710,7120B,ETI,52167106500022,O,2025-12-06T05:43:29,Angers
1193,490169927,COTE CONSTRUCTION,5499,7112B,PME,49016992700046,O,2025-12-06T06:06:56,Angers
1194,490020864,ARCHEODUNUM SAS,5710,7112B,PME,49002086400024,O,2025-12-06T08:21:02,Nimes
1195,490680717,VDO FRANCE,5710,5229B,PME,49068071700041,O,2026-06-04T13:10:47,Nimes
1196,702621590,TALENZ ARES AUDIT,5710,6920Z,PME,70262159000042,O,2025-12-06T05:43:37,Nimes
1197,483405247,UNION DISTILLERIES MEDITERRANEE,6318,1101Z,ETI,48340524700055,O,2026-04-08T16:32:27,Nimes
1198,903679603,TAOZEN,5710,9609Z,PME,90367960300063,O,2026-06-03T13:53:41,Nimes
1199,900647538,MASM,5499,6420Z,PME,90064753800066,O,2025-12-06T05:38:28,Nimes
1200,798339149,FD.COM,5710,6190Z,PME,79833914900055,O,2025-12-06T06:18:49,Nimes
1201,840080030,M.M AND CO,5710,8553Z,PME,84008003000017,O,2026-07-03T13:09:59,Nimes
1202,829266782,SELAS DU DOCTEUR OLIVIER REBOLLO,5785,8622C,PME,82926678200020,O,2025-12-06T06:54:38,Nimes
1203,829267053,SELAS DU DOCTEUR PIERRE-ANDRE DUVAL,5785,8622C,PME,82926705300017,O,2025-12-06T10:47:36,Nimes
1204,834363384,ED5,5499,3511Z,ETI,83436338400118,O,2025-12-06T06:19:30,Nimes
1205,835225269,CHERCHEUR D OR PROVENCE,5710,4777Z,PME,83522526900025,O,2026-06-16T13:07:23,Nimes
1206,835378241,SELAS DU DOCTEUR TIMOTHE BUSETTO,5785,8622C,PME,83537824100011,O,2025-12-06T05:39:34,Nimes
1207,881985360,JMW,5710,4721Z,PME,88198536000018,O,2025-12-06T08:16:35,Nimes
1208,882556376,EOLIENNE DE LA LOUVETIERE,5710,3511Z,ETI,88255637600011,O,2025-12-06T06:27:48,Nimes
1209,754045367,JD CLERCLOP,5499,4778C,PME,75404536700010,O,2026-05-19T13:10:37,Clermont-Ferrand
1210,814229027,PRIMADONA FRANCE,5499,4771Z,PME,81422902700119,O,2026-04-15T12:31:16,Clermont-Ferrand
1211,814788386,LULU LA BOULANGE,5499,1071C,PME,81478838600021,O,2025-12-06T05:41:25,Clermont-Ferrand
1212,812751519,ENERCOOP AUVERGNE-RHONE-ALPES PRODUCTION,5499,3511Z,PME,81275151900024,O,2026-02-18T15:01:15,Clermont-Ferrand
1213,842024861,DOMINO CARE LARA,5710,7820Z,ETI,84202486100010,O,2026-07-30T11:00:43,Clermont-Ferrand
1214,380929232,SOBEMO,5710,2361Z,PME,38092923200029,O,2026-05-11T14:30:58,Clermont-Ferrand
1215,377619150,GENERIX GROUP,5710,5829C,ETI,37761915000214,O,2026-03-31T12:32:07,Clermont-Ferrand
1216,500594346,NSI 3,5710,8121Z,ETI,50059434600107,O,2026-07-29T20:42:11,Clermont-Ferrand
1217,503528572,OPENSTUDIO,5710,6202A,PME,50352857200145,O,2025-12-06T08:33:44,Clermont-Ferrand
1218,393727391,MPO FENETRES,5710,4332A,PME,39372739100012,O,2025-12-06T05:25:38,Tours
1219,384425476,VERT MARINE,5710,9311Z,ETI,38442547600445,O,2025-12-06T09:31:51,Tours
1220,399581396,SKY ACCES,5710,7732Z,ETI,39958139600039,O,2025-12-06T05:25:04,Tours
1221,409143336,J L O S,5499,4642Z,PME,40914333600041,O,2025-12-06T11:15:44,Tours
1222,397719121,LFI,5710,6820B,PME,39771912100063,O,2026-06-26T09:31:29,Tours
1223,411252968,CENTRE FRANCE INFO REGION,5710,6391Z,ETI,41125296800069,O,2025-12-06T05:21:05,Tours
1224,432170579,MAISON NARDEUX,5710,1071C,PME,43217057900085,O,2025-12-06T05:15:10,Tours
1225,574803185,SABOC,5710,4621Z,ETI,57480318500028,O,2025-12-06T06:59:10,Tours
1226,580201127,SA DEFENSE ET D ASSURANCES,5699,6512Z,ETI,58020112700017,O,2025-12-06T11:22:27,Tours
1227,483695573,CENTRE D'IMAGERIE MEDICALE DU MAIL,5785,8621Z,PME,48369557300012,O,2026-07-09T13:11:47,Tours
1228,487565137,T . M. E,5499,4941B,ETI,48756513700147,O,2026-04-10T12:31:37,Tours
1229,477803076,PLACEO,5710,4399D,ETI,47780307600439,O,2026-07-22T10:53:43,Tours
1230,810523860,LES CONVOYEURS ATTENDENT,5499,5911C,PME,81052386000122,O,2026-03-04T10:25:03,Tours
1231,509483566,CHAVIGNY TRANSPORTS ET TRAVAUX PUBLICS,5710,4312A,ETI,50948356600014,O,2026-07-01T13:46:48,Tours
1232,493719231,SARL GARAGE DES STUARTS,5499,4511Z,PME,49371923100034,O,2025-12-25T13:13:53,Tours
1233,349766055,SOCIETE FINANCIERE DESHOULIERES,5710,6430Z,PME,34976605500025,O,2025-12-06T06:25:16,Metz
1234,323515635,SCHALLER PERE ET FILS,5710,4781Z,PME,32351563500015,O,2025-12-06T05:16:39,Metz
1235,348582834,ATLAS COPCO FRANCE,5710,3312Z,ETI,34858283400167,O,2025-12-06T08:38:24,Metz
1236,444274658,HORSE WOOD,5710,4764Z,ETI,44427465800459,O,2025-12-06T10:03:55,Metz
1237,444344766,EXXELIA,5710,2790Z,ETI,44434476600100,O,2026-05-28T18:30:37,Metz
1238,339766867,CONTINENTALE PROTECTIONS SERVICES,5599,8010Z,ETI,33976686700016,O,2025-12-06T06:03:36,Metz
1239,339871782,CAGIP S.A.,5710,8559A,PME,33987178200480,O,2025-12-06T05:21:44,Metz
1240,391037298,EUROBOUCHER,5202,4722Z,PME,39103729800091,O,2025-12-06T06:25:42,Metz
1241,391529252,CABINET BENEDIC,5710,6831Z,PME,39152925200135,O,2026-07-01T13:46:46,Metz
1242,384402657,PROFILS ETUDES,5499,7112B,PME,38440265700025,O,2026-02-26T13:14:56,Metz
1243,393370820,SUPERMARCHES LCC,5710,4711D,PME,39337082000010,O,2025-12-06T05:25:13,Metz
1244,513450494,BSL PARIS,5710,8010Z,ETI,51345049400028,O,2026-07-01T15:57:08,Metz
1245,518857008,INTERIEUR GRAND EST,5710,4759A,ETI,51885700800016,O,2025-12-06T08:03:27,Metz
1246,539390567,IMPERIAL FRANCE,5710,4642Z,PME,53939056700102,O,2025-12-06T07:05:12,Metz
1247,487820276,INTERSERVICES,5710,7010Z,ETI,48782027600060,O,2025-12-06T10:55:30,Besancon
1248,488294802,LOSANGE,5710,3212Z,ETI,48829480200068,O,2025-12-06T08:38:32,Besancon
1249,480100411,CABINET JAMEY & ASSOCIES,5499,7112A,PME,48010041100036,O,2025-12-06T05:22:04,Besancon
1250,481593341,NB CONFECTION,5710,4771Z,PME,48159334100060,O,2025-12-06T10:22:51,Besancon
1251,789911591,KDC,5499,4332A,PME,78991159100038,O,2025-12-06T05:19:51,Besancon
1252,789953965,CONDUITE 3 D'S,5499,8553Z,PME,78995396500017,O,2025-12-06T11:08:57,Besancon
1253,502554009,POMPES FUNEBRES A. MAIRE,5710,9603Z,PME,50255400900055,O,2025-12-06T05:22:24,Besancon
1254,511353120,VIVELAVIE,5710,4711D,ETI,51135312000047,O,2025-12-06T06:18:33,Besancon
1255,512265554,DIAGNOSTIPRO,5499,7112B,PME,51226555400059,O,2026-06-16T13:15:31,Besancon
1256,505366930,SYLLOGE,5485,6910Z,PME,50536693000087,O,2026-07-16T13:59:40,Besancon
1257,751829888,VOTRE CLUB,5499,7911Z,PME,75182988800039,O,2025-12-06T06:10:17,Orleans
1258,711950097,PEYROT,5710,4941A,ETI,71195009700123,O,2026-01-09T16:31:42,Orleans
1259,451225718,TRANSPORTS LAHAYE,5710,4941A,ETI,45122571800019,O,2026-05-28T15:44:19,Orleans
1260,792108219,ETAMINE,5710,8211Z,PME,79210821900074,O,2026-01-07T16:25:00,Orleans
1261,790488100,ADWORK'S 3,5710,7820Z,ETI,79048810000104,O,2025-12-06T05:25:14,Orleans
1262,800084295,PLANETT IDF,5710,7820Z,ETI,80008429500149,O,2026-06-11T13:01:25,Orleans
1263,862801032,GROUPE SECOB NANTES,5710,6920Z,ETI,86280103200064,O,2025-12-06T05:44:21,Orleans
1264,849620026,MAXICARE,5710,4774Z,ETI,84962002600088,O,2025-12-06T05:52:38,Orleans
1265,884022898,SEM POUR LA RENOVATION ENERGETIQUE DES LOGEMENTS,5515,7490B,PME,88402289800016,O,2025-12-06T06:25:27,Orleans
1266,824143515,NIRYO,5710,7112B,PME,82414351500057,O,2026-07-21T17:06:55,Orleans
1267,815301221,VANDERSCHOOTEN,5710,1392Z,PME,81530122100017,O,2026-04-28T17:31:21,Orleans
1268,641980206,DOUMEN SAS,5710,4941A,ETI,64198020600016,O,2026-07-22T15:00:40,Orleans
1269,389328857,AXANS,5710,7911Z,PME,38932885700013,O,2026-08-17T18:31:31.238,Orleans
1270,399939982,GOPIN ET PARTNERS,5710,5610C,PME,39993998200167,O,2026-08-12T09:00:23.708,Orleans
1271,908087893,LA MAISON BLEUE - CCVDS,5499,8211Z,ETI,90808789300016,O,2025-12-06T05:38:43,Mulhouse
1272,911521292,JUBARO,5499,6820B,PME,91152129200019,O,2025-12-06T05:41:04,Mulhouse
1273,912637196,CONSTRUCTIONS BABCOCK SERVICES,5710,4322B,PME,91263719600011,O,2025-12-06T05:56:35,Mulhouse
1274,851754820,SARL AUTO ECOLE LOLL,5499,8553Z,PME,85175482000054,O,2025-12-06T11:04:45,Mulhouse
1275,491575080,D.V.P. - DISTRIBUTION VORTECH PARIS,5499,4673B,PME,49157508000149,O,2026-08-24T17:07:08.375,Mulhouse
1276,910914134,ELYSIS EST,5710,7112B,PME,91091413400085,O,2026-08-21T20:30:36.804,Mulhouse
1277,952332021,KROELY DREAMS ALSACE,5710,4511Z,ETI,95233202100015,O,2026-08-20T13:09:29.959,Mulhouse
1278,343341798,MAETVA,5710,7311Z,PME,34334179800043,O,2026-08-10T13:09:44.791,Mulhouse
1279,513637918,COSTCO FRANCE,5710,4781Z,ETI,51363791800071,O,2026-08-10T20:30:27.173,Mulhouse
1280,508084605,RESEAUX DE CHALEUR URBAINS DE L'EST,5710,3511Z,ETI,50808460500064,O,2026-08-06T09:09:29.129,Mulhouse
1281,890148505,MJ AIR,5485,6910Z,PME,89014850500062,O,2026-02-10T11:00:49,Mulhouse
1282,891145435,AUTOSTADIUM,5710,4511Z,ETI,89114543500014,O,2025-12-06T05:14:11,Mulhouse
1283,301422606,CETEC,5710,7112B,PME,30142260600063,O,2026-03-23T12:00:49,Mulhouse
1284,077350098,AGENCE MARITIME ROMMEL,5710,5229B,PME,07735009800024,O,2025-12-06T06:24:48,Mulhouse
1285,542021464,CHRISTOFLE FRANCE,5599,4777Z,ETI,54202146400582,O,2026-04-03T13:26:12,Caen
1286,328376793,FIRST LOCATION AUTO,5710,7711B,PME,32837679300019,O,2025-12-06T05:25:12,Caen
1287,328816087,AUPINEL,5710,4673B,PME,32881608700014,O,2026-05-13T11:00:43,Caen
1288,338319833,WITRADIS,5710,4617A,PME,33831983300160,O,2025-12-06T05:25:38,Caen
1289,351983234,CONCEPTION PODOLOGIQUE,5710,3250A,PME,35198323400102,O,2025-12-06T05:25:13,Caen
1290,430360727,SAS MALHERBE TRANSPORTS,5710,5229B,ETI,43036072700019,O,2025-12-06T05:59:36,Caen
1291,444092845,SACMANIA,5499,4772B,PME,44409284500015,O,2026-07-29T20:40:27,Caen
1292,513281279,MALHERBE MULTI SERVICES,5710,5229B,PME,51328127900093,O,2026-07-01T13:46:48,Caen
1293,513906073,VOLTAFRANCE 9,5499,3511Z,PME,51390607300434,O,2025-12-06T06:28:16,Caen
1294,596820332,AUTONEUM FRANCE,5710,2932Z,ETI,59682033200200,O,2025-12-06T06:15:08,Caen
1295,484729272,FM FINANCES,5499,6419Z,PME,48472927200100,O,2025-12-06T10:04:33,Caen
1296,477821706,SARL SRIM MULTISERVICES,5499,8121Z,PME,47782170600025,O,2025-12-06T05:25:13,Caen
1297,504457789,ECR ENVIRONNEMENT OUEST,5710,7112B,ETI,50445778900049,O,2026-07-01T14:46:44,Caen
1298,504658345,TGS FRANCE PATRIMOINE,5499,7022Z,ETI,50465834500070,O,2026-04-22T13:31:37,Caen
1299,335275053,LOOTEN,5710,4669B,ETI,33527505300049,O,2026-06-19T12:33:05,Nancy
1300,337879464,KINNARPS SA,5599,4665Z,PME,33787946400143,O,2025-12-06T05:15:09,Nancy
1301,433719002,GRAITEC FRANCE,5710,4651Z,ETI,43371900200183,O,2026-06-09T13:14:50,Nancy
1302,562067140,MANROLAND FRANCE SAS,5710,4669B,ETI,56206714000128,O,2025-12-06T06:27:39,Nancy
1303,404298580,A G 2 S,5710,8020Z,PME,40429858000014,O,2025-12-06T10:55:29,Nancy
1304,408434983,HEXALIS,5599,4651Z,PME,40843498300024,O,2025-12-06T09:23:10,Nancy
1305,760800060,BACCARAT,5599,2313Z,ETI,76080006000013,O,2025-12-06T05:15:22,Nancy
1306,752530535,QUIETELLE,5710,8710A,PME,75253053500109,O,2026-03-26T13:20:21,Nancy
1307,712052141,PENELOPE,5710,8299Z,ETI,71205214100272,O,2026-07-01T07:41:17,Nancy
1308,794776039,DATA PROCESSING SYSTEM,5499,6201Z,PME,79477603900016,O,2025-12-06T05:37:41,Nancy
1309,822025995,JADE,5499,4771Z,PME,82202599500025,O,2025-12-06T05:53:16,Poitiers
1310,922066626,BERRY SOLAR,5710,4321A,PME,92206662600065,O,2026-04-30T17:00:55,Poitiers
1311,901934877,SOCIETE DU PARC EOLIEN DE LA GONDONNERIE,5710,3511Z,PME,90193487700050,O,2025-12-06T06:24:43,Poitiers
1312,841090251,JOUBERT GARENNE,5499,9602A,PME,84109025100015,O,2026-05-19T14:57:59,Poitiers
1313,842606279,ARB,5499,5610A,PME,84260627900037,O,2025-12-06T06:07:26,Poitiers
1314,837700061,ECIG OUEST DEVELOPPEMENT,5499,4778C,PME,83770006100034,O,2025-12-06T08:20:06,Poitiers
1315,879599751,RSO NETWORK,5710,4222Z,PME,87959975100069,O,2025-12-06T10:45:53,Poitiers
1316,851124529,RENOVATION DU PATRIMOINE,5710,4399A,PME,85112452900070,O,2025-12-06T05:25:40,Poitiers
1317,300521689,SARL HELLY HANSEN FRANCE,5499,4642Z,PME,30052168900145,O,2025-12-06T05:15:55,Annecy
1318,317681948,MOUNTAIN TRADING COMPANY,5499,5610A,PME,31768194800160,O,2025-12-06T09:51:25,Annecy
1319,329362537,GROPPI SAS,5710,4312A,PME,32936253700030,O,2026-03-18T11:13:44,Annecy
1320,414339036,SAINT FE AUTOMOBILE,5499,4520A,PME,41433903600041,O,2025-12-06T05:25:04,Annecy
1321,403891062,ACTIV FRANCE,5710,4651Z,PME,40389106200016,O,2025-12-06T05:41:31,Annecy
1322,440203594,MEDIACO SAVOIE,5710,4399E,ETI,44020359400013,O,2025-12-06T07:57:51,Annecy
1323,500825419,COALISION EUROPE SAS,5710,4771Z,PME,50082541900020,O,2025-12-06T08:54:46,Annecy
1324,440581288,MALICE,5499,6420Z,PME,44058128800089,O,2025-12-06T11:15:29,Annecy
1325,978117745,FOURNIER DEVELOPPEMENT RESEAUX,5710,4759A,ETI,97811774500015,O,2026-01-20T10:01:32,Annecy
1326,898532833,ITHAQUE,5710,7490B,PME,89853283300115,O,2026-06-10T17:32:21,Paris
1327,511709677,ADENES FRANCE,5710,6621Z,ETI,51170967700096,O,2026-08-25T13:07:05.006,Paris
1328,312668601,KAEFER,5710,4329A,ETI,31266860100569,O,2026-07-21T13:30:38,Paris
1329,017151200,EXPERTISE ET TECHNIQUE COMPTABLES,5499,6920Z,ETI,01715120000148,O,2026-07-07T05:09:23,Paris
1330,055201123,PARTEDIS BOIS MATERIAUX,5710,4673A,ETI,05520112300407,O,2026-04-16T17:00:43,Paris
1331,300300290,FLUIDRA COMMERCIAL FRANCE,5710,4673B,ETI,30030029000172,O,2026-04-17T16:01:03,Paris
1332,777347386,PICOTY,5710,4671Z,ETI,77734738600057,O,2026-06-16T13:00:51,Paris
1333,344748041,MILLEIS BANQUE,5599,6419Z,ETI,34474804100771,O,2026-01-07T16:00:59,Paris
1334,397615998,COREN,5710,4339Z,ETI,39761599800119,O,2026-06-05T13:08:46,Paris
1335,793207226,LOCABOX,5710,6820B,PME,79320722600010,O,2026-03-16T13:07:15,Paris
1336,324456805,MASSOUTRE LOCATIONS,5710,7711A,ETI,32445680500484,O,2025-12-06T10:47:50,Paris
1337,428634356,CABINET D'ETUDES MARC MERLIN,5710,7112B,ETI,42863435600011,O,2025-12-06T11:09:48,Paris
1338,479867772,HELLO BOUTIQUES,5710,4771Z,ETI,47986777200283,O,2025-12-06T05:43:37,Paris
1339,488077322,PALOMINO,5710,7911Z,PME,48807732200342,O,2026-01-09T18:32:38,Paris
1340,877566901,BENDA BILI R,5710,4771Z,ETI,87756690100139,O,2026-05-13T18:33:22,Lyon
1341,811292523,CAB FORMATIONS,5710,8559A,PME,81129252300156,O,2026-06-17T19:02:06,Lyon
1342,310746425,BANSARD INTERNATIONAL,5710,5229B,ETI,31074642500340,O,2026-08-19T05:07:56.114,Lyon
1343,302571732,STO,5710,2030Z,ETI,30257173200163,O,2026-08-06T09:09:26.315,Lyon
1344,070201728,ORATIO AVOCATS,5785,6910Z,PME,07020172800287,O,2026-02-13T15:09:05,Lyon
1345,319099917,MAXICOFFEE SOLUTIONS SUD,5710,4799B,ETI,31909991700027,O,2026-07-24T17:16:58,Lyon
1346,310880604,TIP TRAILER SERVICES FRANCE SAS,5710,7712Z,ETI,31088060400098,O,2026-04-24T11:31:13,Lyon
1347,957519903,MAISON FRANCOIS CHOLAT,5710,1091Z,ETI,95751990300026,O,2025-12-06T05:16:08,Lyon
1348,813168887,TERRESENS VACANCES,5710,5520Z,ETI,81316888700111,O,2026-05-06T15:00:45,Lyon
1349,808799704,ARTEUM SERVICES,5710,4778C,PME,80879970400198,O,2025-12-06T05:46:44,Lyon
1350,379427420,ETUDE GENEALOGIQUE ADD & ASSOCIES,5710,6910Z,PME,37942742000128,O,2026-01-30T13:12:26,Lyon
1351,344065073,FAURE TOURISME,5710,7912Z,ETI,34406507300399,O,2026-01-06T13:16:04,Lyon
1352,344689955,SAGA ISOLATION,5499,4332A,PME,34468995500013,O,2025-12-06T05:21:44,Lyon
1353,341006310,COMPTOIR DES VOYAGES,5710,7912Z,ETI,34100631000179,O,2025-12-06T07:42:31,Lyon
1354,490415965,D-MAX,5710,4942Z,ETI,49041596500030,O,2026-08-12T13:09:40.259,Marseille
1355,423317379,ABCD OPTIQUE,5710,4778A,PME,42331737900240,O,2026-08-06T13:06:11.359,Marseille
1356,319523544,ALSATIA,5499,4761Z,PME,31952354400306,O,2025-12-06T10:55:21,Marseille
1357,319939120,CERBAPATH,5785,8622C,PME,31993912000121,O,2026-02-20T19:02:02,Marseille
1358,342280609,SMART RX,5710,9511Z,ETI,34228060900641,O,2026-02-03T13:11:18,Marseille
1359,384427530,C2C PYRENEES,5499,6920Z,ETI,38442753000157,O,2026-02-02T13:08:56,Marseille
1360,400634788,D.S E,5710,4722Z,ETI,40063478800733,O,2025-12-06T06:25:42,Marseille
1361,410218010,CEGID,5710,6311Z,ETI,41021801000032,O,2026-07-01T13:46:46,Marseille
1362,411516768,L O B S T,5710,4771Z,PME,41151676800420,O,2026-02-20T18:32:34,Marseille
1363,793408006,SODI EST,5710,4730Z,ETI,79340800600021,O,2026-07-17T13:12:33,Marseille
1364,349145243,STACI,5710,5229B,ETI,34914524300029,O,2026-01-21T18:32:15,Marseille
1365,337621841,RICOH FRANCE,5710,9511Z,ETI,33762184100903,O,2026-02-11T17:01:44,Toulouse
1366,366500585,LOXAM POWER,5710,7732Z,ETI,36650058500372,O,2025-12-06T05:43:44,Toulouse
1367,433725116,ENSIO SUD,5710,4222Z,ETI,43372511600118,O,2025-12-06T05:16:40,Toulouse
1368,572156594,DRAEGER,5710,4649Z,ETI,57215659400556,O,2026-06-09T11:33:18,Toulouse
1369,413808890,SOLOC RABOTAGE,5710,4211Z,ETI,41380889000177,O,2025-12-17T17:00:32,Toulouse
1370,414217802,COURSIER.FR,5710,4941B,ETI,41421780200068,O,2026-06-26T16:31:07,Toulouse
1371,509019048,RESIDIS,5710,8790B,ETI,50901904800156,O,2026-07-08T11:32:01,Toulouse
1372,509377750,ID'EES INTERIM F,5499,7820Z,ETI,50937775000013,O,2026-03-27T13:43:06,Toulouse
1373,753300904,AUDITION BAHUAUD,5710,4774Z,PME,75330090400020,O,2025-12-06T05:16:08,Toulouse
1374,848316626,SUNBRELLA PV,5499,3511Z,PME,84831662600011,O,2025-12-06T10:31:48,Toulouse
1375,818971772,T3M,5710,7010Z,ETI,81897177200020,O,2025-12-06T05:39:12,Toulouse
1376,822683595,BYLI/VY,5710,4771Z,PME,82268359500018,O,2026-06-01T13:07:06,Toulouse
1377,392901856,IPSOS (FRANCE),5710,7320Z,ETI,39290185600089,O,2026-08-13T09:32:57.159,Lille
1378,394035927,GOLF PLUS,5710,4764Z,PME,39403592700018,O,2026-07-24T13:19:42,Lille
1379,314187048,TOUT CHAUD,5710,5610C,PME,31418704800215,O,2026-02-03T13:21:57,Lille
1380,433127537,UNIBAIL MARKETING ET MULTIMEDIA,5710,7312Z,ETI,43312753700036,O,2025-12-06T05:25:38,Lille
1381,339277030,LA VIE SAINE,5710,4729Z,ETI,33927703000013,O,2025-12-06T11:14:24,Bordeaux
1382,328155312,BIO LAB 33,5785,8690B,PME,32815531200015,O,2026-05-28T13:10:01,Bordeaux
1383,434086930,LEGGETT IMMOBILIER,5499,6831Z,PME,43408693000014,O,2026-07-01T15:45:24,Bordeaux
1384,443357702,BBRAUN AVITUM FRANCE,5710,8610Z,ETI,44335770200036,O,2025-12-06T10:54:32,Bordeaux
1385,752028167,ETABLISSEMENTS CHAMBON & FILS,5710,4661Z,ETI,75202816700019,O,2025-12-06T05:15:57,Bordeaux
1386,572017507,DELSEY,5710,4649Z,ETI,57201750700417,O,2026-06-04T17:54:25,Bordeaux
1387,331577965,EXPERTISES GALTIER,5710,6621Z,ETI,33157796500394,O,2026-03-26T14:31:02,Nantes
1388,301364824,ECONOCOM FRANCE,5710,7733Z,ETI,30136482400641,O,2025-12-06T05:20:08,Nantes
1389,334955838,MOSQUITOS,5599,4772A,PME,33495583800357,O,2025-12-06T07:57:51,Nantes
1390,339030702,O-I FRANCE SAS,5710,2313Z,ETI,33903070200379,O,2025-12-06T09:04:08,Nantes
1391,380212357,CHRONOFEU,5710,4669B,PME,38021235700087,O,2026-05-29T13:12:37,Nantes
1392,378186787,HORIS,5710,4669B,ETI,37818678700024,O,2025-12-06T05:14:45,Nantes
1393,500837612,SI-CREATIVE,5499,2042Z,PME,50083761200067,O,2026-06-17T19:00:40,Nantes
1394,955802061,COMPAGNIE MEDITERRANEENNE DES CAFES,5599,1083Z,ETI,95580206100106,O,2025-12-06T05:13:28,Nantes
1395,982868341,ITESA-VEDITEC,5710,4669C,PME,98286834100057,O,2026-06-04T15:04:55,Nantes
1396,340137736,ATLANTEM INDUSTRIES,5710,2223Z,ETI,34013773600021,O,2025-12-06T05:52:29,Nantes
1397,384326468,CAP INGELEC,5710,7112B,ETI,38432646800517,O,2026-03-11T13:30:31,Nantes
1398,399161413,ARISTON FRANCE,5710,4674B,ETI,39916141300048,O,2026-04-13T10:31:49,Nantes
1399,388797219,QUADRAL TRANSACTIONS,5710,6831Z,ETI,38879721900127,O,2026-03-12T16:35:51,Nantes
1400,849326327,NELL KA,5499,4772A,PME,84932632700012,O,2026-06-08T13:09:51,Strasbourg
1401,846980043,COLLET,5710,4661Z,PME,84698004300141,O,2026-07-20T12:00:52,Strasbourg
1402,849537030,ROCKET SCHOOL,5710,8559A,PME,84953703000025,O,2026-08-24T14:31:04.310,Strasbourg
1403,394260590,SARL REGIS THOMAS,5499,4772B,PME,39426059000010,O,2026-08-17T13:09:55.665,Strasbourg
1404,916020175,SABLIERES J. LEONHART,5710,0812Z,ETI,91602017500086,O,2026-08-06T09:09:23.868,Strasbourg
1405,384887006,SARL LAGUIOLE TRADITION,5499,2571Z,PME,38488700600029,O,2026-08-05T13:13:25.169,Strasbourg
1406,330096504,GROUPE SAPH,5710,6202A,PME,33009650400247,O,2026-01-23T12:46:28,Strasbourg
1407,417704905,TCVAL,5599,4669B,PME,41770490500013,O,2025-12-06T11:07:47,Strasbourg
1408,411415565,PREDICTIS,5710,6622Z,PME,41141556500141,O,2025-12-06T05:54:17,Strasbourg
1409,775662497,MUTUELLE SAINT-CHRISTOPHE ASSURANCES,6411,6512Z,ETI,77566249700012,O,2025-12-06T07:24:58,Strasbourg
1410,343958138,JM. BRUNEAU,5710,4666Z,ETI,34395813800012,O,2026-06-08T13:11:39,Strasbourg
1411,341415313,SOL FRANCE,5710,2011Z,ETI,34141531300228,O,2026-05-12T14:11:59,Strasbourg
1412,387663099,CLAIR'AZUR,5710,4649Z,PME,38766309900092,O,2026-01-20T19:02:01,Strasbourg
1413,429249949,H & C CONSEIL,5710,8559A,PME,42924994900075,O,2026-06-08T16:59:21,Montpellier
1414,967501065,DAIKIN AIRCONDITIONING FRANCE,5710,4669B,ETI,96750106500338,O,2025-12-06T08:29:16,Montpellier
1415,797546660,DIGITAL COLLEGE,5710,8559B,ETI,79754666000011,O,2026-06-29T13:11:55,Montpellier
1416,381289628,VPSITEX,5710,8020Z,ETI,38128962800343,O,2025-12-06T05:25:13,Montpellier
1417,383988219,SOCIETE DE CANALISATIONS ATLANTIQUE MEDITERRANEE TRAVAUX PUBLICS SCAM TP,5710,4221Z,ETI,38398821900028,O,2025-12-06T06:03:07,Montpellier
1418,399243922,HOROQUARTZ,5599,5829C,ETI,39924392200479,O,2026-07-17T10:32:40,Montpellier
1419,328984745,SUP SANTE,5710,8559B,PME,32898474500104,O,2026-02-19T16:33:13,Montpellier
1420,513617498,GIE ICV - VVS,6220,8299Z,PME,51361749800011,O,2025-12-06T06:39:28,Montpellier
1421,879912210,P.S.P.3,5710,3511Z,PME,87991221000140,O,2025-12-06T06:23:07,Rennes
1422,851722546,DITECO,5710,4322A,PME,85172254600161,O,2026-01-15T10:31:49,Rennes
1423,852149103,BRENOLOC,5499,7711A,ETI,85214910300123,O,2025-12-29T13:15:21,Rennes
1424,804448587,QUARDINA,5710,7112B,ETI,80444858700829,O,2026-08-12T12:19:59.073,Rennes
1425,817389877,BABCOCK WANSON,5710,3312Z,ETI,81738987700025,O,2026-08-12T17:11:47.572,Rennes
1426,418935862,CITAE,5710,7112B,ETI,41893586200015,O,2026-08-10T13:30:30.074,Rennes
1427,735750143,TOILES DE MAYENNE,5710,1392Z,PME,73575014300019,O,2026-08-06T09:09:26.004,Rennes
1428,663650034,MANUMESURE,5710,3313Z,ETI,66365003400635,O,2026-08-03T20:48:25.092,Rennes
1429,312109374,ETABLISSEMENTS LE TINIER MORIN LTM 35,5710,4674A,ETI,31210937400032,O,2026-01-28T10:01:54,Rennes
1430,322213679,NOREMAT,5710,2830Z,ETI,32221367900036,O,2026-06-22T08:27:43,Rennes
1431,301252870,STOCKMEIER FRANCE,5710,4675Z,ETI,30125287000144,O,2026-03-23T10:00:36,Rennes
1432,334301488,SOCIETE FIDUCIAIRE NATIONALE DE REVISION COMPTABLE - FIDAUDIT,5599,6920Z,PME,33430148800576,O,2025-12-06T11:15:29,Rennes
1433,334516457,BIO CHENE VERT,5499,7500Z,PME,33451645700028,O,2026-02-06T13:12:06,Rennes
1434,319438321,OUTILLAGE DE ST ETIENNE,5710,4789Z,ETI,31943832100055,O,2026-06-03T11:05:11,Rennes
1435,377872932,EDA,5599,7711A,ETI,37787293200670,O,2026-02-03T19:01:32,Rennes
1436,440319473,ORAPI HYGIENE,5710,4644Z,ETI,44031947300524,O,2026-02-04T17:32:11,Rennes
1437,381031285,OPEN,5710,6202A,ETI,38103128500590,O,2026-01-06T10:56:59,Rennes
1438,408505378,LA TALEMELERIE,5710,1071C,PME,40850537800013,O,2025-12-06T07:27:30,Grenoble
1439,344138169,TRANSPORTS BABIN CHEVAYE,5710,7712Z,ETI,34413816900067,O,2025-12-06T06:57:32,Grenoble
1440,338339435,IT LINK FRANCE,5710,6202A,ETI,33833943500079,O,2026-04-07T11:48:14,Grenoble
1441,338771413,LOGIRAMA,5710,4759A,PME,33877141300253,O,2025-12-06T11:14:24,Grenoble
1442,432123735,ADP GSI FRANCE,5710,7022Z,ETI,43212373500255,O,2025-12-06T05:23:37,Grenoble
1443,343265146,MENUISERIE DIFFUSION,5710,4673A,PME,34326514600070,O,2026-07-07T05:14:47,Grenoble
1444,449805399,ADS GROUP,5710,8020Z,PME,44980539900051,O,2026-06-29T11:38:55,Grenoble
1445,335325734,IXIOS INTERNATIONAL,5599,4775Z,PME,33532573400358,O,2025-12-06T08:38:24,Grenoble
1446,384868873,BASSETTI,5710,6202A,ETI,38486887300116,O,2025-12-06T05:39:03,Grenoble
1447,388367575,INTERNATIONAL CORPORATION EQUIPEMENT,5710,4649Z,PME,38836757500098,O,2025-12-06T06:50:11,Grenoble
1448,799721964,NOVENGO 5,5499,7022Z,ETI,79972196400036,O,2025-12-06T05:55:05,Grenoble
1449,652051343,ECOLE D'ASSAS REEDUCATION,5710,8559A,PME,65205134300083,O,2025-12-06T05:20:10,Grenoble
1450,811849231,NCAP REGIONS,6599,6820B,PME,81184923100055,O,2026-06-09T14:26:31,Grenoble
1451,348058165,PWC AUDIT,5710,6920Z,ETI,34805816500104,O,2025-12-06T05:15:33,Rouen
1452,444212955,SOLOCAL,5599,5812Z,ETI,44421295500496,O,2025-12-06T05:16:18,Rouen
1453,335108056,S.A. JEAN NAUDET,5599,6621Z,ETI,33510805600110,O,2025-11-28T16:59:38,Rouen
1454,392294252,GINGER LECES,5710,7490B,ETI,39229425200110,O,2026-06-16T15:00:27,Rouen
1455,393363841,IDEA EMBALLAGE,5710,1624Z,ETI,39336384100031,O,2025-12-06T05:43:44,Rouen
1456,393365135,EDENRED FRANCE,5710,6619B,ETI,39336513500549,O,2025-12-06T06:29:37,Rouen
1457,389671165,INTERWAY,5710,6203Z,ETI,38967116500022,O,2026-06-08T10:01:07,Rouen
1458,752965293,SOCIETE NORMANDE D'INFORMATION ET DE COMMUNICATION,5710,5813Z,PME,75296529300018,O,2025-12-06T05:38:12,Rouen
1459,542074976,GORON SA,5710,8010Z,ETI,54207497600011,O,2025-12-06T05:40:33,Rouen
1460,390639953,MINEBEA INTEC FRANCE,5710,3312Z,ETI,39063995300038,O,2026-04-29T13:01:18,Rouen
1461,949262166,BRANGEON RECYCLAGE CENTRE OUEST,5710,3821Z,ETI,94926216600059,O,2026-02-10T10:00:39,Rouen
1462,817736663,BIO C'BON NORD,5499,4729Z,PME,81773666300011,O,2025-12-06T05:38:05,Rouen
1463,820607018,CVO-EUROPE,5710,7022Z,ETI,82060701800182,O,2026-05-12T14:12:02,Rouen
1464,947765822,FRANCE ACCOMPAGNATEUR,5710,7112B,PME,94776582200095,O,2025-12-06T10:46:00,Rouen
1465,751624701,CVL FINANCES,5499,6619B,PME,75162470100049,O,2026-08-26T17:30:52.276,Rouen
1466,879263101,B. H. A.,5499,5610C,PME,87926310100021,O,2026-08-11T13:00:49.085,Rouen
1467,322722851,INEXCO GROUPE,5710,7120B,PME,32272285100027,O,2026-08-10T10:56:54.003,Rouen
1468,632045837,MANITOWOC CRANE GROUP FRANCE OU MCG FRANCE,5710,2822Z,ETI,63204583700630,O,2026-08-06T09:09:26.234,Rouen
1469,793863762,STRATEG-IMMO,5710,6831Z,PME,79386376200100,O,2026-08-04T15:26:44.593,Rouen
1470,313966129,SAGE,5710,5829C,ETI,31396612900915,O,2026-06-03T15:30:25,Rouen
1471,312938483,SECAFI,5710,7022Z,ETI,31293848300293,O,2025-12-06T11:07:47,Rouen
1472,421520461,FERGUSS ACADEMIE,5710,8559A,PME,42152046100367,O,2026-07-01T18:27:02,Dijon
1473,353861909,SQLI,5710,6202A,ETI,35386190900458,O,2025-12-06T06:26:52,Dijon
1474,377704580,GIROD MEDIAS,5710,7311Z,PME,37770458000036,O,2026-01-06T13:08:41,Dijon
1475,343782009,MAISONS AXIAL SAS,5710,4110A,ETI,34378200900116,O,2026-07-01T13:46:45,Dijon
1476,378744684,SECILOG,5710,7022Z,PME,37874468400085,O,2026-07-10T16:32:37,Dijon
1477,515920213,CARRIERES BOURGOGNE SUD,5710,0812Z,ETI,51592021300177,O,2025-12-06T05:48:34,Dijon
1478,538574377,CDDR 1,5499,3511Z,PME,53857437700155,O,2025-12-06T06:52:58,Dijon
1479,803163054,EUREKA EXPERTISE RH,5710,7820Z,ETI,80316305400064,O,2026-06-19T16:27:19,Dijon
1480,538776899,EURO GEO SAS,5710,7112B,PME,53877689900170,O,2025-12-06T07:45:41,Angers
1481,830320107,CLENET LOIRE & SEVRE,5710,4669B,ETI,83032010700014,O,2025-12-06T06:11:53,Angers
1482,834453656,SENS TECHNOLOGIES,5710,4791B,PME,83445365600094,O,2025-12-06T10:48:23,Angers
1483,627220353,OUVRARD 79,5710,4661Z,ETI,62722035300106,O,2026-03-13T14:52:47,Angers
1484,852284496,LAVERIE FC,5710,9601B,PME,85228449600019,O,2025-12-06T11:00:57,Angers
1485,853090025,GROUPE ANJOU LOIRE NOTAIRES,5785,6910Z,PME,85309002500018,O,2025-12-06T05:57:36,Angers
1486,867800757,SOCIETE NANTAISE DE BIJOUTERIE,5710,4777Z,PME,86780075700017,O,2025-12-06T09:58:57,Angers
1487,819224569,FACIL'IMMAT,5710,4532Z,PME,81922456900015,O,2025-12-06T06:21:15,Angers
1488,819730417,M'GYS,5710,3314Z,ETI,81973041700014,O,2025-12-06T05:25:14,Angers
1489,828056614,GROUPE PINEAU,5710,4322B,PME,82805661400039,O,2025-12-06T05:40:34,Angers
1490,532939170,CGF EXPANSION,5710,7022Z,PME,53293917000058,O,2026-08-26T10:47:20.672,Angers
1491,395174097,DEGRACE,5499,4772A,PME,39517409700042,O,2026-08-25T13:31:51.023,Angers
1492,392553954,PEROCHEAU FUNERAIRE,5710,9603Z,PME,39255395400091,O,2026-08-19T08:14:18.263,Angers
1493,879605467,EOLIENNES DU BOIS DE SAINT GAND,5710,3511Z,ETI,87960546700015,O,2025-12-06T06:17:29,Nimes
1494,880806294,IMMO 513,5710,4120A,PME,88080629400026,O,2025-12-06T06:57:33,Nimes
1495,877859769,CAPSULE52,5710,3212Z,PME,87785976900011,O,2026-03-03T13:11:18,Nimes
1496,819289604,FROMENTIERS CONCEPTS,5710,1071B,PME,81928960400012,O,2025-12-06T09:23:19,Nimes
1497,827867458,"DV2E (DECHETS, VALORISATION, ENVIRONNEMENT ET ENERGIE)",5499,7112B,PME,82786745800057,O,2026-01-29T13:07:16,Nimes
1498,650200405,SA ECONOM MIXTE IMMOBILIERE DEPART GARD,5599,4110A,PME,65020040500019,O,2025-12-06T05:22:13,Nimes
1499,814555611,INTPL,5499,9602A,PME,81455561100114,O,2025-12-06T06:21:38,Nimes
1500,909322588,BR MIDI PYRENEES,5710,4646Z,ETI,90932258800015,O,2026-03-10T12:31:56,Nimes
1501,953154952,ABBE FARIA ENERGIE,5710,3511Z,PME,95315495200014,O,2026-06-23T18:56:06,Nimes
1502,383184603,ADENES FORMATION,5599,8559A,ETI,38318460300132,O,2026-08-12T16:31:59.255,Nimes
1503,792138950,ENERGIES DU PLATEAU CENTRAL,5710,3511Z,ETI,79213895000110,O,2026-08-06T09:09:22.792,Nimes
1504,883793713,SOTOMED,5785,8621Z,PME,88379371300040,O,2025-12-06T05:19:12,Nimes
1505,884423740,TENSOL,5710,3511Z,ETI,88442374000064,O,2025-12-06T06:22:26,Nimes
1506,894837574,AUDITION GRAND SUD,5710,4774Z,PME,89483757400025,O,2026-01-29T13:08:17,Nimes
1507,056806854,LES PUBLICATIONS COMMERCIALES,5710,5814Z,ETI,05680685400032,O,2025-12-06T05:40:24,Nimes
1508,340838572,GEOVAL,5485,7112A,PME,34083857200121,O,2026-03-16T17:00:52,Clermont-Ferrand
1509,379451305,EURO CIBLE SUD,5710,4759A,PME,37945130500054,O,2025-12-06T06:24:24,Clermont-Ferrand
1510,344212584,SARL ETABL BOUCHARENC,5499,3250A,PME,34421258400033,O,2025-12-06T05:26:19,Clermont-Ferrand
1511,345262182,COURNON LAV'AUTO,5710,4520A,PME,34526218200115,O,2025-12-06T06:27:07,Clermont-Ferrand
1512,393950688,CAMBRILLAT OCULARISTES,5710,3250A,PME,39395068800019,O,2025-12-06T06:29:23,Clermont-Ferrand
1513,689200285,LORANS ROBINETTERIE,5710,4669C,PME,68920028500013,O,2025-12-06T05:38:12,Clermont-Ferrand
1514,352742282,SOCIETE LAITIERE DISCHAMP,5710,4633Z,ETI,35274228200101,O,2025-12-06T05:14:33,Clermont-Ferrand
1515,434215752,CONSULTIME,5710,6202A,ETI,43421575200016,O,2026-05-21T13:17:26,Clermont-Ferrand
1516,448009738,TAYLUX,5499,4669B,PME,44800973800023,O,2025-12-06T08:16:54,Clermont-Ferrand
1517,531428159,TREIZELEC,5499,3511Z,PME,53142815900093,O,2025-12-06T05:13:01,Clermont-Ferrand
1518,482755741,ELLISPHERE,5710,8291Z,ETI,48275574100352,O,2026-06-26T16:32:17,Tours
1519,788563914,GROUPE Y SERVICES,5710,8299Z,PME,78856391400050,O,2026-07-10T13:32:13,Tours
1520,887918308,D&D FINANCE,5710,6619B,PME,88791830800107,O,2025-12-06T10:23:31,Tours
1521,877951749,BPM MOTORBIKE,5499,4511Z,ETI,87795174900010,O,2025-12-06T06:42:08,Tours
1522,449187426,SOCIETE DE GESTION DES AIRES D'ACCUEIL,5499,6832A,ETI,44918742600167,O,2026-08-18T10:47:02.580,Tours
1523,880834072,SOCOA 3,5710,3511Z,PME,88083407200022,O,2026-05-06T15:31:34,Tours
1524,301392569,SETEC HYDRATEC,5710,7112B,ETI,30139256900085,O,2026-02-05T13:47:06,Tours
1525,304555154,DE PARTICULIER A PARTICULIER - EDITIONS NERESSIS,5710,6312Z,PME,30455515400232,O,2026-07-16T09:31:30,Tours
1526,305177545,RECAM SONOFADEX,5710,4532Z,PME,30517754502109,O,2025-12-06T06:16:08,Tours
1527,317082675,SPIR COMMUNICATION,5710,7010Z,ETI,31708267502814,O,2025-12-06T05:22:32,Tours
1528,311043194,HERTA,5710,1013A,ETI,31104319400704,O,2026-07-01T14:32:12,Tours
1529,821636859,WEZZ RENT,5499,7711A,ETI,82163685900018,O,2025-12-06T06:02:11,Tours
1530,453482424,HOCKEY LINE DISTRIBUTION,5710,4649Z,PME,45348242400026,O,2025-12-06T05:22:43,Tours
1531,398269241,CINERITES TRANSPORT ET LOGISTIQUE,5710,5224B,ETI,39826924100012,O,2026-01-08T13:17:24,Tours
1532,344869334,GROUPE VINET,5710,4333Z,PME,34486933400112,O,2025-12-06T05:37:55,Tours
1533,327268801,SOCIETE BEAUFOUR DISTRIBUTION,5710,4730Z,PME,32726880100583,O,2025-12-06T08:25:29,Tours
1534,390597243,AFHYMAT,5710,4669B,PME,39059724300117,O,2025-12-06T06:22:16,Metz
1535,592013155,GROUPE JAJ,5599,4642Z,PME,59201315500128,O,2026-05-11T15:32:30,Metz
1536,534593488,S VO CENTER,5710,4511Z,ETI,53459348800024,O,2025-12-06T05:15:56,Metz
1537,500358221,TIBBLOC,5710,7739Z,PME,50035822100058,O,2025-12-06T08:08:53,Metz
1538,500466859,PIER IMPORT SAS,5710,4791B,PME,50046685900302,O,2026-02-20T13:08:03,Metz
1539,950395079,EXPRESSO SERVICE,5710,7739Z,ETI,95039507900078,O,2025-12-06T05:25:31,Metz
1540,950621391,KOERPER FRUITS,5499,4721Z,PME,95062139100016,O,2025-12-06T07:42:32,Metz
1541,812787836,MP FINANCE,5499,6492Z,PME,81278783600053,O,2026-02-02T15:01:17,Metz
1542,818817751,LORRAINE FOOD,5710,5610C,PME,81881775100055,O,2026-04-14T13:41:15,Metz
1543,832875348,CASE25,5710,4742Z,PME,83287534800076,O,2025-12-06T06:13:26,Metz
1544,315028597,GROUPE SERVEN,5710,4669B,ETI,31502859700047,O,2026-07-01T13:46:45,Metz
1545,311666093,PRIMOCAR,5499,4511Z,ETI,31166609300050,O,2025-12-06T05:25:20,Metz
1546,316474766,CORSI FRANCE INTERNATIONAL TRANSPORT SA,5710,4941A,PME,31647476600029,O,2025-12-06T05:15:09,Metz
1547,508249596,AUX SAVEURS KABYLES,5499,5610A,PME,50824959600018,O,2025-12-06T09:27:06,Besancon
1548,508294147,SOPINVEST,5499,7021Z,PME,50829414700030,O,2025-12-06T05:38:57,Besancon
1549,503647166,AU JARDIN D'ALINE,5499,4776Z,PME,50364716600050,O,2026-04-02T11:00:34,Besancon
1550,503792251,SMCI GROUPE,5499,6820B,PME,50379225100020,O,2025-12-06T05:25:14,Besancon
1551,504567017,EMASYSTEC,5710,7120B,PME,50456701700042,O,2025-12-06T09:27:57,Besancon
1552,497576272,AUBRY COIFFURE,5499,9602A,PME,49757627200031,O,2026-05-19T14:57:59,Besancon
1553,509463089,FRANCENERGIES,5710,4322B,PME,50946308900102,O,2025-12-06T06:29:54,Besancon
1554,509649745,AZALEE,5710,6110Z,ETI,50964974500197,O,2025-12-06T07:50:53,Besancon
1555,517703203,YOUNI,5202,4751Z,PME,51770320300029,O,2025-12-19T10:01:27,Besancon
1556,517809216,D.N.S FENETRES,5710,4332A,PME,51780921600032,O,2025-12-06T07:05:12,Besancon
1557,518319074,T.M.R,5499,5610A,PME,51831907400010,O,2026-01-19T13:01:09,Besancon
1558,521820621,ESP CONSEIL,5710,7490B,PME,52182062100030,O,2025-12-06T06:28:47,Besancon
1559,492584347,SARL AUTO-ECOLE LABEL CONDUITE,5499,8553Z,PME,49258434700065,O,2026-04-01T13:08:55,Besancon
1560,493069298,UBIQUE,5499,7111Z,PME,49306929800054,O,2025-12-06T06:04:58,Besancon
1561,914278932,TOURAINE SPORT FORMATION,5710,8559B,PME,91427893200050,O,2026-08-05T13:10:50.558,Orleans
1562,316779693,CHECY DISTRIBUTION,5710,4711F,ETI,31677969300035,O,2026-08-03T15:31:33.329,Orleans
1563,304141823,SOC POUR PROMOTION CULTURE LOISIRS,5710,4799B,PME,30414182300480,O,2025-12-06T09:05:57,Orleans
1564,910946854,GOGAILLE ORLEANS,5710,5520Z,PME,91094685400080,O,2025-12-06T06:04:24,Orleans
1565,499815975,DIAMANTURQUOISE,5499,7010Z,PME,49981597500036,O,2025-12-06T05:19:41,Orleans
1566,498449388,AFFILIATION CHECY,5499,4771Z,PME,49844938800079,O,2025-12-06T06:27:39,Orleans
1567,453051641,CARVEST CREDIT AGRICOLE REGIONS INVERTIS,5710,6619B,PME,45305164100018,O,2025-12-06T08:02:06,Orleans
1568,351714431,PHONE EXPRESS,5710,4941C,ETI,35171443100076,O,2026-06-23T13:32:47,Orleans
1569,409404092,DOURS LOCATION VEHICULE INDUSTRIELS,5710,7712Z,ETI,40940409200044,O,2025-12-06T05:14:46,Orleans
1570,407512938,ORANGINA SUNTORY FRANCE PRODUCTION,5710,1107B,ETI,40751293800041,O,2026-06-03T11:05:12,Orleans
1571,344182688,EFFIPARC CENTRE,5202,5221Z,ETI,34418268800244,O,2025-12-06T05:14:08,Orleans
1572,314910985,FLOWER SYSTEMS,5710,4622Z,PME,31491098500113,O,2026-07-20T11:30:50,Orleans
1573,306552910,SOCIETE LANDAISE DE TRAVAUX ELECTRIQUES,5710,4321A,PME,30655291000011,O,2026-06-30T17:27:05,Orleans
1574,439082132,SITTI,5710,6312Z,PME,43908213200432,O,2025-12-06T08:20:55,Orleans
1575,509583415,MANULOC L2M,5710,7739Z,ETI,50958341500146,O,2025-12-06T06:10:32,Caen
1576,533592044,BUDOFIGHT,5499,4764Z,PME,53359204400036,O,2026-06-30T13:14:52,Caen
1577,483074142,ZENITH BOULANGERIE,5499,5610C,PME,48307414200017,O,2025-12-06T06:22:42,Caen
1578,450833272,ECOLE BRASSART,5710,8542Z,ETI,45083327200120,O,2025-12-06T05:22:33,Caen
1579,792462772,ALL SOLUTIONS,5710,5229B,PME,79246277200189,O,2026-05-22T15:06:18,Caen
1580,784661357,REGIMBEAU SARL,5499,6910Z,PME,78466135700037,O,2025-12-06T05:16:08,Caen
1581,830797049,COURTAGE FINANCE CONSEIL,5710,6619B,PME,83079704900046,O,2026-02-03T14:00:36,Caen
1582,833225154,OPTIC SANTE,5710,4778A,PME,83322515400016,O,2025-12-06T08:15:59,Caen
1583,822947149,MAXETCOMPAGNIE,5710,9602A,PME,82294714900024,O,2026-05-19T14:57:59,Caen
1584,828700245,CARRE CONFORT,5499,4759A,PME,82870024500016,O,2025-12-06T10:17:31,Caen
1585,860500388,SIREN TELECOMS,5710,6202A,ETI,86050038800092,O,2025-12-06T05:23:37,Caen
1586,844788430,EVOLU,5710,4673A,PME,84478843000016,O,2025-12-06T05:16:42,Caen
1587,887806719,GARONOR PRIME,5710,5510Z,PME,88780671900019,O,2026-07-30T19:49:12,Caen
1588,887943454,STATKRAFT RENOUVELABLES,5710,7112B,PME,88794345400041,O,2026-06-15T14:32:19,Caen
1589,822688503,SOLEIA 35,5710,3511Z,ETI,82268850300017,O,2025-12-06T10:00:45,Caen
1590,827903592,ETS BENOIT PERE ET FILS,5710,4322A,PME,82790359200059,O,2025-12-06T05:21:56,Caen
1591,479960262,SASU SLUSARSKI,5710,8020Z,PME,47996026200026,O,2026-08-25T13:07:53.898,Nancy
1592,499576619,DECLIC EVEIL,5710,8891A,PME,49957661900088,O,2026-05-22T16:31:50,Nancy
1593,453093544,ICSEO BUREAU D ETUDES,5499,7112B,PME,45309354400121,O,2026-04-03T13:01:29,Nancy
1594,482491974,MINIMAX FRANCE SAS,5710,4322A,ETI,48249197400184,O,2025-12-06T10:54:03,Nancy
1595,982589871,OHACO INT,5710,5610C,PME,98258987100051,O,2026-08-10T13:00:45.025,Poitiers
1596,400258893,CHIMIREC DELVERT,5710,3812Z,ETI,40025889300017,O,2026-08-06T09:09:28.151,Poitiers
1597,305811986,SCP DROUINEAU 1927,6561,6910Z,PME,30581198600036,O,2025-12-06T05:41:09,Poitiers
1598,026580290,TEDELEC,5710,4643Z,PME,02658029000067,O,2026-05-21T14:00:30,Poitiers
1599,027380104,ETABLISSEMENTS DRUJON,5710,4673B,PME,02738010400011,O,2025-12-06T07:45:40,Poitiers
1600,330906298,COMPAGNIE EUROPEENNE DE PARTICIPATIONS IMMOBILIERES,5499,6831Z,PME,33090629800014,O,2025-12-06T06:24:00,Poitiers
1601,331964304,AUNIS SAINTONGE AUTOMOBILES,5710,4511Z,ETI,33196430400058,O,2026-07-03T16:00:39,Poitiers
1602,958808776,GROUPE GO SPORT,5710,7010Z,ETI,95880877601998,O,2025-12-06T09:11:57,Annecy
1603,947655221,NAPIMACA,5499,6820A,PME,94765522100010,O,2025-12-06T06:24:03,Annecy
1604,798894556,FRANCE GLOBAL ENERGIES,5710,4322B,PME,79889455600058,O,2025-12-06T11:08:41,Annecy
1605,914936489,L'ATELIER D'AMAYA CENTRE,5710,4672Z,PME,91493648900022,O,2025-12-06T05:38:36,Annecy
1606,382734259,ANTHEMS,5499,4771Z,PME,38273425900015,O,2025-12-06T06:18:07,Annecy
1607,378233050,BRUNO CHARVIN SAS,5710,4649Z,PME,37823305000038,O,2026-06-16T13:01:16,Annecy
1608,344857727,A D N ALPES DAUPHINE NETTOYAGE,5710,8121Z,PME,34485772700046,O,2025-12-06T05:43:28,Annecy
1609,345254668,SA THOMAS LE PRINCE,5599,4631Z,PME,34525466800030,O,2025-12-06T05:21:44,Annecy
1610,393291042,S E J E R,5710,5811Z,ETI,39329104200157,O,2025-12-06T05:14:34,Annecy
1611,394785034,HADES,5710,7490B,PME,39478503400114,O,2025-12-06T06:28:23,Annecy
1612,384747093,MAISONS MONACO,5710,4120A,PME,38474709300043,O,2025-12-06T06:22:41,Annecy
1613,399360312,SOGECA RH,5710,7022Z,PME,39936031200017,O,2025-12-06T05:16:29,Annecy
1614,401832274,ALTER AUDIT,5710,6920Z,PME,40183227400070,O,2025-12-06T10:53:12,Annecy
1615,805018959,INCINERIS,5710,9603Z,ETI,80501895900330,O,2026-03-31T12:32:38,Paris
1616,519642177,PARC SOLAIRE EV9,5710,3511Z,ETI,51964217700371,O,2025-12-06T05:12:31,Paris
1617,844858837,INITIAL HYGIENE SERVICES,5710,7729Z,ETI,84485883700017,O,2025-12-06T05:43:22,Paris
1618,878565217,RS SPVIR B2,5710,3511Z,ETI,87856521700014,O,2026-06-25T13:30:21,Paris
1619,815173521,JOE & THE JUICE FRANCE,5499,5610C,PME,81517352100148,O,2026-07-17T17:31:10,Paris
1620,952959336,JA SILVER,5710,8730A,ETI,95295933600340,O,2026-01-26T09:00:28,Paris
1621,368500815,SOC COFFEA,5710,4729Z,PME,36850081500890,O,2026-08-14T15:32:43.852,Paris
1622,751953225,ACCES ASSURANCE,5710,6622Z,PME,75195322500065,O,2026-08-13T13:10:35.013,Paris
1623,889637450,BEE DISTRIBUTION,5710,4775Z,ETI,88963745000426,O,2025-12-06T06:04:16,Paris
1624,885357004,LPB CRECHES,5710,8891A,PME,88535700400013,O,2026-04-27T13:00:29,Paris
1625,491371928,LA CURE GOURMANDE MAGASINS,5710,4724Z,PME,49137192800012,O,2025-12-06T05:57:04,Paris
1626,348940255,CEGEDIM SANTE,5710,6201Z,ETI,34894025500022,O,2026-03-26T13:20:30,Lyon
1627,323998690,ESPACE EXPANSION,5710,6831Z,ETI,32399869000461,O,2026-05-26T20:31:48,Lyon
1628,442090163,WPD ONSHORE FRANCE,5710,7112B,ETI,44209016300225,O,2026-05-06T13:11:35,Lyon
1629,534437595,BIG GROUPE,5710,5610C,ETI,53443759500141,O,2026-07-27T08:30:42,Lyon
1630,530605799,EUROTRANSPHARMA,5710,4941B,ETI,53060579900309,O,2025-12-06T08:33:44,Lyon
1631,562620773,ETEX FRANCE BUILDING PERFORMANCE,5599,2362Z,ETI,56262077300704,O,2026-01-16T12:16:50,Lyon
1632,420606188,TPF INGENIERIE,5710,7112B,ETI,42060618800316,O,2026-05-22T16:00:29,Lyon
1633,495235368,PLURIFINANCES,5499,6619B,PME,49523536800034,O,2025-12-06T06:18:16,Lyon
1634,490714649,ADBI,5710,1413Z,PME,49071464900020,O,2025-12-06T05:43:29,Lyon
1635,722049129,EPC FRANCE,5710,2051Z,ETI,72204912900074,O,2025-12-06T06:08:09,Lyon
1636,902634633,PLUTON,5710,3511Z,PME,90263463300298,O,2025-12-06T06:39:29,Lyon
1637,831024013,ACE EDUCATION,5710,8559A,ETI,83102401300227,O,2026-07-15T12:59:21,Lyon
1638,844718155,GROUPE LIFESTONE,5710,6820B,ETI,84471815500022,O,2025-12-06T11:15:45,Lyon
1639,893117937,MP DEM,5710,4942Z,PME,89311793700019,O,2025-12-06T08:36:30,Lyon
1640,809152507,API RESIDENCE,5710,9609Z,PME,80915250700202,O,2026-07-10T12:00:38,Marseille
1641,505014399,NATURE ENERGIES PHOTOVOLTAIQUE SAS,5710,7022Z,PME,50501439900024,O,2025-12-06T05:39:41,Marseille
1642,504189507,VIVASON GROUP,5710,4774Z,PME,50418950700289,O,2026-05-28T20:30:42,Marseille
1643,519218705,LAV&GO,5499,9601B,PME,51921870500225,O,2025-12-06T06:29:54,Marseille
1644,522381847,G-STAR RETAIL FRANCE SAS,5710,4771Z,PME,52238184700279,O,2026-05-27T15:00:49,Marseille
1645,539362004,LANG ET ASSOCIES RHONE ALPES,5710,6621Z,ETI,53936200400068,O,2026-06-09T13:08:02,Marseille
1646,877577957,SPV PV 22,5710,3511Z,ETI,87757795700336,O,2025-12-06T07:57:15,Marseille
1647,827853367,GRAIN DE MOUTARDE,5710,5610C,PME,82785336700197,O,2026-05-15T05:09:04,Toulouse
1648,339610453,CHAUCHARD EVASION,5710,7912Z,PME,33961045300013,O,2026-08-17T20:00:21.589,Toulouse
1649,508641040,BRETAGNE SAVEURS,5710,5629B,PME,50864104000268,O,2025-12-29T13:17:23,Toulouse
1650,353783921,ROSEDOR,5710,4622Z,PME,35378392100086,O,2026-04-16T10:58:07,Toulouse
1651,398928929,SERVIM,5710,7022Z,ETI,39892892900023,O,2025-12-06T05:25:04,Toulouse
1652,307330696,DELCROS CHAUSSEUR,5710,3250A,PME,30733069600013,O,2025-12-06T07:34:44,Toulouse
1653,434219218,SCAPRIM PROPERTY MANAGEMENT,5710,6832A,PME,43421921800303,O,2026-04-07T15:00:45,Toulouse
1654,423239086,SAS PHIGENOR,5710,4777Z,PME,42323908600121,O,2025-12-06T05:13:56,Lille
1655,351442918,MRS-HAUTS DE FRANCE,5710,5629A,ETI,35144291800048,O,2026-04-03T13:27:25,Lille
1656,524478138,IZIPIZI,5710,4643Z,ETI,52447813800091,O,2026-07-09T13:19:21,Lille
1657,532220639,NEOVAPO,5710,4778C,PME,53222063900068,O,2025-12-06T06:30:11,Lille
1658,617120118,RAMERY TRAVAUX PUBLICS,5710,4211Z,ETI,61712011800170,O,2025-12-06T09:41:24,Lille
1659,582011409,TRANSPA,5710,5912Z,ETI,58201140900130,O,2026-03-10T13:15:06,Lille
1660,493441224,SARL REPETTO RETAIL,5499,4772A,PME,49344122400042,O,2026-06-03T11:05:14,Lille
1661,902518554,JEWEL,5710,4672Z,PME,90251855400040,O,2026-07-17T15:00:29,Lille
1662,908063852,BATIVOLTA,5710,3511Z,PME,90806385200010,O,2025-12-06T05:13:17,Bordeaux
1663,326226404,SOCIETE DE MECANIQUE ET DE LOCATION AUTOMOBILE CHATELLERAUDAISE,5710,7711A,ETI,32622640400282,O,2026-08-04T11:32:23.505,Bordeaux
1664,302001797,RIDORET MENUISERIE,5599,4332A,ETI,30200179700042,O,2025-12-06T05:42:36,Bordeaux
1665,382988616,INTERMEUBLES,5710,4759A,ETI,38298861600209,O,2026-03-16T15:01:02,Bordeaux
1666,344037213,DELZONGLE AQUITAINE,5710,4673B,PME,34403721300131,O,2026-07-01T13:46:45,Bordeaux
1667,522823681,EDUSERVICES,5710,6420Z,ETI,52282368100047,O,2026-06-19T13:13:44,Nantes
1668,429340110,TCR FRANCE,5710,7739Z,PME,42934011000148,O,2026-04-14T13:14:20,Nantes
1669,429123771,GEOSAT,5785,7112A,ETI,42912377100074,O,2026-06-18T11:00:32,Nantes
1670,420418774,VULCAIN SERVICES,5710,7112B,ETI,42041877400162,O,2025-12-06T05:25:13,Nantes
1671,453577439,SOC NOUVELLE CGVL,5710,4941A,PME,45357743900137,O,2025-12-06T05:22:33,Nantes
1672,807564448,DRON SAS,5710,7739Z,PME,80756444800015,O,2026-06-05T13:01:09,Nantes
1673,511238396,SO'REST,5710,4729Z,ETI,51123839600085,O,2026-03-25T18:16:45,Nantes
1674,511254112,ZEINA ALLIANCE,5710,4777Z,PME,51125411200028,O,2026-02-04T13:01:38,Nantes
1675,503672768,SILVYA TERRADE GRAND-OUEST,5710,8559B,ETI,50367276800036,O,2025-12-29T13:17:21,Nantes
1676,499379923,EXTIA,5710,7112B,ETI,49937992300042,O,2026-07-02T15:00:32,Nantes
1677,491498291,INTS FRANCE,5710,4771Z,PME,49149829100609,O,2026-05-06T19:00:57,Nantes
1678,750923385,ONAPP,5710,4642Z,PME,75092338500090,O,2025-12-06T05:37:56,Nantes
1679,712022862,SOCIETE DES ENTREPOTS ET DE DISTRIBUTION,5710,4941A,ETI,71202286200023,O,2026-01-16T13:16:38,Nantes
1680,712063759,HAGER SAS,5710,4669A,ETI,71206375900237,O,2026-02-18T17:32:31,Nantes
1681,383934742,SOCIETE GESER BEST,5710,7112B,PME,38393474200016,O,2026-05-12T14:11:59,Strasbourg
1682,350749289,M.ENERGIES EXPLOITATION,5710,4322B,ETI,35074928900012,O,2026-04-24T14:31:19,Strasbourg
1683,343166575,INSTITUT DE COMMUNICATION APPLIQUEE,5710,8559B,ETI,34316657500039,O,2025-12-06T05:55:56,Strasbourg
1684,323471276,LK TOURS,5710,7911Z,ETI,32347127600010,O,2026-02-09T12:01:08,Strasbourg
1685,438302044,FRENCH INVESTMENT PORTFOLIO ASSET MANAGEMENT PAR AVREVIATION FIPAM,5710,6832A,PME,43830204400146,O,2026-01-27T12:33:45,Strasbourg
1686,578504102,PUMA FRANCE SAS,5710,4642Z,ETI,57850410200455,O,2025-12-06T05:16:52,Strasbourg
1687,484733043,GROUPE SGP,5710,8010Z,ETI,48473304300059,O,2026-07-09T13:18:14,Strasbourg
1688,511527756,VIDELIO-EVENTS,5710,5912Z,ETI,51152775600338,O,2026-07-01T13:46:48,Strasbourg
1689,504868399,LEYTON FRANCE,5710,7022Z,ETI,50486839900131,O,2025-12-06T05:25:31,Strasbourg
1690,498559061,CIBL. EXPERTS,5710,6621Z,ETI,49855906100185,O,2026-03-06T13:08:00,Strasbourg
1691,518922620,VOLTAFRANCE 11,5499,3511Z,PME,51892262000019,O,2025-12-06T07:55:23,Montpellier
1692,514271782,AUTOGRILL FFH AUTOROUTES,5499,5610C,ETI,51427178200013,O,2025-12-06T08:11:28,Montpellier
1693,527796809,UNION SOLAR,5202,3511Z,ETI,52779680900012,O,2025-12-06T09:41:47,Montpellier
1694,885315390,OKONELEC,5710,3511Z,PME,88531539000017,O,2025-12-06T05:12:49,Montpellier
1695,820716496,ENRIS PV 100-1,5499,3511Z,ETI,82071649600295,O,2025-12-06T06:18:17,Montpellier
1696,907819528,ALDES FRANCE,5710,4669B,ETI,90781952800015,O,2025-12-06T05:25:32,Montpellier
1697,388269045,SEMAPHORES EXPERTISE,5599,6920Z,ETI,38826904500232,O,2026-08-20T12:34:20.602,Montpellier
1698,307048439,M & M MILITZER & MUNCH FRANCE,5599,5229B,ETI,30704843900052,O,2026-08-05T08:50:18.551,Montpellier
1699,086120235,SOCIETE D'AMENAGEMENT FONCIER ET D'ETABLISSEMENT RURAL OCCITANIE,5530,4299Z,PME,08612023500113,O,2025-12-06T05:29:27,Montpellier
1700,311962427,INTERPARKING SERVICES,5710,5221Z,ETI,31196242700242,O,2026-03-17T18:21:03,Montpellier
1701,840887665,BLM ENERGIES,5499,3511Z,PME,84088766500221,O,2025-12-06T10:30:13,Montpellier
1702,492955752,NOVAWATT,5710,7112B,ETI,49295575200299,O,2026-06-30T16:37:11,Montpellier
1703,926150129,SOCIETE D'INITIATIVES ET DE COOPERATION AGRICOLES - SICA,6317,4622Z,ETI,92615012900019,O,2026-07-01T13:46:47,Rennes
1704,981320427,24/7 SERVICES,5710,7820Z,PME,98132042700017,O,2025-12-06T07:35:09,Rennes
1705,982258584,OMBRIERES 17,5710,3511Z,PME,98225858400019,O,2025-12-06T05:12:05,Rennes
1706,952027498,ELECTRIK AUTOMOBILE,5710,4511Z,ETI,95202749800015,O,2026-06-01T12:31:46,Rennes
1707,910006733,MUTTA,5710,7112B,PME,91000673300141,O,2026-05-29T15:31:13,Rennes
1708,344592803,BATINEO GROUPE MAISONS INDIVIDUELLES NORD,5710,4120A,ETI,34459280300227,O,2026-04-10T13:31:58,Rennes
1709,392631248,LINDE FRANCE,5599,2011Z,ETI,39263124800359,O,2025-12-06T05:15:09,Rennes
1710,410229785,I.F.R.A.C,5710,8532Z,PME,41022978500036,O,2025-12-06T07:48:04,Rennes
1711,388934895,CASE FRANCE NSO,5710,4663Z,ETI,38893489500151,O,2026-07-07T17:30:54,Rennes
1712,338628134,TOWERCAST,5710,6120Z,ETI,33862813400094,O,2025-12-06T05:43:28,Rennes
1713,793725169,OSLO SHOP,5710,4778C,PME,79372516900015,O,2026-02-23T19:00:23,Rennes
1714,349068379,SOCIETE EUROPEENNE DE DISTRIBUTION DIRECTE A DOMICILE,5599,4771Z,PME,34906837900016,O,2026-02-16T16:31:57,Rennes
1715,352585327,SERVICES PLUS,5499,7711A,PME,35258532700021,O,2025-12-06T08:14:34,Rennes
1716,951399138,6EME SENS ENERGY,5202,3511Z,ETI,95139913800019,O,2025-12-06T10:41:29,Grenoble
1717,982318529,NL,5710,9609Z,PME,98231852900053,O,2026-04-30T15:56:50,Grenoble
1718,829327188,CCBATIMENT,5710,1610B,PME,82932718800035,O,2026-03-20T13:09:01,Grenoble
1719,813140357,DATADOG FRANCE,5710,6202A,ETI,81314035700043,O,2025-12-06T05:25:39,Grenoble
1720,842506479,AGTM GARES,5499,5610C,PME,84250647900059,O,2026-07-28T13:22:21,Grenoble
1721,847855194,RS SPV1,5710,3511Z,ETI,84785519400019,O,2025-12-06T06:24:18,Grenoble
1722,904530169,S2K73,5710,4690Z,ETI,90453016900013,O,2025-12-06T05:16:53,Grenoble
1723,447929191,ALLIANCE GRENOBLE,5710,7820Z,PME,44792919100107,O,2026-08-12T12:56:22.104,Grenoble
1724,440734887,ECONOCOM EXAPROBE,5710,4651Z,ETI,44073488700233,O,2026-08-06T20:30:36.923,Grenoble
1725,304646458,FIMUREX MEDITERRANEE,5710,2593Z,ETI,30464645800063,O,2026-03-10T12:00:29,Grenoble
1726,331829754,CABINET LAVOIX,5785,6910Z,ETI,33182975400018,O,2025-12-06T05:13:55,Grenoble
1727,303409619,TOYOTA MATERIAL HANDLING FRANCE,5710,3312Z,ETI,30340961900226,O,2025-12-06T05:25:29,Rouen
1728,325338333,GARANKA NORD OUEST,5710,4322B,ETI,32533833300025,O,2025-12-06T05:25:12,Rouen
1729,332823764,TRANSPORTS GROUSSARD SA,5710,4941A,ETI,33282376400086,O,2025-12-06T07:26:27,Rouen
1730,317841880,SONORMAT LOCATION,5710,7732Z,PME,31784188000329,O,2025-12-06T05:43:28,Rouen
1731,350662862,CITEMETRIE,5710,7112B,ETI,35066286200068,O,2026-08-26T18:30:39.799,Rouen
1732,383193414,FSK,5710,4791B,PME,38319341400166,O,2025-12-06T05:29:01,Rouen
1733,378778542,QUADIENT FRANCE,5710,7739Z,ETI,37877854200662,O,2025-12-06T05:46:12,Rouen
1734,378860936,AVONA,5710,1413Z,PME,37886093600038,O,2025-12-06T07:46:10,Rouen
1735,387468218,ECS 80,5499,7112B,ETI,38746821800046,O,2025-12-06T05:25:38,Rouen
1736,399633452,ESSEMES SERVICES,5710,4322B,ETI,39963345200251,O,2025-12-06T05:17:01,Rouen
1737,408599975,BATISTYL MENUISERIES,5710,2512Z,ETI,40859997500021,O,2025-12-26T13:00:35,Rouen
1738,552062069,SOC BARTEX,5710,4642Z,PME,55206206900026,O,2025-12-06T10:02:39,Rouen
1739,482582426,EUROPORTE FRANCE,5710,4920Z,ETI,48258242600094,O,2026-03-02T17:01:04,Rouen
1740,537434466,SOLEDRA,5499,4211Z,ETI,53743446600026,O,2025-12-18T11:00:31,Rouen
1741,602010274,SOCIETE GEORGES RECH,5710,1413Z,PME,60201027400010,O,2025-12-06T05:52:14,Rouen
1742,422907584,SA DSL FINANCES,5710,9602A,ETI,42290758400185,O,2025-12-06T08:38:31,Rouen
1743,527573513,ALTERNANCE BOURGOGNE,5499,8559A,PME,52757351300027,O,2026-04-22T14:31:28,Dijon
1744,983126715,NEVEN,5710,8211Z,PME,98312671500017,O,2026-03-05T10:00:57,Dijon
1745,851197830,SINARI INVEST,5710,7010Z,ETI,85119783000025,O,2025-12-06T05:25:23,Dijon
1746,905297743,EVO & GO,5710,8790A,PME,90529774300098,O,2025-12-06T11:15:38,Dijon
1747,382966158,DECO RELIEF,5710,4669C,PME,38296615800018,O,2026-08-06T13:08:15.991,Dijon
1748,302078225,SARL MITY,5499,4771Z,PME,30207822500166,O,2026-05-28T13:13:30,Dijon
1749,332345560,GESCOREC,5710,6920Z,PME,33234556000012,O,2025-12-06T05:22:03,Dijon
1750,882371537,GODOT MASTER,5710,6612Z,PME,88237153700011,O,2025-12-06T05:40:04,Angers
1751,897861175,BOUCHERIE ARTISANALE PDL,5710,4722Z,PME,89786117500023,O,2026-03-19T13:10:33,Angers
1752,894245695,SOLAL CAPITAL,5710,9602B,PME,89424569500016,O,2025-12-06T05:39:05,Angers
1753,058201534,LOGEMENT ET GESTION IMMOBILIERE POUR LA REGION DE L OUEST,5599,6820A,ETI,05820153400078,O,2025-12-06T05:16:50,Angers
1754,067201244,MODIS - MODEMA DISTRIBUTION,5710,4752B,ETI,06720124400026,O,2026-05-26T15:01:01,Angers
1755,086780095,PARTNAIRE INDUSTRIE,5710,7820Z,ETI,08678009500179,O,2026-03-03T13:13:07,Angers
1756,799840087,GLAMS,5499,4778A,PME,79984008700016,O,2025-12-06T05:16:08,Angers
1757,845045665,MDA,5499,9601B,PME,84504566500013,O,2025-12-06T06:42:08,Angers
1758,915015093,EMOJI CASES,5499,4742Z,PME,91501509300114,O,2025-12-06T06:23:07,Angers
1759,487555682,HEXANET,5710,6110Z,ETI,48755568200011,O,2025-12-06T05:39:40,Angers
1760,487583817,AEPE GINGKO,5710,7112B,PME,48758381700050,O,2025-12-06T05:40:33,Angers
1761,487624777,PROPRIETES PRIVEES,5710,6831Z,ETI,48762477700040,O,2025-12-06T05:11:20,Angers
1762,479375743,SELARL ADMINISTRATEURS JUDICIAIRES PARTENAIRES,5485,6910Z,PME,47937574300040,O,2025-12-06T05:21:06,Angers
1763,467800868,KRISTEL,5499,4772A,PME,46780086800037,O,2025-12-06T09:40:29,Nimes
1764,488083726,LEA COMPOSITES LANGUEDOC,5710,2223Z,ETI,48808372600031,O,2026-07-22T16:57:13,Nimes
1765,498245588,CENTRALE DE LA MAUREILLE,5499,3511Z,PME,49824558800013,O,2025-12-06T10:50:09,Nimes
1766,490526829,LOGICOR 1,5710,6820B,PME,49052682900042,O,2025-12-06T06:02:31,Nimes
1767,310784434,CROWN BLUE LINE FRANCE,5710,6820B,ETI,31078443400030,O,2025-12-06T06:03:21,Nimes
1768,411099161,PROROCH,5710,2370Z,PME,41109916100076,O,2025-12-06T10:47:42,Nimes
1769,395269012,APIDIS,5710,1089Z,PME,39526901200054,O,2025-12-06T06:19:11,Nimes
1770,407759059,SAINT DIZIER ENVIRONNEMENT,5710,2829B,PME,40775905900097,O,2025-12-06T05:43:36,Nimes
1771,403298342,ATAS,5710,4520A,PME,40329834200011,O,2025-12-06T06:19:36,Nimes
1772,403472756,CATA DISCOUNT,5499,4789Z,PME,40347275600010,O,2025-12-06T06:15:07,Nimes
1773,418595831,SELARL GROUPE VASCULAIRE AUVERGNE,5485,8621Z,PME,41859583100011,O,2025-12-06T06:00:48,Clermont-Ferrand
1774,418606091,IMAGERIE MEDICALE 63,5785,8622A,PME,41860609100043,O,2025-12-06T06:05:06,Clermont-Ferrand
1775,390058675,SOCIETE CCMM,5710,1082Z,PME,39005867500013,O,2026-02-19T11:00:26,Clermont-Ferrand
1776,480691708,LAVERIE LIBRE SERVICE JV,5499,9601B,PME,48069170800048,O,2026-01-20T11:01:04,Clermont-Ferrand
1777,408186070,ZERLINE,5499,4759B,PME,40818607000186,O,2025-12-06T06:18:07,Clermont-Ferrand
1778,789975463,SOGEMAT ENERGIES,5710,4730Z,PME,78997546300066,O,2025-12-06T10:55:08,Clermont-Ferrand
1779,804387330,INEXOM,5710,7112B,PME,80438733000017,O,2026-03-27T13:13:49,Clermont-Ferrand
1780,504792748,COVALENCE,5710,7111Z,PME,50479274800114,O,2025-12-06T06:09:29,Clermont-Ferrand
1781,509629739,CENTRE DE FORMATION TRANSPORT LOGISTIQUE TRAVAUX PUBLICS,5499,8559A,PME,50962973900012,O,2026-06-04T13:14:04,Clermont-Ferrand
1782,523624336,DSD 44 NO,5710,9311Z,PME,52362433600013,O,2026-02-11T13:13:31,Clermont-Ferrand
1783,493466445,ASSISTANCE PHARMACEUTIQUE,5710,4774Z,PME,49346644500027,O,2025-12-06T08:17:16,Clermont-Ferrand
1784,761200013,BELL FRANCE,5710,1013A,ETI,76120001300081,O,2026-06-03T11:05:14,Clermont-Ferrand
1785,752573089,CLEG MOBILITES,5499,4614Z,ETI,75257308900071,O,2025-12-06T05:59:36,Clermont-Ferrand
1786,904549326,NIAGARA CENTRE,5710,9601B,PME,90454932600018,O,2025-12-06T05:17:04,Clermont-Ferrand
1787,331338145,PIZZA PAI CIE,5710,5610A,ETI,33133814500427,O,2025-12-06T08:01:50,Tours
1788,332335322,RECUP' 44,5710,4677Z,ETI,33233532200019,O,2026-04-23T16:30:56,Tours
1789,440001782,BEMING,5710,7112B,PME,44000178200034,O,2026-06-09T10:31:59,Tours
1790,433099850,AUZOU CHOCOLAT,5710,4724Z,ETI,43309985000102,O,2026-03-30T11:08:12,Tours
1791,411080914,SAS GAMBETTA DEVELOPPEMENT,5710,4110A,PME,41108091400012,O,2025-12-06T07:11:59,Tours
1792,411477870,INTERSPORT,5710,4511Z,ETI,41147787000025,O,2025-12-06T05:25:38,Tours
1793,353403249,LA BISCUITERIE DE CHAMBORD,5710,1072Z,PME,35340324900017,O,2025-12-06T10:49:43,Tours
1794,329727390,INSTRUMENT ET TRAITEMENT ESSAIS SUR SITE,5710,7120B,ETI,32972739000232,O,2026-06-24T12:17:37,Tours
1795,444979280,ABF DECISIONS,5710,7022Z,PME,44497928000054,O,2025-12-06T10:30:26,Tours
1796,379723612,NOVAE SERVICES,5710,7112B,ETI,37972361200170,O,2026-03-24T18:31:43,Tours
1797,752149450,SABLEDIS,5710,4724Z,PME,75214945000013,O,2026-05-21T13:16:51,Tours
1798,789849064,LIBERT'E-CLOPE,5499,4778C,PME,78984906400025,O,2025-12-06T06:48:24,Tours
1799,799792353,ARMORUM,5499,4690Z,ETI,79979235300028,O,2025-12-06T07:10:19,Tours
1800,800697385,FACTORIA 2.0,5710,6202A,ETI,80069738500121,O,2025-12-06T10:49:51,Tours
1801,539903054,LEGI LC,5499,6910Z,PME,53990305400069,O,2026-04-02T13:31:37,Tours
1802,663650547,MILTON ROY EUROPE,5710,2813Z,ETI,66365054700016,O,2025-12-06T05:23:37,Tours
1803,322472051,SOCIETE FERMIERE SAINT MICHEL E,5499,4781Z,PME,32247205100059,O,2025-12-06T10:04:55,Metz
1804,308951920,A.D.N NOTAIRES ASSOCIES,5710,6910Z,PME,30895192000013,O,2025-12-06T11:13:56,Metz
1805,319536744,GAP FRANCE,5599,7820Z,PME,31953674400026,O,2025-12-06T06:04:07,Metz
1806,330189721,ELECTIS,5710,4669A,PME,33018972100047,O,2025-12-06T05:43:44,Metz
1807,440916351,DEFI MODE S.A.S.,5710,4771Z,PME,44091635103044,O,2025-12-06T06:30:26,Metz
1808,982047862,PPG PROJET 2,5710,4110C,PME,98204786200080,O,2026-05-18T12:32:08,Metz
1809,775619067,SICAMO,5710,6820B,ETI,77561906700041,O,2025-12-06T06:45:59,Metz
1810,562042598,VOSSLOH SWITCH SYSTEMS FRANCE,5599,2410Z,ETI,56204259800440,O,2025-12-06T07:07:16,Metz
1811,383039666,MARCHE ACTIF,5499,4722Z,PME,38303966600128,O,2026-01-09T20:46:00,Metz
1812,344716063,SAGOS,5599,4673B,PME,34471606300047,O,2025-12-06T06:29:53,Metz
1813,393333216,STOCKLOR,5710,5210B,PME,39333321600025,O,2025-12-06T09:09:07,Metz
1814,393993191,FOSELEV LORRAINE,5499,4399E,ETI,39399319100039,O,2026-06-02T19:00:26,Metz
1815,385076435,EXPERTISE & CONCEPT NORD-EST,5710,6621Z,ETI,38507643500036,O,2025-12-06T05:41:02,Metz
1816,402301592,SOC NOUVELLE LOCNACELLE,5710,7732Z,PME,40230159200018,O,2025-12-06T05:25:30,Metz
1817,410824890,QIOS,5710,7112B,PME,41082489000157,O,2026-05-06T18:16:49,Metz
1818,412252249,SARL NETYSOFT,5499,6312Z,PME,41225224900054,O,2025-12-06T06:25:33,Metz
1819,389026055,LANTZERATH(FRANCE)SA TECHNOL STA SERVICE,5710,4669C,PME,38902605500027,O,2025-12-06T05:20:55,Metz
1820,753983535,DOCTEUR MONNIER CHIRURGIE ESTHETIQUE,5485,8622B,PME,75398353500026,O,2025-12-06T06:13:02,Besancon
1821,539426114,TERRITOIRE 25,5510,4299Z,PME,53942611400010,O,2025-12-06T06:30:19,Besancon
1822,532927704,CHEMINEES ET POELES M DISCOUNT,5499,4322B,PME,53292770400025,O,2025-12-06T05:43:52,Besancon
1823,482886520,CAMPENOTTES & CRAMAILLOTS INVEST,5499,6820A,PME,48288652000014,O,2025-12-06T07:42:32,Besancon
1824,483051595,SW PROJECT,5710,9602A,PME,48305159500054,O,2025-12-06T06:19:37,Besancon
1825,898489422,MAMIMIAM,5499,5610A,PME,89848942200011,O,2026-07-22T13:08:01,Besancon
1826,902206895,ARIANA MARKET,5710,4711B,PME,90220689500010,O,2025-12-06T06:26:01,Besancon
1827,903318871,BIO C EPINAL,5710,4729Z,PME,90331887100063,O,2025-12-06T10:26:37,Besancon
1828,900625492,VERMOUTH SULLIVAN,5710,1104Z,PME,90062549200013,O,2025-12-06T07:05:13,Besancon
1829,522850155,PLANAIR FRANCE SAS,5710,7112B,PME,52285015500097,O,2025-12-06T06:24:33,Besancon
1830,800353872,REI-LUX CONTROLES,5710,7120B,PME,80035387200057,O,2026-02-13T17:00:22,Besancon
1831,801310129,FORMAPRIV,5710,8542Z,PME,80131012900094,O,2026-03-17T19:48:24,Besancon
1832,801536046,ALEXANDRE FALLOUEY,5499,4619B,PME,80153604600031,O,2025-12-06T05:20:57,Besancon
1833,795820422,PROFESSIONNELS BATIMENT ET T P,5599,4399C,PME,79582042200207,O,2025-12-06T06:20:50,Besancon
1834,788472181,CCV 25,5202,4771Z,ETI,78847218100015,O,2025-12-06T05:43:30,Besancon
1835,440004117,TRADI 43,5710,4722Z,ETI,44000411700014,O,2026-01-29T01:56:32,Orleans
1836,432714079,DC-CONSEILS,5710,6920Z,PME,43271407900089,O,2026-03-31T13:17:56,Orleans
1837,421380866,ALSTEF AUTOMATION SA,5710,2822Z,ETI,42138086600051,O,2025-12-06T05:14:21,Orleans
1838,421783408,SARENS FRANCE,5710,4399E,ETI,42178340800113,O,2025-12-06T06:03:44,Orleans
1839,422390989,DES PETITS HAUTS,5710,4642Z,ETI,42239098900180,O,2025-12-06T06:48:54,Orleans
1840,419828181,INCOFRI,5499,7112B,PME,41982818100067,O,2026-02-13T12:00:37,Orleans
1841,411423775,CAP IMMOBILIER,5499,6831Z,PME,41142377500054,O,2026-03-09T17:31:47,Orleans
1842,413724923,DAT-SCHAUB FRANCE,5710,1089Z,ETI,41372492300011,O,2025-12-06T05:41:45,Orleans
1843,348943234,TRANSCO,5710,5229A,ETI,34894323400016,O,2026-01-09T14:00:45,Orleans
1844,349430942,PARTNAIRE LES HERBIERS,5710,7820Z,ETI,34943094200269,O,2025-12-06T07:22:33,Orleans
1845,323751677,ORLEANS AUDIOPROTHESE,5499,8690E,PME,32375167700085,O,2025-12-06T10:47:27,Orleans
1846,449678861,GROUPE TOMEL,5710,4669B,PME,44967886100047,O,2025-12-06T11:12:36,Orleans
1847,441972767,PRESTO CONTROLE,5710,7120B,PME,44197276700012,O,2026-01-12T17:32:14,Orleans
1848,442213724,SIGNAUX GIROD OUEST,5499,4211Z,ETI,44221372400101,O,2025-12-06T06:28:16,Orleans
1849,448929604,STA 45,5710,4511Z,ETI,44892960400016,O,2025-12-06T05:25:38,Orleans
1850,388863789,DEPHI-DISTRIBUTION,5599,4772A,PME,38886378900011,O,2025-12-06T05:15:09,Orleans
1851,381669134,LBV DIFFUSION,5499,4771Z,PME,38166913400045,O,2025-12-06T10:47:50,Orleans
1852,840606537,SEML OKTAVE,5515,6619B,PME,84060653700032,O,2025-12-06T10:49:37,Mulhouse
1853,843672346,QUONEX ALSATEL,5558,3320D,PME,84367234600056,O,2026-07-02T09:00:36,Mulhouse
1854,880360672,ACT'IN CAMPUS PRO,5710,8559A,PME,88036067200021,O,2026-05-13T12:27:08,Mulhouse
1855,910578145,BYS SUSHI,5710,5610C,PME,91057814500013,O,2026-07-24T13:08:35,Mulhouse
1856,911751881,CROWN CERAM,5710,3250A,ETI,91175188100028,O,2025-12-06T05:15:24,Mulhouse
1857,494671837,CARRE RHONE-ALPES,5710,4110A,ETI,49467183700081,O,2025-12-06T06:27:46,Mulhouse
1858,495057432,SARL EN TOUTE SECURITE,5710,8010Z,ETI,49505743200090,O,2026-07-29T21:33:16,Mulhouse
1859,453305864,VIVIALYS HABITAT COLLECTIF,5710,4110A,ETI,45330586400010,O,2025-12-06T07:21:25,Mulhouse
1860,453899247,NATEOL,5499,4778A,PME,45389924700028,O,2025-12-06T06:45:28,Mulhouse
1861,497501924,SOCIETE D'EXPLOITATION DU PARC EOLIEN LA CRETE DE RIBES,5710,3511Z,PME,49750192400060,O,2025-12-06T06:25:51,Mulhouse
1862,498123439,ALTODIS TP,5710,4663Z,PME,49812343900024,O,2026-07-01T13:46:47,Mulhouse
1863,483963104,GROUPE COFIME,5499,7010Z,PME,48396310400011,O,2026-01-30T16:01:07,Mulhouse
1864,504254509,RADIOLOGIE ET IMAGERIE MEDICALE BARTHOLDI,5485,8622C,PME,50425450900012,O,2026-07-20T13:11:29,Mulhouse
1865,509630257,PASSION AUTOMOBILES PRESTIGE,5710,4511Z,ETI,50963025700012,O,2026-07-16T13:12:12,Mulhouse
1866,481259596,LOGITUD SOLUTIONS,5710,5829C,PME,48125959600023,O,2025-12-06T05:43:29,Mulhouse
1867,490899663,LA FOURMI,5710,6831Z,PME,49089966300077,O,2025-12-06T06:22:00,Mulhouse
1868,339453094,ALSALOGPHARMA SA,5599,4941A,PME,33945309400015,O,2025-12-06T07:18:41,Mulhouse
1869,514248301,ENCP,5710,8559A,PME,51424830100079,O,2026-08-21T17:00:27.415,Caen
1870,892712365,7OSEC,5499,9601B,PME,89271236500014,O,2025-12-06T06:22:26,Caen
1871,884721002,L & O MARINE,5710,8553Z,PME,88472100200019,O,2026-05-26T15:56:37,Caen
1872,315606764,CAEN DISTRIBUTION,5710,4711F,ETI,31560676400019,O,2025-12-06T05:50:08,Caen
1873,315734202,RECREA DEV,5710,7022Z,ETI,31573420200379,O,2026-07-07T12:01:01,Caen
1874,511606881,ALTI-LOC ECHAFAUDAGES,5710,7732Z,PME,51160688100031,O,2026-06-08T13:11:50,Caen
1875,911194488,YAWAY 2022 1,5710,3511Z,ETI,91119448800019,O,2025-12-06T06:26:54,Caen
1876,453333460,HAREVA CONFORT,5499,4332A,PME,45333346000070,O,2025-12-06T05:16:18,Caen
1877,450784467,POZZO GESTION CALVADOS,5710,6832A,PME,45078446700026,O,2026-03-12T13:16:59,Caen
1878,504454331,SANOR AEOS,5499,3700Z,PME,50445433100019,O,2025-12-06T05:25:31,Caen
1879,505285502,NET COOL,5499,9601B,PME,50528550200041,O,2025-12-06T06:19:29,Caen
1880,507843167,GRAND LARGE YACHTING MANCHE-ATLANTIQUE,5710,3012Z,ETI,50784316700010,O,2026-01-23T09:00:51,Caen
1881,481689081,SARL CORVEE,5499,4332A,PME,48168908100026,O,2025-12-06T05:19:30,Caen
1882,402673560,MANUTAN COLLECTIVITES,5710,4669C,ETI,40267356000023,O,2025-12-06T05:19:59,Nancy
1883,305376055,ART FUNERAIRE BULFERETTI-SNET,5499,9603Z,PME,30537605500078,O,2025-12-06T05:52:06,Nancy
1884,383693702,TOPO ETUDES,5710,7112B,PME,38369370200052,O,2025-12-06T05:38:11,Nancy
1885,440881373,BUREAU D'ETUDES JACQUEL ET CHATILLON,5499,7490B,PME,44088137300011,O,2025-12-06T06:23:29,Nancy
1886,439744996,EST OUVRAGES,5710,4213A,PME,43974499600026,O,2025-12-06T05:15:22,Nancy
1887,422218883,SARL LE PAIN AU LEVAIN,5710,1071C,PME,42221888300011,O,2026-03-09T13:11:30,Nancy
1888,333352888,ENTRAID',5599,5814Z,PME,33335288800080,O,2025-12-06T11:22:26,Poitiers
1889,318661097,ABSCISSE GEO-CONSEIL - SOCIETE DE GEOMETRES - EXPERTS FONCIERS,5499,7112A,PME,31866109700051,O,2025-12-06T05:21:54,Poitiers
1890,339348450,AVO CARBON FRANCE,5710,2711Z,PME,33934845000075,O,2025-12-06T06:26:52,Poitiers
1891,399837012,SARL PICOSSON,5499,4520A,PME,39983701200034,O,2025-12-06T10:43:03,Poitiers
1892,393661889,SARL SYLVESTRE,5499,6820A,PME,39366188900039,O,2025-12-06T10:52:43,Poitiers
1893,377530563,GROUPE Y AUDIT,5710,6920Z,PME,37753056300099,O,2025-12-06T05:25:13,Poitiers
1894,438293037,GLOBAL INTERIM,5710,7820Z,PME,43829303700075,O,2025-12-06T05:41:09,Poitiers
1895,439941626,SAPAC,5499,4339Z,PME,43994162600012,O,2026-04-17T13:14:42,Poitiers
1896,440198398,SARL CHASTA CONCEPT,5499,7112B,PME,44019839800024,O,2025-12-06T05:19:40,Poitiers
1897,440201184,ALOUETTE INVESTISSEMENTS,5499,5520Z,PME,44020118400015,O,2025-12-06T06:44:00,Poitiers
1898,500631932,SOCIETE EDITRICE DE MEDIAPART,5710,5813Z,PME,50063193200075,O,2025-12-06T05:25:31,Poitiers
1899,501492136,SUBLIGEL,5499,2011Z,PME,50149213600012,O,2025-12-06T05:20:10,Poitiers
1900,440341527,SCA WOOD FRANCE,5710,1610A,PME,44034152700024,O,2025-12-06T05:40:25,Poitiers
1901,411221963,A.A.C.I. ASSIS. ADM. CONS. INTERNAT.,5710,7022Z,PME,41122196300019,O,2025-12-06T08:23:22,Annecy
1902,411643703,HELI SECURITE,5710,5110Z,PME,41164370300019,O,2025-12-06T06:54:59,Annecy
1903,412337537,DURET ELECTRICITE,5710,4321A,ETI,41233753700069,O,2026-04-03T14:17:08,Annecy
1904,388991572,SAVOIE MOTORS,5202,4511Z,ETI,38899157200099,O,2025-12-06T05:48:33,Annecy
1905,350602504,AGENCE DE VOYAGES TOURISCAR,5710,7911Z,PME,35060250400150,O,2025-12-06T07:26:28,Annecy
1906,480002781,ABM FRANCHE COMTE,5710,4331Z,PME,48000278100114,O,2026-07-27T10:06:17,Annecy
1907,321130296,JEANJEAN MOTOCULTURE,5499,4661Z,PME,32113029600064,O,2026-01-06T13:17:16,Annecy
1908,321130767,IOA-OTEIS,5710,7112B,ETI,32113076700080,O,2025-12-06T05:14:57,Annecy
1909,546820085,PRODUCTION AUTONOME D'ELECTRICITE,5499,3511Z,ETI,54682008500092,O,2026-02-25T12:01:30,Annecy
1910,495034530,ADS 69 AIR DECONTAMINATION SERVICES,5710,3900Z,PME,49503453000065,O,2026-03-26T10:06:35,Annecy
1911,348923525,PAGAM,5710,6420Z,PME,34892352500052,O,2025-12-06T08:11:28,Annecy
1912,323531442,MECA TP,5710,7732Z,PME,32353144200057,O,2026-07-01T13:46:45,Annecy
1913,326259033,AGORA CINEMAS,5710,5914Z,ETI,32625903300081,O,2025-12-06T05:15:33,Annecy
1914,327220521,COLORALP,5499,4673B,PME,32722052100139,O,2025-12-06T09:58:04,Annecy
1915,327357158,O'ARA,5499,1072Z,PME,32735715800077,O,2025-12-06T11:15:36,Annecy
1916,403561137,EQUASENS,5599,6202A,ETI,40356113700205,O,2026-07-28T16:00:24,Paris
1917,423754241,LE TELEGRAMME,5710,5813Z,ETI,42375424100010,O,2025-12-06T05:15:34,Paris
1918,350529111,CYRUS HEREZ,5710,7022Z,ETI,35052911100246,O,2026-06-30T17:17:06,Paris
1919,449977131,IGIENAIR,5710,8122Z,ETI,44997713100134,O,2026-01-29T10:31:46,Paris
1920,388179103,MDSA,5710,4771Z,ETI,38817910300048,O,2025-12-06T05:15:21,Paris
1921,527809339,EURO-TRADES 2,5499,3511Z,PME,52780933901294,O,2025-12-06T09:53:34,Paris
1922,802099671,IMAO,5785,8622A,PME,80209967100173,O,2026-07-03T13:24:00,Paris
1923,808912950,CITYA BELUGA,5499,6832A,ETI,80891295000025,O,2026-03-09T16:31:54,Paris
1924,908119746,TANDEM SAS,5710,5510Z,ETI,90811974600026,O,2026-05-11T13:31:33,Paris
1925,732880117,B. BARBOT SA,5710,4673B,ETI,73288011700211,O,2026-08-25T14:46:17.724,Paris
1926,980498901,DOUGHNUTS MANUFACTURING & RETAIL,5710,5610C,PME,98049890100332,O,2026-08-12T10:33:03.068,Paris
1927,389589482,VALRUPT TGV INDUSTRIES,5710,1392Z,PME,38958948200279,O,2026-08-06T09:09:24.872,Paris
1928,652023680,CHARLES WELLS (FRANCE),5710,5630Z,PME,65202368000216,O,2025-12-18T13:02:02,Lyon
1929,909712556,GDSOL 124,5710,3511Z,ETI,90971255600010,O,2026-01-19T15:00:26,Lyon
1930,502734668,MAISON BREMOND 1830,5710,4729Z,PME,50273466800275,O,2026-07-23T10:26:45,Lyon
1931,402628838,COLT TECHNOLOGY SERVICES,5710,6110Z,ETI,40262883800136,O,2025-12-06T05:20:09,Lyon
1932,435580477,M CHAPOUTIER,5599,1102B,ETI,43558047700014,O,2025-12-06T05:14:46,Lyon
1933,514050400,RHONE AGRI SOLAIRE,5499,3511Z,PME,51405040000019,O,2025-12-06T06:22:51,Lyon
1934,519017974,SOLAR ROUVEDE,5710,3511Z,ETI,51901797400246,O,2026-08-14T13:16:28.225,Marseille
1935,898367248,SILOSUN PV7,5710,3511Z,PME,89836724800298,O,2025-12-06T05:13:03,Marseille
1936,512614710,ETHICSOLAIRE,5710,3511Z,ETI,51261471000659,O,2025-12-06T06:23:53,Marseille
1937,423945799,DIGITAL REALTY FRANCE,5710,6311Z,ETI,42394579900033,O,2026-07-03T13:36:25,Marseille
1938,410619589,TEMSOL,5710,4399D,ETI,41061958900097,O,2026-04-28T19:00:24,Toulouse
1939,411018781,INFRANEO,5710,7112B,ETI,41101878100079,O,2026-07-24T13:11:41,Toulouse
1940,388803223,SARL OTAGO,5499,4771Z,PME,38880322300121,O,2026-03-27T13:25:25,Toulouse
1941,527952345,SAS BOULEAU ENERGIES,5710,3511Z,ETI,52795234500264,O,2025-12-06T11:12:44,Toulouse
1942,810323436,ENERJUMP,5710,4671Z,PME,81032343600099,O,2025-12-06T05:19:31,Toulouse
1943,819808452,SO'GERSUD,5710,4730Z,ETI,81980845200018,O,2026-07-09T13:10:11,Toulouse
1944,500458377,SOLIPAC,5710,4643Z,ETI,50045837700180,O,2025-12-06T05:16:52,Toulouse
1945,978075463,HESCHUNG & CIE,5710,1520Z,PME,97807546300015,O,2026-08-25T11:33:01.418,Lille
1946,312521610,MP SA,5599,4531Z,ETI,31252161000518,O,2026-07-22T19:00:43,Lille
1947,076550060,VERHAEGHE,5710,4661Z,ETI,07655006000040,O,2026-05-29T13:31:32,Lille
1948,331790436,FRANCE INCENDIE,5710,4669B,ETI,33179043600025,O,2025-12-06T05:17:12,Lille
1949,308622158,REGIONALE DE RESTAURATION,5710,6820B,PME,30862215800191,O,2025-12-06T10:02:38,Lille
1950,979961059,ALAMO REGIONS,5710,7112B,ETI,97996105900016,O,2026-06-03T15:30:44,Lille
1951,418121018,COMBRONDE LOGISTIQUE,5710,7830Z,ETI,41812101800018,O,2026-07-29T19:36:03,Bordeaux
1952,803915032,E.B.S. ISOLATION,5710,4329A,ETI,80391503200020,O,2025-12-06T07:09:56,Bordeaux
1953,491975041,FHBX,5485,6910Z,PME,49197504100212,O,2026-03-25T16:00:48,Bordeaux
1954,897811642,OMBRIERES DE GIRONDE,5710,3511Z,PME,89781164200015,O,2026-07-10T12:31:24,Bordeaux
1955,789014529,SOMAFEL,5499,4617B,ETI,78901452900117,O,2025-12-06T06:14:59,Nantes
1956,870800927,AUTO SELECTION,5710,4511Z,ETI,87080092700051,O,2026-02-18T13:11:35,Nantes
1957,824145304,PRIVILEGE COURTAGE,5710,6619B,ETI,82414530400062,O,2025-12-06T06:15:09,Nantes
1958,894967603,MINISO FRANCE TRAVEL RETAIL,5710,4778C,PME,89496760300164,O,2026-07-30T19:50:35,Nantes
1959,301351029,KILOUTOU ENERGIE,5710,7732Z,ETI,30135102900022,O,2026-03-02T13:47:21,Nantes
1960,085780534,BAUDIN CHATEAUNEUF,5699,2511Z,ETI,08578053400013,O,2025-12-06T07:38:36,Nantes
1961,562081984,XP FRANCE,5710,5229A,ETI,56208198400071,O,2025-12-06T05:28:25,Nantes
1962,478254725,SOWAN,5499,8559B,PME,47825472500060,O,2025-12-06T07:28:08,Nantes
1963,483034146,FRANCE COLIS SANTE,5710,4941A,ETI,48303414600041,O,2026-01-06T12:02:49,Nantes
1964,479144438,INCOMM,5710,6201Z,PME,47914443800161,O,2026-06-11T13:30:52,Nantes
1965,479147886,MC 2B,5710,3213Z,PME,47914788600069,O,2026-03-31T13:17:08,Nantes
1966,327753281,BELFOR (FRANCE),5710,3900Z,ETI,32775328100093,O,2025-12-06T07:14:30,Nantes
1967,340936723,LES CELLIERS DE GRAND LIEU,5710,4725Z,PME,34093672300121,O,2026-03-03T16:32:08,Nantes
1968,412524928,JOUETLAND,5499,6820B,ETI,41252492800279,O,2025-12-06T08:10:59,Nantes
1969,529363608,SYNAPSE SANTE,5710,7729Z,ETI,52936360800025,O,2026-03-13T13:12:19,Strasbourg
1970,523286698,ENERGIES PARTAGEES EN ALSACE,5710,3511Z,PME,52328669800015,O,2025-12-06T05:56:19,Strasbourg
1971,801270844,KRYSALIS I,5710,8891A,PME,80127084400104,O,2025-12-06T07:45:42,Strasbourg
1972,814428462,J2MN,5710,4772A,PME,81442846200091,O,2026-05-05T13:08:52,Strasbourg
1973,841983828,UBER EATS FRANCE SAS,5710,6312Z,ETI,84198382800028,O,2026-07-01T13:46:49,Strasbourg
1974,822557435,SASHAYNO,5710,4322B,PME,82255743500051,O,2025-12-06T06:10:17,Strasbourg
1975,824936355,BILAL,5710,8891A,PME,82493635500125,O,2026-05-06T16:39:04,Strasbourg
1976,533500393,PHAREA,5710,7112B,PME,53350039300012,O,2026-08-20T10:31:46.333,Strasbourg
1977,794973537,MAJESTICFILATURES RETAIL,5710,4771Z,PME,79497353700143,O,2026-08-18T11:33:57.286,Strasbourg
1978,775586852,SIDER,5710,4674B,ETI,77558685200227,O,2026-08-10T16:39:00.208,Strasbourg
1979,822674453,CAR AVENUE CC,5710,4511Z,ETI,82267445300136,O,2026-08-05T19:00:51.444,Strasbourg
1980,420911406,EN CO,5710,7732Z,ETI,42091140600049,O,2026-01-20T17:00:36,Montpellier
1981,334100559,SECAB,5710,6920Z,PME,33410055900379,O,2026-01-08T05:11:57,Montpellier
1982,400063814,SEBACH FRANCE,5710,7732Z,PME,40006381400265,O,2026-04-20T18:40:07,Montpellier
1983,398750117,VIVISOL FRANCE,5499,7729Z,ETI,39875011700200,O,2026-06-03T11:05:12,Montpellier
1984,398215095,COMECA FRANCE,5710,2712Z,ETI,39821509500231,O,2025-12-06T07:26:28,Montpellier
1985,440685964,ODALYS PLEIN AIR,5710,5530Z,ETI,44068596400213,O,2026-02-13T10:27:31,Montpellier
1986,352684013,SOLTECHNIC,5710,4313Z,ETI,35268401300043,O,2026-03-04T13:17:49,Montpellier
1987,435395843,E-ART SUP INSTITUT,5710,8542Z,ETI,43539584300046,O,2026-03-09T13:07:28,Montpellier
1988,571781228,TRANSPORTS SARRION CHARBONNIER,5710,4941A,ETI,57178122800119,O,2025-12-06T05:10:49,Montpellier
1989,953427770,RES ENERGY SERVICES S.A.S.,5710,3511Z,PME,95342777000045,O,2026-06-30T17:07:08,Montpellier
1990,815147970,LES PROFESSIONNELS DE L'HABITAT,5710,4322A,PME,81514797000017,O,2025-12-06T05:20:20,Montpellier
1991,844600346,APEX SOLAR 16,5710,3511Z,ETI,84460034600192,O,2025-12-06T05:13:16,Montpellier
1992,780152914,KLEPIERRE,5699,6820B,ETI,78015291400237,O,2025-12-06T08:15:10,Montpellier
1993,341235679,AZUREENNE D INCENDIE,5710,8020Z,ETI,34123567900139,O,2026-08-20T13:10:12.776,Montpellier
1994,562101626,STUDEC,5710,7112B,PME,56210162600504,O,2025-12-06T05:14:09,Rennes
1995,572075836,CHAUVIN ARNOUX,5710,2651B,ETI,57207583600468,O,2025-12-06T05:39:40,Rennes
1996,809981756,SEML WEST ENERGIES,5515,7112B,PME,80998175600012,O,2025-12-06T05:21:55,Rennes
1997,807566948,CAP SOLAR 35,5710,3511Z,PME,80756694800186,O,2026-07-03T16:32:43,Rennes
1998,493431290,HAUTE BRETAGNE LAVAGE,5710,9601B,PME,49343129000151,O,2025-12-29T13:16:33,Rennes
1999,751252834,TECHYDRO,5710,3312Z,ETI,75125283400153,O,2026-07-29T05:08:24,Rennes
2000,483307161,BELFOR (FRANCE) DECONTAMINATION,5710,8129B,ETI,48330716100156,O,2025-12-06T07:14:30,Rennes
2001,871800751,COCERTO ENTREPRISE,5710,6920Z,PME,87180075100327,O,2025-12-06T05:17:02,Rennes
2002,841153497,BROTHER 420,5710,4729Z,PME,84115349700018,O,2026-02-03T13:21:51,Rennes
2003,823513098,CITEDIA METROPOLE,5599,5221Z,ETI,82351309800116,O,2025-12-06T05:25:40,Rennes
2004,909043812,SIMA,5499,9602B,PME,90904381200017,O,2025-12-06T10:56:06,Rennes
2005,909470510,HOWDEN FRANCE SAS,5710,6622Z,PME,90947051000241,O,2026-07-28T12:30:43,Rennes
2006,321561334,ECTRA,5710,5210B,PME,32156133400327,O,2026-04-16T13:11:51,Grenoble
2007,310505771,ENSIO SAS,5710,4321A,ETI,31050577100272,O,2026-01-21T14:01:23,Grenoble
2008,334119831,FRANCE TERRE PIERREVAL,5499,7112B,ETI,33411983100074,O,2025-12-06T05:39:18,Grenoble
2009,320140494,SICA COOP SARL LE ST BERNARD,5432,4729Z,PME,32014049400032,O,2025-12-06T11:02:59,Grenoble
2010,499993145,ANTELIO,5710,3511Z,PME,49999314500014,O,2025-12-06T10:14:18,Grenoble
2011,394086706,L'IMMOBILIERE VALRIM,5710,4110A,ETI,39408670600022,O,2026-08-26T13:09:01.799,Grenoble
2012,382177335,BOUCHERIES J'M,5710,4722Z,ETI,38217733501593,O,2025-12-06T06:41:50,Grenoble
2013,378457857,SERMA INGENIERIE,5710,7112B,ETI,37845785700050,O,2026-05-29T17:46:48,Grenoble
2014,392577300,AMONITE SUD EST,5710,7739Z,ETI,39257730000313,O,2025-12-06T05:43:44,Grenoble
2015,409148293,ODYSSEE FRANCE,5710,4778C,PME,40914829300106,O,2025-12-06T06:20:25,Grenoble
2016,389257361,EPSYL,5710,6202A,ETI,38925736100151,O,2025-12-06T05:15:33,Grenoble
2017,552064149,REMA TIP TOP FRANCE,5499,4531Z,PME,55206414900057,O,2026-04-21T12:08:14,Grenoble
2018,498469774,IVS FRANCE,5710,4799B,ETI,49846977400026,O,2026-07-01T13:46:47,Grenoble
2019,327356853,ROCKWELL AUTOMATION SAS,5710,4652Z,PME,32735685300215,O,2025-12-06T09:58:04,Grenoble
2020,424278182,HELIAQ SOLUTIONS,5710,6202A,PME,42427818200086,O,2026-03-24T13:36:24,Rouen
2021,390549822,MSC - MEDITERRANEAN SHIPPING COMPANY FRANCE,5710,5020Z,ETI,39054982200182,O,2025-12-06T05:23:46,Rouen
2022,453686966,ALTEREO,5710,7112B,ETI,45368696600020,O,2026-03-16T12:01:31,Rouen
2023,391997277,ALMA SERVICES,5710,3313Z,ETI,39199727700135,O,2026-03-02T16:51:01,Rouen
2024,728202730,RHENUS LOGISTICS ALSACE,5710,5210B,ETI,72820273000137,O,2025-12-06T10:08:18,Rouen
2025,539398347,HAXE DIRECT,5499,4666Z,ETI,53939834700010,O,2025-12-06T06:56:55,Rouen
2026,451338529,ID'EES INTERIM B,5499,7820Z,ETI,45133852900014,O,2025-12-06T05:43:45,Rouen
2027,901400028,GINGER HOLDING,5710,6420Z,ETI,90140002800030,O,2026-03-13T13:00:59,Rouen
2028,813223013,GLOBAL PARE BRISE,5710,4532Z,PME,81322301300141,O,2025-12-06T06:22:01,Rouen
2029,813405917,SUD EST PROPRETE,5499,4339Z,PME,81340591700010,O,2025-12-06T06:29:46,Rouen
2030,852918226,KILOUTOU SIGNALISATION,5710,7739Z,ETI,85291822600014,O,2025-12-06T05:12:49,Rouen
2031,650501349,LAVOMATIC,5499,9601B,PME,65050134900015,O,2025-12-06T06:16:36,Rouen
2032,507884690,COOPERATIVE IDEE (INITIATIVES POUR LE DEVELOPPEMENT DE L'EFFICACITE ENERGETIQUE),5460,7112B,PME,50788469000029,O,2026-08-18T17:00:33.380,Rouen
2033,508001021,GENERALE DE TRANSPORT RAPIDE AUTOMOTIVE,5710,5229B,ETI,50800102100031,O,2026-08-11T12:30:51.618,Rouen
2034,892413972,ASSISTANT RENOV,5710,8211Z,ETI,89241397200027,O,2026-08-05T13:11:32.664,Rouen
2035,378901946,WORLDLINE,5599,6311Z,ETI,37890194600640,O,2026-08-05T16:31:06.823,Rouen
2036,065801243,COMPAGNIE FRUITIERE FRANCE,5710,4631Z,ETI,06580124300257,O,2025-12-06T06:56:46,Rouen
2037,317780153,EQUAD RCC,5599,6621Z,ETI,31778015300050,O,2025-12-06T05:39:39,Dijon
2038,501305635,H. C. BFC,5710,8299Z,ETI,50130563500010,O,2025-12-06T06:17:03,Dijon
2039,980509517,ATELIER DU FAP,5710,4532Z,PME,98050951700010,O,2026-07-30T19:49:52,Dijon
2040,798921912,JMJ LOCATION,5499,7711A,ETI,79892191200027,O,2026-03-09T14:00:36,Dijon
2041,381340843,ITA TELECOM,5599,7112B,PME,38134084300030,O,2025-12-06T07:13:59,Dijon
2042,382078640,HYDROFORCE EFC,5499,2811Z,PME,38207864000028,O,2025-12-09T11:07:37,Dijon
2043,379362908,EUROFLOR DIFFUSION,5499,1089Z,PME,37936290800012,O,2025-12-06T06:29:22,Dijon
2044,344580469,EQUADOM,5599,6512Z,ETI,34458046900064,O,2025-12-06T05:19:29,Dijon
2045,388062796,ELYDAN,5710,2221Z,ETI,38806279600080,O,2025-12-06T06:41:50,Dijon
2046,402453823,CLINIQUES VETERINAIRES GENERALISTES MOSAIQUE,5485,7500Z,PME,40245382300021,O,2026-07-07T05:09:33,Dijon
2047,400726048,EXCO SOCODEC,5710,6920Z,PME,40072604800087,O,2026-03-11T13:29:59,Dijon
2048,412431744,COMPAGNIE DES SALINS DU MIDI ET DES SALINES DE L'EST,5710,0893Z,ETI,41243174400298,O,2025-12-06T05:25:30,Dijon
2049,389392788,FERGUSS POTENTIEL,5710,7022Z,PME,38939278800409,O,2026-06-29T18:36:46,Dijon
2050,450511571,DCI ENVIRONNEMENT,5499,7112B,PME,45051157100025,O,2025-12-06T07:04:01,Dijon
2051,339429060,FONDOUEST,5710,7112B,PME,33942906000017,O,2025-12-06T07:44:32,Angers
2052,400909032,ALIVE EVENTS,5710,9002Z,ETI,40090903200155,O,2025-12-06T06:13:17,Angers
2053,309600831,NL TRANSPORT,5710,4941B,ETI,30960083100031,O,2025-12-06T05:43:20,Angers
2054,309991016,BRANGEON SERVICES,5710,7010Z,ETI,30999101600085,O,2025-12-06T05:15:21,Angers
2055,432575918,IMMOBILIER D'ENTREPRISE LELIEVRE-IEL,5710,6831Z,PME,43257591800078,O,2025-12-06T05:26:28,Angers
2056,432653863,DL ENROMAT,5710,2399Z,ETI,43265386300014,O,2026-06-11T13:11:17,Angers
2057,429176282,ECOLE DE CONDUITE DES PAYS DE LOIRE,5499,8553Z,PME,42917628200086,O,2025-12-06T05:40:33,Angers
2058,353917131,LOCMAT,5710,7739Z,PME,35391713100065,O,2025-12-06T06:20:49,Angers
2059,354052565,CABINET PHILIPPE MACHEFER,5710,7490A,PME,35405256500018,O,2025-12-06T06:19:45,Angers
2060,343246179,APL,5710,6920Z,PME,34324617900133,O,2025-12-06T06:41:58,Angers
2061,323004713,LABORATOIRE INDUSTRIES TECHNIQUES OENOLOGIQUES ET VITICOLES,5710,7120B,ETI,32300471300067,O,2025-12-06T07:02:38,Angers
2062,323591404,VOYAGEXPERT,5710,7911Z,PME,32359140400625,O,2025-12-06T06:06:55,Angers
2063,350589396,FINSECUR,5710,2630Z,PME,35058939600174,O,2026-05-26T20:30:56,Angers
2064,444930168,FAIRE LE POINT,5499,7022Z,PME,44493016800075,O,2025-12-06T11:02:23,Angers
2065,448068379,PIZZA TEMPO,5710,5610C,PME,44806837900073,O,2025-12-06T06:24:57,Angers
2066,310210232,RITOM FRANCE INDUSTRIE,5499,4664Z,PME,31021023200297,O,2025-12-06T05:39:47,Nimes
2067,322768987,BLB IMMOBILIER - TEMIC,5710,6831Z,PME,32276898700032,O,2025-12-06T06:10:16,Nimes
2068,328591318,SOCIETE DE DISTRIBUTION ET DE REPARATION AUTOMOBILE,5710,4511Z,ETI,32859131800048,O,2025-12-06T06:56:46,Nimes
2069,333264513,REGIE NETWORKS LANGUEDOC ROUSSILLON,5499,7312Z,PME,33326451300099,O,2025-12-06T05:41:23,Nimes
2070,439229386,PI INSTALL,5710,4329A,PME,43922938600024,O,2026-05-22T16:46:46,Nimes
2071,429943616,SAMIM DIRECTIMMO,5499,6831Z,PME,42994361600087,O,2025-12-06T06:24:49,Nimes
2072,430183897,ADALTYS - AFFAIRES PUBLIQUES,5785,6910Z,PME,43018389700031,O,2025-12-06T06:00:33,Nimes
2073,440237410,C.M.O.,5710,7022Z,PME,44023741000038,O,2025-12-06T11:04:51,Nimes
2074,420025090,LABO CORRECTION AUDITIVE DE NIMES,5710,4774Z,PME,42002509000010,O,2025-12-06T06:41:08,Nimes
2075,412462046,ANTHINEA,5710,6831Z,PME,41246204600050,O,2025-12-06T06:18:40,Nimes
2076,413781956,TRANSMANUDEM,5710,4942Z,ETI,41378195600011,O,2025-12-06T07:38:59,Nimes
2077,379241631,INSTITUT FORMATION CONSEIL,5710,8559A,ETI,37924163100058,O,2025-12-06T09:48:52,Nimes
2078,348303587,SOC EDITION JEAN MICHEL GARCON,5499,5811Z,PME,34830358700029,O,2025-12-06T05:22:51,Nimes
2079,334990546,AUTOMOBILE CLUB SERVICE,5499,7120A,PME,33499054600015,O,2026-02-16T14:06:35,Nimes
2080,391553559,VIGNERONS PROPRIETES ASSOCIES,5499,4725Z,PME,39155355900033,O,2025-12-06T06:03:44,Nimes
2081,384018438,LANGUEDOC ROUSSILLON MATERIAUX,5599,0812Z,PME,38401843800042,O,2025-12-06T05:17:01,Nimes
2082,392391041,PEREYRON AMBULANCES,5499,8690A,PME,39239104100028,O,2025-12-06T11:15:29,Nimes
2083,801113226,RD DEMENAGEMENTS,5499,4942Z,ETI,80111322600055,O,2026-03-18T08:17:10,Clermont-Ferrand
2084,791670557,SAS PACAP,5710,3511Z,PME,79167055700093,O,2025-12-06T07:04:01,Clermont-Ferrand
2085,837988369,SKALPER'S,5499,9602A,PME,83798836900018,O,2026-05-13T16:38:54,Clermont-Ferrand
2086,868200858,BOULARD VERDIER SA,5710,4673A,ETI,86820085800058,O,2026-02-11T16:01:31,Clermont-Ferrand
2087,819035254,A&L STORE,5710,4778C,PME,81903525400096,O,2025-12-06T08:25:45,Clermont-Ferrand
2088,418431029,LA COLLECTE MEDICALE,5710,3812Z,PME,41843102900010,O,2026-08-14T13:30:39.163,Clermont-Ferrand
2089,897961884,LOCA AURA,5710,5210B,PME,89796188400011,O,2026-08-06T09:09:25.024,Clermont-Ferrand
2090,317120020,SOCIETE FROMAGERE DU LIVRADOIS,5599,1051C,ETI,31712002000019,O,2025-12-06T05:13:26,Clermont-Ferrand
2091,477923767,EDEN WASH,5710,4520A,PME,47792376700107,O,2025-12-06T06:32:12,Clermont-Ferrand
2092,453686008,3 BAIES.COM,5710,4613Z,PME,45368600800062,O,2025-12-06T05:14:58,Clermont-Ferrand
2093,312477540,CODIPA,5710,4771Z,PME,31247754000016,O,2025-12-06T08:33:36,Tours
2094,086971017,VAL DE LOIRE IMMOBILIER,5710,6831Z,PME,08697101700040,O,2025-12-06T06:09:44,Tours
2095,304891369,LOCAT DIFFUS MATER BATIM MANGEARD FILS,5710,7732Z,PME,30489136900015,O,2025-12-06T05:39:03,Tours
2096,321876377,FONDIS SA,5710,4711F,PME,32187637700011,O,2025-12-06T10:39:11,Tours
2097,318845229,LUC DURAND,5710,4221Z,ETI,31884522900059,O,2025-12-06T05:25:20,Tours
2098,775606833,SA YVES OLLIVIER,5710,4665Z,PME,77560683300017,O,2025-12-06T06:11:44,Tours
2099,384448684,MAISONS TRADIBUDGET,5710,4120A,PME,38444868400066,O,2025-12-06T06:20:33,Tours
2100,403506249,TECHNIC'ASSISTANCE,5710,7112B,PME,40350624900024,O,2025-12-06T10:47:58,Metz
2101,370200982,TRB,5710,2320Z,ETI,37020098200095,O,2026-03-13T08:20:03,Metz
2102,323590620,GROUPE WEIGERDING,5710,4752B,PME,32359062000148,O,2025-12-06T06:28:30,Metz
2103,326286580,POLYEXPERT EST,5710,6621Z,ETI,32628658000179,O,2025-12-06T06:45:59,Metz
2104,351595483,SARCOS,5710,4771Z,PME,35159548300139,O,2025-12-06T09:32:06,Metz
2105,429726367,VALOPREST,5558,8121Z,PME,42972636700049,O,2025-12-06T05:25:30,Metz
2106,433774684,ATEQ FRANCE,5710,4669B,ETI,43377468400016,O,2025-12-06T08:10:10,Metz
2107,534603220,GASEO ENVIRONNEMENT,5710,7112B,PME,53460322000078,O,2025-12-06T05:17:14,Metz
2108,534933627,SURVEY,5710,7112B,ETI,53493362700018,O,2025-12-06T05:25:31,Metz
2109,420893802,PINGAT INGENIERIE,5710,7112B,PME,42089380200165,O,2025-12-22T10:00:49,Metz
2110,414801696,TRABET - TRAVAUX ET BETONS,5710,4211Z,PME,41480169600025,O,2025-12-06T10:42:49,Metz
2111,414841502,MEGA SOUND CONCEPT,5710,4791B,PME,41484150200043,O,2026-06-03T11:05:13,Metz
2112,414845172,F T C S FORAGE,5710,4312A,PME,41484517200058,O,2025-12-06T05:43:28,Metz
2113,790626014,HD MENUISERIE,5499,4332A,PME,79062601400043,O,2026-01-30T13:00:44,Besancon
2114,828988519,CATHALISE CONSEILS,5710,7022Z,PME,82898851900017,O,2025-12-06T06:12:47,Besancon
2115,831311006,CITY CAR SERVICES,5499,4520A,PME,83131100600033,O,2025-12-24T13:09:14,Besancon
2116,832283428,L'UN DES SENS FLORAL,5499,4776Z,PME,83228342800072,O,2025-12-06T09:20:28,Besancon
2117,834286239,S2E R&D,5499,7219Z,PME,83428623900027,O,2026-01-30T13:17:39,Besancon
2118,837684570,L'AGENCE TOUT SIMPLEMENT,5710,7820Z,PME,83768457000018,O,2025-12-06T05:53:31,Besancon
2119,538542762,S.F. BOIS DE CHAUFFAGE,5499,4778B,PME,53854276200017,O,2025-12-06T06:22:17,Besancon
2120,852121367,ASSURANCES DIRATZONIAN,5499,6622Z,PME,85212136700019,O,2025-12-06T05:41:25,Besancon
2121,852409242,BASSE JOUX ENR,5710,3511Z,PME,85240924200017,O,2025-12-06T06:15:09,Besancon
2122,841554884,SARL CHAMP POISSY,5499,6820B,PME,84155488400012,O,2025-12-06T05:43:52,Besancon
2123,877481044,LBC DISTRIBUTION,5499,4759A,PME,87748104400015,O,2025-12-06T11:12:45,Besancon
2124,840682694,BERTHOUT - MOFID - MENEROUX - BOURGEOT,5485,8622C,PME,84068269400012,O,2025-12-06T06:25:08,Besancon
2125,841350374,WUDO,5710,8299Z,PME,84135037400028,O,2025-12-24T13:09:24,Besancon
2126,518859566,GROUPE IDEC INGENIERIE,5710,7112B,ETI,51885956600037,O,2026-04-15T13:10:01,Orleans
2127,514782911,LMG SOLAIR,5710,4321A,PME,51478291100028,O,2025-12-06T05:21:26,Orleans
2128,793217886,RHONESAONE MOBILITY,5499,7711A,ETI,79321788600134,O,2025-12-06T05:38:28,Orleans
2129,801572348,SAINTE CLAIRE VOYAGES IDF SUD,5710,7911Z,PME,80157234800010,O,2025-12-06T05:16:41,Orleans
2130,402499701,COGIT LGC,5710,7739Z,ETI,40249970100132,O,2026-01-13T14:00:41,Orleans
2131,596820480,SOCIETE D'AMENAGEMENT FONCIER ET D'ETABLISSEMENT RURAL DU CENTRE,5530,4299Z,PME,59682048000017,O,2025-12-06T06:15:08,Orleans
2132,597220680,SOC DE REVETEMENTS DE SOLS,5710,4333Z,PME,59722068000024,O,2025-12-06T05:15:22,Orleans
2133,500212659,IDDEA,5710,7112B,PME,50021265900063,O,2026-06-02T19:00:55,Orleans
2134,812471605,OTI,5499,4332B,PME,81247160500020,O,2025-12-06T10:20:41,Orleans
2135,958505729,SAINT JEAN GROUPE,5599,1073Z,ETI,95850572900367,O,2025-12-06T05:25:05,Orleans
2136,980049795,DMLC,5710,4774Z,PME,98004979500019,O,2026-04-08T17:31:35,Orleans
2137,950030106,FIESTA,5710,4771Z,PME,95003010600237,O,2025-12-06T05:37:02,Orleans
2138,902236447,FLEUR DE LYS MENAGE,5710,8810A,PME,90223644700030,O,2025-12-06T06:02:18,Orleans
2139,351909155,SUD EST REPARATION,5710,4663Z,PME,35190915500043,O,2025-12-12T13:07:59,Mulhouse
2140,351960182,CAVES JACQUES BAUMANN,5710,4725Z,PME,35196018200019,O,2025-12-06T05:25:21,Mulhouse
2141,500965892,DEPANNAGE JOSSERON,5710,4520A,PME,50096589200069,O,2025-12-06T06:15:17,Mulhouse
2142,501307102,H. C. EST,5710,8299Z,ETI,50130710200019,O,2025-12-06T05:55:42,Mulhouse
2143,675480230,HEINRICH VICTOR SA,5599,6420Z,ETI,67548023000019,O,2025-12-06T11:13:57,Mulhouse
2144,401013099,WAGNER & ASSOCIES,5710,6920Z,PME,40101309900023,O,2026-07-20T12:00:27,Mulhouse
2145,399388909,DISTEL,5710,7732Z,PME,39938890900018,O,2025-12-06T11:32:16,Mulhouse
2146,393893862,ECOLE DE CONDUITE ARC EN CIEL,5710,8553Z,PME,39389386200077,O,2025-12-06T05:40:54,Mulhouse
2147,344470307,BATIBOIS ALSACE,5710,4673A,ETI,34447030700036,O,2025-12-06T06:37:09,Mulhouse
2148,327358354,CAFETERIA LE PERROQUET,5599,5610B,PME,32735835400105,O,2025-12-06T05:40:32,Mulhouse
2149,339328767,MIESCH SCHAEFFER SARL,5499,9603Z,PME,33932876700084,O,2025-12-06T05:22:42,Mulhouse
2150,331443432,PATISSERIE JACQUES,5710,1071D,PME,33144343200017,O,2025-12-06T06:10:23,Mulhouse
2151,322357427,KRAUSE AUTOMATION SAS,5710,2899B,ETI,32235742700028,O,2026-05-22T13:59:26,Mulhouse
2152,313751638,ENDERLIN MAROQUINIER,5710,4772B,PME,31375163800054,O,2025-12-06T08:33:36,Mulhouse
2153,314789546,HABASIT FRANCE,5710,2219Z,PME,31478954600152,O,2026-04-15T11:40:45,Mulhouse
2154,305839177,BOULANGERIE PATISSERIE DIRRINGER,5499,1071C,PME,30583917700014,O,2025-12-06T07:46:33,Mulhouse
2155,307594184,SEPA,5499,2361Z,ETI,30759418400011,O,2025-12-06T05:15:44,Mulhouse
2156,328896444,MEUBLES BRAYE,5499,4759A,PME,32889644400010,O,2025-12-06T06:19:28,Mulhouse
2157,332865799,EAGLE,5499,4778A,PME,33286579900115,O,2025-12-06T06:22:07,Mulhouse
2158,398763003,LABORATOIRE CARRIERES - BETON - TRAVAUX PUBLICS,5710,7120B,ETI,39876300300033,O,2026-07-07T05:12:47,Caen
2159,403173339,PARIS FROID SERVICES,5710,3312Z,PME,40317333900124,O,2026-05-15T05:15:03,Caen
2160,331455691,LYPSIS,5710,4669B,ETI,33145569100153,O,2025-12-06T06:23:05,Caen
2161,305449464,LEGRAND OUEST AUTOMOBILES,5710,4511Z,PME,30544946400117,O,2026-03-16T13:00:22,Caen
2162,422095935,ALEP 33,5710,6820B,PME,42209593500140,O,2026-07-06T17:31:55,Caen
2163,422218339,COUDRAY URBANLAW,5585,6910Z,PME,42221833900022,O,2026-04-08T13:18:17,Caen
2164,411012107,FORESTA,5710,4669B,PME,41101210700222,O,2026-07-23T09:00:32,Caen
2165,377557640,TECHNI DESOSS,5710,1011Z,ETI,37755764000127,O,2025-12-06T05:25:21,Caen
2166,343150066,SARL PLESSIS ADOLPHE & GILBERT,5499,9603Z,PME,34315006600011,O,2025-12-24T13:18:04,Caen
2167,350330809,CABINET IMMOBILIER CONSEIL ET GESTION,5710,6832A,PME,35033080900129,O,2025-12-06T05:20:55,Caen
2168,441726163,CF CONCEPT,5710,4669C,PME,44172616300062,O,2025-12-06T05:40:40,Caen
2169,442075198,E2SE GROUPE,5710,8559A,ETI,44207519800030,O,2025-12-06T05:39:33,Caen
2170,442429155,FIC EXPERTISE,5710,6920Z,PME,44242915500033,O,2026-04-03T18:26:43,Caen
2171,428681241,JFC BY MARY AUTOMOBILES,5710,4511Z,ETI,42868124100074,O,2025-12-06T05:16:40,Caen
2172,391106804,MAISONS FRANCE STYLE,5710,4120A,PME,39110680400068,O,2025-12-06T10:45:16,Caen
2173,387660848,REGIE COMMUNICATION MARKETING,5710,7312Z,PME,38766084800020,O,2025-12-06T10:50:08,Nancy
2174,811031194,VOSGES TLC,5515,3832Z,PME,81103119400012,O,2026-07-07T05:13:29,Nancy
2175,652053224,SOTRASEL,5710,4941A,ETI,65205322400042,O,2025-12-06T05:38:49,Nancy
2176,438427940,CENTRE CHIRURGICAL A. D. R.,5485,8621Z,PME,43842794000020,O,2025-12-06T05:39:55,Nancy
2177,572196129,LEBRONZE ALLOYS,5710,2444Z,ETI,57219612900124,O,2025-12-06T06:23:29,Nancy
2178,508473550,SETEC FERROVIAIRE,5710,7112B,ETI,50847355000020,O,2026-06-03T19:31:32,Nancy
2179,958506289,SERPOLLET,5710,4222Z,ETI,95850628900023,O,2026-02-24T13:13:03,Nancy
2180,980258396,THEVAVEN'YR,5499,4775Z,PME,98025839600012,O,2025-12-06T10:10:29,Poitiers
2181,977958651,TECHNIQUE SOLAIRE INVEST 80,5710,3511Z,ETI,97795865100019,O,2026-02-26T16:31:41,Poitiers
2182,981640857,CPV,5710,3511Z,PME,98164085700018,O,2025-12-06T06:30:13,Poitiers
2183,951790567,BLOCKPRINTS ET COMPAGNIE,5710,1413Z,PME,95179056700048,O,2025-12-25T13:25:04,Poitiers
2184,951218866,BROADMAN HOUSING,5710,6820B,PME,95121886600014,O,2025-12-06T07:55:46,Poitiers
2185,928074020,DOMINO CARE AQUITAINE,5710,7820Z,PME,92807402000019,O,2026-05-11T11:14:20,Poitiers
2186,339804684,OUEST PALETTES,5710,1624Z,PME,33980468400019,O,2025-12-06T05:14:33,Poitiers
2187,347756470,SA COOPERATIVE AQUARIUS,5699,4729Z,PME,34775647000022,O,2025-12-06T06:56:46,Annecy
2188,353726847,ARTISSIME SARL,5499,4778C,PME,35372684700018,O,2025-12-06T09:42:47,Annecy
2189,444871883,INTERSUM,5499,6920Z,ETI,44487188300021,O,2025-12-06T10:49:43,Annecy
2190,438697054,KOREDGE,5499,6202A,PME,43869705400072,O,2025-12-06T06:58:33,Annecy
2191,431803691,S.B.I,5710,7112B,ETI,43180369100010,O,2026-05-27T16:56:44,Annecy
2192,432490043,GALAXIE 5,5710,8559A,PME,43249004300085,O,2025-12-06T05:20:56,Annecy
2193,448354522,JACOBACCI & PARTNERS FRANCE,5710,6910Z,PME,44835452200055,O,2025-12-06T05:47:42,Annecy
2194,448807073,MYLIGHT150 FRANCE,5710,4674B,ETI,44880707300078,O,2026-02-06T11:57:10,Annecy
2195,435361787,ALTER CONSEIL,5710,6920Z,PME,43536178700052,O,2025-12-06T05:40:33,Annecy
2196,537380826,LE SABAUDIA,5710,1071D,PME,53738082600017,O,2025-12-06T05:22:24,Annecy
2197,530743376,WHITE LUXURY,5710,4110A,PME,53074337600051,O,2026-05-28T13:17:31,Annecy
2198,607020195,ALDENE,5710,4665Z,PME,60702019500030,O,2026-03-17T13:12:55,Annecy
2199,751218793,TERA,5710,5610C,PME,75121879300303,O,2026-08-04T11:47:47.399,Paris
2200,632013843,GRANT THORNTON,5710,6920Z,ETI,63201384300701,O,2026-08-03T17:06:30.657,Paris
2201,441305158,AUDILAB VAL DE FRANCE,5710,4774Z,PME,44130515800160,O,2025-12-06T06:28:46,Paris
2202,485031181,ATTIJARIWAFA BANK EUROPE,5599,6419Z,ETI,48503118100582,O,2026-02-17T10:57:20,Paris
2203,922496476,SECANIM,5710,3832Z,PME,92249647600263,O,2026-01-21T16:01:35,Paris
2204,381687318,VIALTO,5710,5229A,ETI,38168731800034,O,2025-12-06T05:31:58,Paris
2205,388301988,ESLC SERVICES,5710,4671Z,ETI,38830198801470,O,2025-12-06T05:15:09,Paris
2206,778196501,GEOTEC,5710,7112B,ETI,77819650100028,O,2025-12-06T07:54:13,Paris
2207,685550659,ALGECO,5710,7739Z,ETI,68555065900534,O,2025-12-06T05:13:28,Paris
2208,328695432,MICHAEL ZINGRAF REAL ESTATE,5710,6831Z,PME,32869543200364,O,2025-12-06T08:25:36,Paris
2209,449653724,NOVETUDE SANTE PRO II,5710,8559A,ETI,44965372400079,O,2026-07-13T17:30:35,Paris
2210,790058572,GRAP - GROUPEMENT REGIONAL ALIMENTAIRE DE PROXIMITE,5560,4711B,PME,79005857200047,O,2026-04-27T14:26:20,Lyon
2211,807789540,INOVIA CONCEPT INVEST 2,5499,7112B,PME,80778954000018,O,2025-12-06T06:13:03,Lyon
2212,377896188,LAVAGE BRESSAN,5499,4520A,PME,37789618800036,O,2025-12-06T06:17:03,Lyon
2213,922589205,SUNROCK ASSETS FRANCE I SAS,5710,3511Z,PME,92258920500058,O,2026-07-08T10:18:40,Lyon
2214,775655137,KUNZ,5710,9601B,PME,77565513700419,O,2026-04-03T15:07:04,Lyon
2215,441848306,SOCIETE DE DISTRIBUTION DE VETEMENTS SDV,5499,4771Z,PME,44184830600086,O,2025-12-06T06:20:09,Marseille
2216,448506287,LA MAISON DE L'ETANCHEUR,5710,2433Z,ETI,44850628700086,O,2026-04-02T18:07:03,Marseille
2217,519642268,PARC SOLAIRE EV8,5710,3511Z,PME,51964226800220,O,2025-12-06T09:36:54,Marseille
2218,750368417,ARKOLIA INVEST 25,5202,3511Z,ETI,75036841700200,O,2026-06-16T11:31:52,Marseille
2219,804975472,ACTIVIUM,5710,9604Z,PME,80497547200015,O,2025-12-06T08:07:59,Marseille
2220,794424663,TENAO 3,5710,3511Z,PME,79442466300134,O,2025-12-06T06:17:04,Marseille
2221,949896245,SOLSKIN 2,5710,3511Z,PME,94989624500188,O,2026-06-05T16:00:27,Toulouse
2222,824609168,LG RENT,5710,7711A,ETI,82460916800185,O,2026-01-09T13:07:00,Toulouse
2223,528209653,ANTICIMEX FRANCE,5710,8129A,PME,52820965300021,O,2026-08-17T17:00:30.673,Toulouse
2224,325192078,HYLTON,5710,4772A,PME,32519207800104,O,2026-06-01T13:12:58,Toulouse
2225,399716372,BOY DIFFUSION,5710,4645Z,ETI,39971637200152,O,2026-07-06T18:00:24,Toulouse
2226,848990461,GNOTHI SEAUTON,5710,4764Z,PME,84899046100016,O,2025-12-06T10:50:48,Lille
2227,528358476,3H,5710,4779Z,PME,52835847600141,O,2026-07-02T14:00:23,Lille
2228,351819859,SIMASTOCK - SOCIETE INDUSTRIELLE DE MANUTENTION ET DE STOCKAGE.,5710,5210B,ETI,35181985900361,O,2025-12-31T14:32:16,Lille
2229,449354224,EDILIANS,5710,2332Z,ETI,44935422400320,O,2025-12-06T07:07:25,Lille
2230,457501815,CHEVALIER,5710,4673B,PME,45750181500031,O,2025-12-06T05:25:13,Lille
2231,671820207,CALCAIRES ET DIORITES DU MOULIN DU ROC,5499,0812Z,ETI,67182020700163,O,2025-12-06T09:53:27,Bordeaux
2232,403554181,GROUPE LDLC,5699,4791B,ETI,40355418100178,O,2025-12-06T05:26:45,Nantes
2233,326233913,SERPOL,5710,3900Z,ETI,32623391300028,O,2026-06-05T19:01:14,Nantes
2234,329208250,RYVIA,5710,1413Z,PME,32920825000103,O,2025-12-06T06:29:22,Nantes
2235,411652555,INDIGO INFRA POISSY,5599,5221Z,ETI,41165255501100,O,2025-12-06T07:23:25,Nantes
2236,343691374,CHARIER TP,5710,4211Z,ETI,34369137400015,O,2025-12-06T05:58:51,Nantes
2237,341361426,PARIS SECURITE INCENDIE INTERNATIONAL,5710,4669B,ETI,34136142600214,O,2026-04-14T12:37:30,Nantes
2238,448306746,CORDON CONSUMER SERVICES,5710,9522Z,ETI,44830674600075,O,2026-07-01T13:46:47,Nantes
2239,339957037,ECOLE DE CONDUITE PREZEAU,5710,8553Z,PME,33995703700015,O,2026-06-10T20:45:05,Nantes
2240,391734696,CEMIS SYSTEMES DE SECURITE INCENDIE,5710,8020Z,ETI,39173469600357,O,2026-05-20T12:31:44,Nantes
2241,514155191,AM RETAIL SUD,5499,4771Z,ETI,51415519100018,O,2025-12-06T10:16:35,Nantes
2242,793315490,SODI NORD,5710,4730Z,ETI,79331549000029,O,2026-07-07T13:20:24,Nantes
2243,810433003,ADENES SERVICES ET SOLUTIONS D'EXPERTISES AUTO,5710,6621Z,ETI,81043300300128,O,2026-01-26T13:16:09,Nantes
2244,791930688,TROUILLET SERVICES,5710,2920Z,ETI,79193068800027,O,2026-04-02T13:17:44,Nantes
2245,316732429,SEDDIF,5710,7740Z,ETI,31673242900436,O,2025-12-06T07:32:57,Strasbourg
2246,320685126,CLERMA,5710,4772A,PME,32068512600122,O,2025-12-06T08:52:27,Strasbourg
2247,792524993,PVA PAU,5710,3511Z,PME,79252499300013,O,2025-12-06T08:43:30,Strasbourg
2248,477913487,E'NERGYS,5710,7112B,ETI,47791348700146,O,2025-12-06T09:01:36,Strasbourg
2249,488862368,GSE,5710,7112B,ETI,48886236800039,O,2026-07-20T16:31:41,Strasbourg
2250,479558017,ALTEREA,5710,7112B,ETI,47955801700261,O,2026-02-06T16:31:38,Strasbourg
2251,385246913,SARL M C E,5499,4321A,PME,38524691300052,O,2025-12-06T05:13:42,Strasbourg
2252,512904129,OSTHEOPATHIE F.I,5710,8542Z,ETI,51290412900180,O,2025-12-06T07:47:57,Strasbourg
2253,399091339,SULLY GROUP,5710,6202A,ETI,39909133900156,O,2026-06-02T17:47:01,Strasbourg
2254,393919253,COLUMBIA SPORTSWEAR EUROPE,5710,4642Z,PME,39391925300061,O,2026-07-02T13:01:01,Strasbourg
2255,408998193,SAV LECLERC-EST,5499,9522Z,ETI,40899819300069,O,2025-12-06T05:26:19,Strasbourg
2256,326714805,EST MULTICOPIE,5710,9511Z,ETI,32671480500123,O,2026-06-03T13:57:07,Strasbourg
2257,434100236,WE+,5710,6202A,ETI,43410023600075,O,2026-07-30T10:06:46,Strasbourg
2258,410321590,EXPEDITORS INTERNATIONAL FRANCE,5710,5229B,ETI,41032159000300,O,2026-03-09T11:37:41,Strasbourg
2259,901511741,IDEA CENTRE EST,5710,6621Z,PME,90151174100075,O,2026-08-07T13:12:14.070,Montpellier
2260,324896398,LAVAZZA FRANCE,5710,4637Z,ETI,32489639800355,O,2025-12-06T05:39:10,Montpellier
2261,381223452,J.V. GROUP SAS,5710,4211Z,PME,38122345200032,O,2025-12-06T06:21:29,Montpellier
2262,345081459,SCE,5710,7112B,ETI,34508145900330,O,2025-12-06T05:25:38,Montpellier
2263,384030961,ALBATROS FRANCE,5710,3250A,PME,38403096100021,O,2026-03-10T16:51:17,Montpellier
2264,803619675,IT BUBBLY,5710,6202A,PME,80361967500025,O,2026-08-24T12:32:32.408,Rennes
2265,519018816,EVOLUCARE TECHNOLOGIES,5710,6203Z,ETI,51901881600016,O,2026-08-14T13:09:31.167,Rennes
2266,521028290,CROCS FRANCE,5499,4642Z,PME,52102829000059,O,2026-08-10T13:00:36.189,Rennes
2267,529195497,EMINEO MANAGEMENT,5710,8559A,PME,52919549700068,O,2026-08-10T13:00:50.341,Rennes
2268,950557322,RECRE'ACTION,5710,4299Z,PME,95055732200134,O,2026-08-06T09:09:30.178,Rennes
2269,007080773,CARRIERES MEN ARVOR,5710,4673A,PME,00708077300018,O,2025-12-06T05:25:29,Rennes
2270,027250026,CENTRAVET,5699,4646Z,ETI,02725002600070,O,2025-12-06T08:20:54,Rennes
2271,319903886,UTILEO,5710,4511Z,PME,31990388600012,O,2025-12-06T05:25:38,Rennes
2272,490024049,PHYTOCONTROL ANALYTICS FRANCE,5710,7120B,ETI,49002404900028,O,2025-12-06T05:25:05,Rennes
2273,502771975,ADVANTAIL,5710,6832A,PME,50277197500203,O,2025-12-06T05:39:33,Rennes
2274,507513901,COME IN GRAND PUBLIC,5710,6190Z,PME,50751390100086,O,2025-12-06T10:47:13,Rennes
2275,509750105,MAGELLAN STRATEGIC SOLUTIONS & SERVICES FRANCE,5710,6202A,ETI,50975010500108,O,2026-07-27T20:31:48,Rennes
2276,344087663,ETS METALLURGIQUES EMILE MAURIN,5710,4674A,ETI,34408766300011,O,2025-12-06T05:14:45,Rennes
2277,442133278,KITCHEN ACADEMY,5710,4759B,ETI,44213327800428,O,2026-06-04T19:00:23,Grenoble
2278,513852657,HARDIS GROUPE,5710,6202A,ETI,51385265700172,O,2025-12-06T05:15:23,Grenoble
2279,592028294,CROMOLOGY SERVICES,5710,4673B,ETI,59202829400383,O,2025-12-06T06:05:28,Grenoble
2280,485096218,MEOTEC,5710,7022Z,ETI,48509621800055,O,2025-12-06T06:28:16,Grenoble
2281,789231487,WALTER,5710,6820B,ETI,78923148700032,O,2026-05-28T13:18:30,Grenoble
2282,391937141,SOCIETE HOTELIERE DU LOGEMENT ETUDIANT,5710,5510Z,PME,39193714100011,O,2026-07-20T13:11:50,Grenoble
2283,494572712,GAA,5485,6910Z,PME,49457271200011,O,2026-06-23T13:57:37,Grenoble
2284,519589402,SOLSTYCE,5710,7112B,ETI,51958940200030,O,2026-06-04T13:20:53,Grenoble
2285,490817897,ABGI FRANCE,5710,7022Z,ETI,49081789700021,O,2025-12-06T07:20:05,Grenoble
2286,801775776,JEAN LAIN KOREAN,5710,4511Z,ETI,80177577600017,O,2025-12-06T08:33:52,Grenoble
2287,821483401,TKPF,5710,5610C,PME,82148340100013,O,2025-12-06T06:26:46,Rouen
2288,488117722,COTARD ENTREPRISES,5460,8559A,PME,48811772200048,O,2025-12-06T07:24:58,Rouen
2289,489154294,DO FRANCE,5710,4778A,PME,48915429400727,O,2026-05-29T11:07:05,Rouen
2290,408260297,CENTRALE LOISIRS VOYAGES,5710,7911Z,PME,40826029700119,O,2026-07-24T13:17:50,Rouen
2291,408369221,HINTERLAND,5710,4941A,ETI,40836922100127,O,2025-12-06T06:15:07,Rouen
2292,328988001,MIROGLIO FRANCE,5710,4771Z,PME,32898800101072,O,2026-06-30T20:30:23,Rouen
2293,439697178,VSB ENERGIES NOUVELLES,5499,7112B,ETI,43969717800697,O,2025-12-18T11:01:26,Rouen
2294,342926870,RIVIERE TRANSPORTS,5710,4941B,ETI,34292687000201,O,2026-01-21T09:00:31,Rouen
2295,323167890,RHODANIENNE DE TRANSIT,5710,5229B,ETI,32316789000058,O,2026-06-23T15:30:22,Rouen
2296,347822371,FRAZZI,5710,4673B,PME,34782237100030,O,2026-05-07T13:18:03,Rouen
2297,443986526,ENVOYE SPECIAL,5710,4941B,ETI,44398652600079,O,2026-01-20T13:12:28,Rouen
2298,448360131,H.M.S.,5710,4511Z,ETI,44836013100149,O,2025-12-06T05:43:44,Rouen
2299,380560581,SOCIETE D'ELECTROTECHNIQUE INDUSTRIELLE ET DE BOBINAGE,5710,3314Z,PME,38056058100064,O,2025-12-06T07:19:50,Rouen
2300,389655135,CAME FRANCE,5710,4669A,PME,38965513500207,O,2025-12-06T05:43:44,Rouen
2301,420853400,SARL SOBOFRANC,5499,1071C,ETI,42085340000018,O,2025-12-15T10:00:52,Dijon
2302,404409955,MONTCHAPET AUTOMOBILES,5710,4511Z,ETI,40440995500063,O,2025-12-06T05:16:18,Dijon
2303,484185574,M.C.S.,5710,4634Z,ETI,48418557400056,O,2025-12-06T10:50:09,Dijon
2304,498623552,VIREY PATRIMOINE,5499,6820A,PME,49862355200011,O,2025-12-06T06:27:32,Dijon
2305,497761239,GASTRONEF,5499,5621Z,PME,49776123900027,O,2025-12-06T05:30:01,Dijon
2306,498124890,ENERTRAG SE,5800,7022Z,ETI,49812489000019,O,2025-12-06T05:43:45,Dijon
2307,509231551,REPAIR MOBILE,5710,9512Z,PME,50923155100128,O,2025-12-06T05:40:26,Dijon
2308,509256434,TECHNIGAZON,5710,8130Z,ETI,50925643400028,O,2025-12-06T08:09:00,Dijon
2309,524023033,GREENATION,5710,7112B,PME,52402303300029,O,2025-12-06T05:37:48,Dijon
2310,514951805,CM PNEUS,5499,4532Z,PME,51495180500027,O,2025-12-06T07:12:07,Dijon
2311,770201010,TRANSPORTS DE SAVOIE,5710,4941C,ETI,77020101000079,O,2026-04-09T13:06:57,Dijon
2312,450716980,CAR FORMATION SARL,5710,8559A,ETI,45071698000013,O,2025-12-06T05:21:45,Dijon
2313,385146303,CAPLATUB,5710,4669B,ETI,38514630300016,O,2025-12-06T05:16:51,Angers
2314,392346003,PAPILLON,5710,4759A,PME,39234600300198,O,2025-12-06T05:56:04,Angers
2315,393264221,EURALIS NORMANDIE,5710,4941B,ETI,39326422100028,O,2025-12-06T05:25:30,Angers
2316,528057185,CREDIT TAUX SERVICE,5499,6619B,PME,52805718500019,O,2025-12-06T06:22:00,Angers
2317,753803949,TECHNOSTOR-LJM,5710,4339Z,PME,75380394900068,O,2026-07-09T12:00:24,Angers
2318,749809968,SARL VENDENUS,5499,4778C,ETI,74980996800011,O,2025-12-06T06:20:02,Angers
2319,537822025,HAPPY COURTAGE,5499,6619B,PME,53782202500095,O,2026-02-26T13:14:20,Angers
2320,532334455,DSD 44 NE,5710,9311Z,ETI,53233445500013,O,2025-12-06T10:24:33,Angers
2321,538954702,IT SOLUTIONS,5710,4651Z,PME,53895470200014,O,2025-12-06T11:15:37,Angers
2322,790117816,MLP,5710,8219Z,ETI,79011781600013,O,2026-07-07T15:37:09,Angers
2323,790536429,OKBOX,5710,5210B,PME,79053642900018,O,2026-04-16T13:09:44,Angers
2324,791304678,OFY DEVELOPPEMENT,5499,4779Z,PME,79130467800083,O,2025-12-06T10:00:44,Angers
2325,792291288,JB CONCEPT,5499,4759A,PME,79229128800019,O,2025-12-06T06:18:25,Angers
2326,712006741,BINDER MAGNETIC,5499,4669B,PME,71200674100078,O,2025-12-06T05:32:24,Angers
2327,576350169,SOCIETE D'AMENAGEMENT FONCIER ET D'ETABLISSEMENT RURAL PAYS DE LA LOIRE,5530,4299Z,PME,57635016900016,O,2025-12-06T10:22:20,Angers
2328,813980760,L.B.L CONTROLE,5499,7120A,PME,81398076000017,O,2025-12-06T05:38:12,Angers
2329,500617634,LE MANS BC,5710,5610C,PME,50061763400117,O,2025-12-06T06:23:53,Angers
2330,978769578,SYNSAFE CENTRE OUEST,5710,8211Z,PME,97876957800011,O,2026-05-13T13:10:37,Angers
2331,389843434,FRANCE MONTGOLFIERES,5710,9329Z,PME,38984343400058,O,2026-01-21T10:01:44,Nimes
2332,389857475,MEDIMAT,5710,4663Z,ETI,38985747500070,O,2026-01-08T17:01:24,Nimes
2333,513905869,VOLTAFRANCE 2,5499,3511Z,PME,51390586900485,O,2025-12-06T06:18:16,Nimes
2334,518169347,SIGMA ACOUSTIQUE,5499,7112B,PME,51816934700037,O,2025-12-06T07:09:01,Nimes
2335,810786228,C.E.V1,5710,3511Z,PME,81078622800017,O,2025-12-06T05:12:17,Nimes
2336,804569663,ENERGIES DU PLATEAU CENTRAL 2,5710,3511Z,ETI,80456966300110,O,2025-12-06T05:25:39,Nimes
2337,808660187,OPHTADIM,5485,8622C,PME,80866018700010,O,2025-12-06T05:20:20,Nimes
2338,808858229,BARBER MEN,5499,9602A,PME,80885822900020,O,2026-07-31T13:09:26,Nimes
2339,791807167,AU FRUIT DE SAISON,5710,4781Z,PME,79180716700055,O,2026-04-01T13:14:05,Nimes
2340,792139669,ENERGIES DU RECHET,5710,3511Z,ETI,79213966900115,O,2026-06-15T09:29:15,Nimes
2341,785620725,VYNEX,5710,4674A,ETI,78562072500032,O,2025-12-06T06:51:30,Nimes
2342,490176021,DELICES DES ANGES,5499,4724Z,PME,49017602100114,O,2025-12-06T05:16:41,Nimes
2343,511220634,ARTESOL AIX 1,5499,7112B,ETI,51122063400188,O,2026-02-16T19:02:03,Nimes
2344,811407527,CAP VERT ENERGIE EXPLOITATION I31,5499,3511Z,ETI,81140752700118,O,2025-12-06T06:17:28,Nimes
2345,493950117,VITACLIM,5710,4322B,PME,49395011700033,O,2026-01-12T09:36:17,Nimes
2346,966500084,PUBLIC IMPRIM,5710,1812Z,PME,96650008400027,O,2025-12-06T05:15:22,Nimes
2347,487731200,OLANO LADOUX,5710,4941A,ETI,48773120000118,O,2026-01-22T21:00:22,Clermont-Ferrand
2348,498165604,SAS 3J,5710,6832A,ETI,49816560400030,O,2026-01-06T13:13:06,Clermont-Ferrand
2349,483079851,MANGANELLI TECHNOLOGY,5710,4652Z,PME,48307985100034,O,2025-12-06T05:14:22,Clermont-Ferrand
2350,489158071,GAUTHIER,5710,4332B,PME,48915807100055,O,2025-12-06T06:32:12,Clermont-Ferrand
2351,340952621,GABRIEL,5710,4673A,PME,34095262100019,O,2025-12-06T06:30:49,Clermont-Ferrand
2352,501717862,UNITE DE RADIOTHERAPIE REPUBLIQUE,5485,8622A,PME,50171786200012,O,2025-12-06T05:38:04,Clermont-Ferrand
2353,401503792,ARCADIS ESG,5710,7112B,ETI,40150379200533,O,2025-12-06T05:13:42,Clermont-Ferrand
2354,344286471,IFB INTERNATIONAL FREIGHTBRIDGE FRANCE,5710,5229B,PME,34428647100059,O,2025-12-06T05:16:17,Clermont-Ferrand
2355,344769971,ALPHA LASER,5710,2561Z,PME,34476997100070,O,2026-04-15T19:00:24,Clermont-Ferrand
2356,326770096,SOCIETE CHEZE ET FILS VOYAGES CHEZE,5710,4939A,PME,32677009600013,O,2025-12-06T05:38:11,Clermont-Ferrand
2357,305817983,LEVIAT,5710,4673A,ETI,30581798300185,O,2025-12-06T09:14:09,Clermont-Ferrand
2358,333327633,RESO LPI,5599,4673A,ETI,33332763300025,O,2025-12-06T08:15:02,Clermont-Ferrand
2359,383262631,PRODUITS GASTRONOMIQUES DE LIMAGNE,5499,1012Z,PME,38326263100013,O,2025-12-06T05:38:41,Clermont-Ferrand
2360,429015225,AUTOMOBILITY,5710,7711A,PME,42901522500155,O,2025-12-06T05:16:07,Clermont-Ferrand
2361,440228708,SH FRANCE AUVERGNE,5710,5510Z,ETI,44022870800036,O,2025-12-06T05:43:44,Clermont-Ferrand
2362,417494119,AQUABIO,5560,7490B,PME,41749411900056,O,2026-05-04T13:01:32,Clermont-Ferrand
2363,350138350,A.C.S LOCATION,5710,7711A,PME,35013835000144,O,2025-12-06T11:22:26,Tours
2364,329245666,FLEXOCOLOR,5710,1813Z,PME,32924566600030,O,2025-12-06T05:15:21,Tours
2365,542060132,M R C I,5710,5229A,ETI,54206013200199,O,2025-12-06T06:28:54,Tours
2366,488360926,SEBLO,5499,4778C,PME,48836092600031,O,2026-06-08T13:11:49,Tours
2367,675980114,HAGER ELECTRO SAS,5710,2712Z,ETI,67598011400010,O,2025-12-06T05:14:35,Tours
2368,326564150,SOCIETE DE DISTRIBUTION COMMERCIALE,5599,4772A,PME,32656415000018,O,2025-12-06T05:25:12,Tours
2369,327558805,LES BELLES CAVES,5599,4725Z,PME,32755880500120,O,2026-01-06T13:13:24,Tours
2370,329020820,ESVIA,5710,4211Z,PME,32902082000133,O,2025-12-06T06:07:02,Tours
2371,353726375,GEOPLUS,5499,7112A,PME,35372637500085,O,2025-12-06T06:13:40,Tours
2372,537623894,INTERACTION CENTRE,5710,7820Z,ETI,53762389400152,O,2025-12-06T05:25:05,Tours
2373,597220466,ETABLISSEMENTS MINIER SA,5710,0812Z,ETI,59722046600010,O,2025-12-06T08:25:44,Tours
2374,413120320,MESUR ANALYS PROCESS ENVIRONNEMT,5710,7120B,PME,41312032000044,O,2025-12-06T05:52:29,Tours
2375,421784240,MK DIFFUSION,5499,4771Z,PME,42178424000085,O,2025-12-06T06:24:25,Tours
2376,481445252,PALAIS DES EPICES,5499,4729Z,PME,48144525200028,O,2026-07-01T13:47:26,Tours
2377,483855227,ARC WEB & RETAIL,5710,4791B,ETI,48385522700102,O,2026-06-15T13:10:55,Metz
2378,484592787,SAINT JAMES OUTLET,5499,4771Z,ETI,48459278700010,O,2025-12-06T06:20:09,Metz
2379,489112318,WEMA LORRAINE,5710,6920Z,PME,48911231800113,O,2026-07-30T17:00:25,Metz
2380,489534297,STK,5710,7022Z,PME,48953429700077,O,2025-12-06T05:21:06,Metz
2381,809607302,FORMATRANS FRANCE,5710,8559A,PME,80960730200019,O,2025-12-24T10:43:38,Metz
2382,789609641,ASPIRTEC GRAND EST,5710,4312A,ETI,78960964100053,O,2025-12-06T05:23:38,Metz
2383,803812270,GESIM CONCORDIS,5710,6831Z,PME,80381227000038,O,2025-12-06T06:30:51,Metz
2384,503431066,ACTIV AUTOMOBILES,5499,4511Z,PME,50343106600029,O,2025-12-06T05:25:14,Metz
2385,498328087,L.D.M.I.,5710,7120B,PME,49832808700081,O,2025-12-06T05:40:11,Metz
2386,509225983,LEON NOEL,5710,4399C,ETI,50922598300022,O,2026-07-01T13:46:48,Metz
2387,524407616,SARL A.B,5499,5610C,PME,52440761600027,O,2025-12-06T06:31:31,Metz
2388,525384459,AVENIRCOMPLICE,5499,9609Z,PME,52538445900018,O,2025-12-06T06:24:09,Metz
2389,529170128,PNS ALSACE-LORRAINE,5710,7820Z,PME,52917012800027,O,2025-12-06T08:37:49,Metz
2390,702043191,SMA INTERACCIAI,5599,4672Z,PME,70204319100130,O,2025-12-06T05:25:22,Metz
2391,899165583,ANGELUS,5710,6622Z,PME,89916558300019,O,2025-12-06T05:38:43,Metz
2392,797767431,FMS GROUPE,5710,7010Z,PME,79776743100027,O,2026-05-07T08:11:07,Metz
2393,786080523,SOCIETE LORRAINE DE REVALORISATION,5710,3832Z,PME,78608052300057,O,2025-12-06T05:15:22,Metz
2394,787280817,RHENUS PARTNERSHIP FRANCE,5710,5229B,ETI,78728081700141,O,2025-12-06T05:31:59,Metz
2395,850182007,APTR,5710,4774Z,PME,85018200700029,O,2025-12-06T08:47:21,Besancon
2396,844694273,VBC,5499,5610C,PME,84469427300039,O,2026-07-13T10:00:36,Besancon
2397,845199413,DIGIFAB,5710,8559A,PME,84519941300012,O,2025-12-06T08:13:46,Besancon
2398,845322031,AKILA,5710,7911Z,PME,84532203100020,O,2025-12-06T07:54:21,Besancon
2399,883105868,SARL DU PETIT MONTARLOT,5499,3511Z,PME,88310586800011,O,2026-06-15T19:00:38,Besancon
2400,883449464,BOURGOGNE FRANCHE COMTE SIGNAUX,5710,2599B,PME,88344946400048,O,2025-12-06T05:20:11,Besancon
2401,878148030,SOLRYS INGENIERIE & INVEST (S2I),5710,7112B,PME,87814803000041,O,2026-02-06T13:08:38,Besancon
2402,818779233,PROACTIVE RH 25,5710,7820Z,PME,81877923300019,O,2025-12-06T05:40:26,Besancon
2403,822073417,TRANSFORM'HAIR,5710,9602A,PME,82207341700047,O,2025-12-06T10:08:26,Besancon
2404,820512762,AUBENARD,5710,7022Z,PME,82051276200080,O,2026-07-02T12:37:48,Besancon
2405,821290269,LILAS CHIC,5499,4771Z,PME,82129026900017,O,2025-12-06T10:38:57,Besancon
2406,825006893,L'EVEIL DES PETITS,5710,8891A,PME,82500689300010,O,2025-12-06T09:11:43,Besancon
2407,819799511,COIFFURE AUBRY,5710,9602A,PME,81979951100012,O,2025-12-06T09:10:58,Besancon
2408,900212382,WEKARE,5710,7022Z,PME,90021238200072,O,2025-12-06T05:39:41,Orleans
2409,828655035,HOTEL COLIGNY,5710,5510Z,PME,82865503500016,O,2025-12-06T05:22:14,Orleans
2410,824539183,PENELOPE L'AGENCE,5710,8299Z,ETI,82453918300015,O,2025-12-06T06:22:09,Orleans
2411,837490267,LES COURTIERES,5710,6619B,PME,83749026700031,O,2025-12-06T11:09:49,Orleans
2412,833637812,MELVAN,5710,7112B,PME,83363781200052,O,2025-12-06T05:39:34,Orleans
2413,833828148,FLORIMAT,5710,4622Z,PME,83382814800019,O,2025-12-06T10:05:56,Orleans
2414,792577157,PRELYS COURTAGE,5499,6619B,PME,79257715700094,O,2026-06-09T13:12:48,Orleans
2415,982710485,FLEXOL OMBRIERES D'ORLEANS,5710,3511Z,PME,98271048500029,O,2025-12-06T10:56:57,Orleans
2416,306001637,SOCIETE GIENNOISE D'ASSAINISSEMENT J MEYER,5710,3812Z,PME,30600163700025,O,2025-12-06T05:14:20,Orleans
2417,312451628,PAVILLON BAIN,5710,4120A,PME,31245162800274,O,2025-12-06T06:05:43,Orleans
2418,317098432,OMNIUM TECHNIQUE D'ETUDES ET DE CONTROLES DE MONTAGES INDUSTRIELS,5599,7120B,ETI,31709843200097,O,2026-01-06T12:31:42,Orleans
2419,432272904,FIBA - HAUT RHIN,5710,6920Z,PME,43227290400017,O,2025-12-06T05:23:37,Mulhouse
2420,429702673,4M,5710,4711D,PME,42970267300055,O,2025-12-06T06:19:45,Mulhouse
2421,434482469,M.C.I. SARL,5499,4778C,PME,43448246900013,O,2025-12-06T10:10:42,Mulhouse
2422,430472365,MBR COMPETENCES ET FORMATIONS,5710,8559B,PME,43047236500039,O,2026-07-09T12:00:44,Mulhouse
2423,419737424,PATISSERIE GAUGLER,5499,1071D,PME,41973742400012,O,2025-12-06T11:14:04,Mulhouse
2424,410271654,DUPESSEY&CO,5710,4941A,ETI,41027165400015,O,2025-12-06T05:15:09,Mulhouse
2425,410340376,SATODISTRI,5710,4634Z,ETI,41034037600020,O,2025-12-06T07:48:04,Mulhouse
2426,410354930,A RAYBOND,5710,2932Z,ETI,41035493000019,O,2026-07-09T11:43:51,Mulhouse
2427,377800693,DRUCK CHEMIE,5710,4675Z,ETI,37780069300022,O,2025-12-06T11:09:55,Mulhouse
2428,378919872,KINTETSU WORLD EXPRESS FRANCE,5710,5229B,PME,37891987200119,O,2026-06-15T13:01:58,Mulhouse
2429,323903013,EUROPATOURS,5499,7911Z,ETI,32390301300015,O,2025-12-10T10:00:31,Mulhouse
2430,324357151,MGI DIGITAL TECHNOLOGY,5599,2899A,PME,32435715100079,O,2025-12-06T07:30:47,Mulhouse
2431,329584262,SARL MARIE-LAURE,5710,4771Z,PME,32958426200011,O,2025-12-06T06:20:17,Mulhouse
2432,329938757,TECHNIQUE & MECANIQUE DES ELEVATEURS,5710,2822Z,ETI,32993875700039,O,2025-12-06T08:10:45,Mulhouse
2433,435333950,INTRASITES,5499,6831Z,ETI,43533395000028,O,2025-12-06T05:34:14,Mulhouse
2434,392089967,GLOBUS STAR,5499,4649Z,PME,39208996700021,O,2025-12-06T08:40:40,Mulhouse
2435,392832622,MG LOCATION,5499,7732Z,PME,39283262200030,O,2025-12-06T08:00:31,Mulhouse
2436,384226908,SCM NORMEDIS RADIOLOGIE,6589,8219Z,PME,38422690800026,O,2025-12-06T10:45:37,Caen
2437,750219081,RETRIEVER RECOUVREMENT,5499,8291Z,PME,75021908100023,O,2025-12-06T11:32:18,Caen
2438,789227063,SOCIETE ACCUEIL PARTENAIRES,5710,5520Z,PME,78922706300094,O,2026-07-01T13:46:48,Caen
2439,789823507,DISTRIVER,5710,4619B,PME,78982350700148,O,2026-01-16T18:31:43,Caen
2440,803506674,SARL SAB CLOP,5499,4778C,PME,80350667400024,O,2025-12-06T06:09:21,Caen
2441,690501523,SUBE PNEURAMA,5710,4532Z,PME,69050152300011,O,2026-01-13T14:00:31,Caen
2442,713650075,SOCIETE OPTIMA SERVICE,5710,7820Z,PME,71365007500219,O,2025-12-06T06:02:46,Caen
2443,390632040,MONTCOCOL,5710,4221Z,PME,39063204000163,O,2025-12-06T05:38:03,Caen
2444,438706657,JBS PROPRETE,5710,8121Z,ETI,43870665700154,O,2025-12-06T05:43:37,Caen
2445,480173350,ALTERBURO DISTRIBUTION,5710,4649Z,ETI,48017335000145,O,2025-12-06T05:43:29,Caen
2446,899936512,MOBILIGAZ,5710,4671Z,PME,89993651200081,O,2025-12-06T05:52:08,Caen
2447,775554868,DORE DIFFUSION,5499,4771Z,PME,77555486800221,O,2025-12-06T06:22:33,Caen
2448,823939491,LA PIERRE ENERGIE,5710,3511Z,ETI,82393949100010,O,2025-12-06T06:29:47,Caen
2449,902813856,MON CHAT & MOI RESEAU B,5710,7500Z,PME,90281385600017,O,2026-04-24T09:00:41,Nancy
2450,833099872,ALIANE,5710,1091Z,PME,83309987200016,O,2025-12-06T05:25:23,Nancy
2451,947544078,MK BETA,5710,4110A,ETI,94754407800084,O,2026-03-17T13:08:48,Nancy
2452,908613524,FLANDRIN TECHNOLOGIES,5710,5829A,ETI,90861352400010,O,2025-12-30T12:01:03,Nancy
2453,315126342,PENTEINE,5499,4771Z,PME,31512634200130,O,2026-01-13T15:01:20,Nancy
2454,303689483,SACCLO,5710,6832A,PME,30368948300145,O,2025-12-06T06:34:07,Nancy
2455,317888550,FROID CLIMATISATION TECHNIQUES,5710,3320B,ETI,31788855000025,O,2025-12-06T05:25:29,Nancy
2456,318570561,CAP VEHICULES INDUSTRIELS - CAP V.I.,5710,4531Z,PME,31857056100163,O,2026-05-07T15:33:25,Nancy
2457,340194331,FRANCE ROBINETTERIE VALVES,5710,4669B,PME,34019433100021,O,2025-12-17T13:01:36,Poitiers
2458,383533296,HD CONSTRUCTION,5710,4120A,PME,38353329600042,O,2025-12-06T06:19:03,Poitiers
2459,344380530,CHAUVIN ARNOUX ENERGY,5710,4652Z,ETI,34438053000230,O,2026-05-12T13:59:38,Poitiers
2460,393046784,TESSI - T.G.D.,5710,6311Z,ETI,39304678400160,O,2025-12-06T07:27:30,Poitiers
2461,393533872,WHEELABRATOR GROUP,5710,3312Z,ETI,39353387200023,O,2026-01-21T09:29:10,Poitiers
2462,398486597,CREA'TURE,5710,7111Z,PME,39848659700048,O,2026-01-09T12:31:44,Poitiers
2463,398652172,LIBRES LECTEURS LIBRES LECTRICES,5710,4761Z,PME,39865217200030,O,2025-12-06T06:23:13,Poitiers
2464,399236017,SOFIL,5710,4110A,PME,39923601700030,O,2025-12-06T05:24:04,Poitiers
2465,409753712,TECHNI-VERT 17,5710,8130Z,PME,40975371200051,O,2025-12-06T05:41:31,Poitiers
2466,397479577,SIROPO,5499,5510Z,PME,39747957700017,O,2025-12-06T07:38:58,Poitiers
2467,397636838,EURL GANESH,5499,5510Z,PME,39763683800021,O,2025-12-06T06:13:56,Poitiers
2468,398075051,SOCIETE HYDRO-ELECTRIQUE BESSE,5499,3511Z,PME,39807505100068,O,2025-12-06T09:25:21,Poitiers
2469,402493787,RULLIER BOIS,5710,4673A,PME,40249378700012,O,2025-12-06T09:45:23,Poitiers
2470,413181488,STI,5499,7112B,PME,41318148800078,O,2025-12-06T06:03:07,Annecy
2471,413837949,MOKAMATIC,5710,4799B,PME,41383794900028,O,2025-12-06T06:27:39,Annecy
2472,451846398,"INGENIERIE, DIAGNOSTIC EXPERTISE BAT",5499,7112B,PME,45184639800084,O,2025-12-06T05:20:28,Annecy
2473,484220025,BOWLING 3000,5710,5630Z,PME,48422002500015,O,2025-12-06T11:15:37,Annecy
2474,484628177,EVANESCENCE,5499,4771Z,PME,48462817700046,O,2025-12-06T06:19:28,Annecy
2475,489204784,ENVITHES,5499,4729Z,PME,48920478400024,O,2026-06-23T13:13:40,Annecy
2476,488225517,TAGA SANTE,5710,7820Z,PME,48822551700140,O,2026-02-12T16:16:48,Annecy
2477,488254723,SOCOPAR,5499,4753Z,PME,48825472300064,O,2025-12-06T06:20:02,Annecy
2478,477562060,COM UNIC,5499,3314Z,PME,47756206000046,O,2025-12-06T06:55:00,Annecy
2479,477724173,ALLIANCE CLUSES INTERIM,5710,7820Z,PME,47772417300109,O,2025-12-06T06:13:10,Annecy
2480,480384817,BECKHOFF AUTOMATION SARL,5499,4652Z,PME,48038481700023,O,2025-12-06T06:02:46,Annecy
2481,482207453,LA REGATE,5499,4730Z,PME,48220745300028,O,2025-12-06T05:29:27,Annecy
2482,421529710,IMPERIAL CLASSIC DIFFUSION,5710,4771Z,PME,42152971000012,O,2026-03-04T13:09:04,Paris
2483,415386408,LES BOUCHERIES DE LA PRAIRIE,5499,4722Z,PME,41538640800017,O,2025-12-06T10:46:27,Paris
2484,489358366,MSM 1888,5710,5610A,ETI,48935836600024,O,2025-12-06T08:08:53,Paris
2485,480111525,SAFETY - KLEEN FRANCE,5499,4669B,ETI,48011152500303,O,2025-11-27T13:21:52,Paris
2486,511236655,NEXT GENERATION FRANCE,5710,4752A,PME,51123665500052,O,2025-12-06T08:33:44,Paris
2487,515020345,CONFORT DECOR,5699,4759A,PME,51502034500010,O,2025-12-06T08:38:32,Paris
2488,521510966,G & C FRANCE,5710,4672Z,PME,52151096600554,O,2026-04-13T10:38:39,Paris
2489,490077864,IMMOBANQUES,5710,7022Z,ETI,49007786400141,O,2026-07-01T17:32:14,Paris
2490,722047552,BANQUE CHAABI DU MAROC,5599,6419Z,ETI,72204755200111,O,2026-02-10T11:01:16,Paris
2491,539598086,PEOPLE AND BABY DEVELOPPEMENT,5710,8891A,ETI,53959808600012,O,2026-03-17T13:12:29,Paris
2492,838124006,ITIGO,5710,7022Z,ETI,83812400600019,O,2026-07-09T13:15:20,Paris
2493,819540634,CAP'SERVICES,5710,8810A,PME,81954063400196,O,2026-03-17T19:19:32,Paris
2494,910055672,MISTERTEMP ONSITE,5710,7820Z,ETI,91005567200349,O,2026-04-29T15:00:47,Paris
2495,542057336,ASTEN,5710,4399A,ETI,54205733600738,O,2026-08-14T16:30:39.910,Paris
2496,432678480,SCALIA FRANCE,5499,4753Z,PME,43267848000117,O,2026-08-12T09:36:14.211,Paris
2497,301161014,DOLL,5710,9329Z,PME,30116101400040,O,2026-08-03T12:00:58.328,Paris
2498,881351985,DISTRY,5710,7490B,PME,88135198500018,O,2026-07-28T13:31:43,Paris
2499,896950292,CEMEX GRANULATS SUD OUEST,5710,0812Z,ETI,89695029200277,O,2025-12-06T05:25:31,Paris
2500,550501985,LES COOPERATEURS DE NORMANDIE PICARDIE,5551,4711D,ETI,55050198507153,O,2025-12-06T10:50:33,Lyon
2501,444964191,MCDA,5710,4661Z,ETI,44496419100035,O,2026-06-02T13:12:16,Lyon
2502,484934286,DIDAL,5710,4772B,PME,48493428600093,O,2025-12-06T06:16:09,Lyon
2503,809789738,RESEAU ALOIS SERVICE,5499,8810A,PME,80978973800014,O,2026-07-28T15:57:08,Lyon
2504,529375263,C.G.A,5499,9601B,PME,52937526300017,O,2025-12-06T06:29:54,Lyon
2505,602040412,CELLINI SA,5710,4772A,PME,60204041200275,O,2026-07-27T13:26:25,Marseille
2506,388374530,ACCUEIL FUNERAIRE,5499,9603Z,PME,38837453000011,O,2026-08-11T13:07:14.343,Marseille
2507,316475227,LAMBERTON,5499,4673A,ETI,31647522700039,O,2025-12-06T06:57:32,Marseille
2508,531338572,CAP OR NUMISMATIQUE,5710,6619B,PME,53133857200039,O,2025-12-18T13:14:28,Toulouse
2509,590800504,ROUQUET,5532,4621Z,ETI,59080050400037,O,2025-12-06T06:59:10,Toulouse
2510,480062678,CTRE DE CARDIOLOGIE EXPLORATION,5785,8621Z,PME,48006267800143,O,2025-12-06T05:21:45,Toulouse
2511,407957687,DEBARD AUTOMOBILES,5710,4511Z,ETI,40795768700012,O,2026-06-17T13:10:13,Toulouse
2512,808498745,CYMBELINE FOREVER,5710,4642Z,PME,80849874500054,O,2025-12-06T05:59:57,Toulouse
2513,498754613,GIB,5499,4120A,PME,49875461300103,O,2026-03-27T13:24:01,Toulouse
2514,750024192,PEAK INVEST 04,5202,3511Z,PME,75002419200205,O,2025-12-06T05:56:27,Toulouse
2515,804926251,WELLJOB EMPLOI,5710,7820Z,ETI,80492625100054,O,2026-04-09T17:56:58,Lille
2516,808635296,WOJO EXPLOITATION FRANCE,5710,8299Z,ETI,80863529600177,O,2025-12-06T05:15:46,Lille
2517,504247297,ELECSOL LES TAMARINS,5499,3511Z,ETI,50424729700048,O,2026-04-29T15:08:32,Lille
2518,517780870,ACUITIS FRANCE,5710,4778A,ETI,51778087000211,O,2026-06-26T13:19:04,Lille
2519,492876750,LA MAISON BLEUE - LA GARDE,5499,8891A,ETI,49287675000380,O,2025-12-06T05:39:33,Lille
2520,844406207,IMSA,6220,6203Z,ETI,84440620700010,O,2025-12-06T05:17:03,Lille
2521,885026658,NAPOLI GANG,5710,5621Z,ETI,88502665800215,O,2026-06-04T13:21:12,Lille
2522,819807652,SO'GERCENTRE,5710,4711B,ETI,81980765200014,O,2026-06-17T12:36:25,Lille
2523,418192316,ALPHA CONSTRUCTIONS,5710,4120A,ETI,41819231600044,O,2025-12-06T06:29:53,Bordeaux
2524,444640825,GIE GAM RESTAURANT,6220,5629B,ETI,44464082500402,O,2026-07-31T13:31:42,Bordeaux
2525,799959325,AMICUS ENERGIE,5499,3511Z,PME,79995932500231,O,2025-12-06T07:42:33,Bordeaux
2526,788139285,THEVENIN SA,5710,4332A,ETI,78813928500027,O,2026-07-02T10:32:07,Bordeaux
2527,389999194,ACCORD IMMOBILIER,5710,6832A,PME,38999919400209,O,2026-03-18T13:11:17,Nantes
2528,534649355,ODY-C,5710,6190Z,PME,53464935500052,O,2026-04-24T13:10:02,Nantes
2529,981323843,LES INTERIMAIRES PROFESSIONNELS INDUSTRIE TECHNIQUE & NUCLEAIRE,5710,7820Z,ETI,98132384300012,O,2026-06-09T14:32:46,Nantes
2530,902545359,ED68,5710,3511Z,PME,90254535900017,O,2025-12-06T05:23:21,Nantes
2531,833829815,VERTSUN SAS,5710,4120B,PME,83382981500152,O,2026-05-12T14:12:02,Nantes
2532,894148766,HELLIO INGENIERIE,5710,7022Z,ETI,89414876600096,O,2026-08-17T12:33:45.534,Nantes
2533,726820384,PERRIN,5710,1431Z,PME,72682038400014,O,2026-08-06T09:09:28.983,Nantes
2534,307147389,TOP INTER,5599,6820B,PME,30714738900646,O,2025-12-06T05:53:53,Nantes
2535,315228429,ABB SAS,5710,7010Z,ETI,31522842900660,O,2025-12-06T05:19:39,Nantes
2536,334532496,ABUS LEVAGE FRANCE,5710,4669B,PME,33453249600109,O,2025-12-06T05:16:50,Nantes
2537,329360358,FICAMEX,5499,6920Z,PME,32936035800066,O,2026-02-06T12:01:24,Nantes
2538,329480073,LA GESTION COOPERATIVE II,6560,8299Z,PME,32948007300264,O,2025-12-06T06:24:08,Nantes
2539,305234320,BRAND FRANCE SAS,5710,4399E,ETI,30523432000037,O,2025-12-06T05:16:50,Nantes
2540,440315943,VERLINGUE,5710,6622Z,ETI,44031594300074,O,2025-12-06T06:55:37,Nantes
2541,981290166,OSAC HABILITATION,5710,7490B,PME,98129016600017,O,2025-12-06T06:55:54,Nantes
2542,348811142,SOCORAIL,5710,5221Z,ETI,34881114200150,O,2026-03-17T18:09:18,Strasbourg
2543,353695174,VISIATIV SOFTWARE,5710,6202A,ETI,35369517400014,O,2026-04-10T12:33:20,Strasbourg
2544,351338264,FIVA,5710,7820Z,ETI,35133826400051,O,2026-06-15T13:10:27,Strasbourg
2545,380102228,VOYAGES MUGLER-RINGENBACH SA,5710,7911Z,PME,38010222800018,O,2026-04-09T13:13:17,Strasbourg
2546,514610484,QARSON,5499,4511Z,PME,51461048400024,O,2025-12-06T08:25:01,Strasbourg
2547,749838454,HIPPOCRATE PHI IV,5710,8542Z,ETI,74983845400371,O,2025-12-06T05:37:33,Strasbourg
2548,804898609,WELLJOB INTERIM,5710,7820Z,ETI,80489860900081,O,2026-06-02T11:01:05,Strasbourg
2549,797978996,KOAH,5710,7022Z,PME,79797899600016,O,2026-01-13T13:18:20,Strasbourg
2550,791450323,LEA ET LEO GRAND EST,5710,8891A,ETI,79145032300013,O,2025-12-06T05:12:32,Strasbourg
2551,712058965,SOCIETE DE FRET ET DE SERVICES,5710,5229B,ETI,71205896500245,O,2025-12-06T10:36:34,Strasbourg
2552,549857688,HAKO FRANCE,5710,4669C,ETI,54985768800010,O,2025-12-06T05:14:09,Strasbourg
2553,552082182,HOME TISSAGES,5710,4751Z,PME,55208218200072,O,2026-06-26T13:11:43,Strasbourg
2554,793293168,OXXO EVOLUTION,5710,4332A,ETI,79329316800027,O,2025-12-06T06:55:38,Montpellier
2555,326635679,VERDIE AUTOCARS,5710,4939B,ETI,32663567900086,O,2026-01-27T16:01:03,Montpellier
2556,337609622,I S L INGENIERIE,5710,7112B,PME,33760962200036,O,2025-12-06T06:32:27,Montpellier
2557,530221456,URBA 21,5202,3511Z,PME,53022145600169,O,2025-12-06T06:10:32,Montpellier
2558,530303296,URBA 38,5202,7112B,PME,53030329600137,O,2025-12-06T05:39:33,Montpellier
2559,572028629,BUREAU D'ETUDES ET DE RECHERCHES POUR L'INDUSTRIE MODERNE BERIM,5599,7112B,ETI,57202862900275,O,2025-12-06T07:02:47,Montpellier
2560,419948781,GRAND SUD ACCUEIL,5710,5590Z,PME,41994878100242,O,2026-06-15T13:12:50,Montpellier
2561,528915465,FREENESS,5710,9313Z,PME,52891546500165,O,2025-12-06T05:37:41,Montpellier
2562,521303917,JUSAVETI,5710,4771Z,PME,52130391700103,O,2026-07-01T13:46:48,Montpellier
2563,522590082,S.A.S. NEOPARTS,5710,4531Z,ETI,52259008200205,O,2025-12-06T05:25:22,Montpellier
2564,333372522,STUDIEL,5710,7112B,PME,33337252200206,O,2026-03-25T13:08:30,Rennes
2565,383197639,ASSISTANCE ET PROTECTION ANTIPARASITAIRE,5710,8129A,PME,38319763900024,O,2026-07-20T14:00:38,Rennes
2566,441019619,TOP ATLANTIQUE,5499,4638A,ETI,44101961900010,O,2025-12-29T13:16:22,Rennes
2567,432795391,INTEGRAL SYSTEME,5710,4321A,ETI,43279539100098,O,2026-06-03T11:05:13,Rennes
2568,444080774,ETUDIS,5710,7112A,PME,44408077400151,O,2026-01-30T19:26:39,Rennes
2569,448712786,AXXEL,5710,4663Z,PME,44871278600061,O,2026-04-02T13:14:42,Rennes
2570,520435009,A PLUS ENERGIES,5710,4669A,PME,52043500900094,O,2026-02-02T13:08:56,Rennes
2571,809107675,OVELO CYCLES,5499,4540Z,PME,80910767500070,O,2026-02-18T13:13:53,Rennes
2572,709200133,GRAND SALOIR SAINT-NICOLAS,5710,1013A,ETI,70920013300128,O,2025-12-06T06:17:27,Rennes
2573,884964511,AJ MEYNET & ASSOCIES,6585,6920Z,PME,88496451100015,O,2026-07-13T13:13:36,Grenoble
2574,820058584,HALPPY KIDS,5710,8891A,PME,82005858400096,O,2026-01-19T13:14:18,Grenoble
2575,311903496,BBM ET ASSOCIES,5710,6920Z,PME,31190349600090,O,2026-08-12T11:17:05.936,Grenoble
2576,415104223,FAUCHE CENTRE EST,5710,4321A,ETI,41510422300037,O,2026-08-10T13:37:12.394,Grenoble
2577,421455650,PIRTEK HYDRAULIQUE SERVICE SAS,5710,3320B,PME,42145565000067,O,2026-08-06T09:09:28.364,Grenoble
2578,880477658,RS SPVAC CAS B1,5710,3511Z,ETI,88047765800012,O,2025-12-06T05:21:37,Grenoble
2579,316920313,MECALUX FRANCE,5499,4669C,ETI,31692031300210,O,2025-12-06T07:04:00,Grenoble
2580,311531776,MAXICOFFEE SOLUTIONS ARA,5710,4799B,ETI,31153177600079,O,2026-05-29T14:26:29,Grenoble
2581,318334018,RUTRONIK SA,5710,4652Z,PME,31833401800443,O,2026-05-04T16:31:24,Grenoble
2582,319488409,T-SYSTEMS FRANCE,5710,6203Z,PME,31948840900529,O,2025-12-06T05:43:43,Grenoble
2583,497872234,2D ENERGIE,5710,3511Z,PME,49787223400016,O,2025-12-06T06:24:17,Grenoble
2584,489182923,IDSL,5499,8542Z,ETI,48918292300073,O,2025-12-06T08:44:20,Grenoble
2585,420296444,LABORATOIRE D'AUDIOPROTHESE THOMASSIN,5710,4774Z,ETI,42029644400086,O,2025-12-06T06:29:23,Grenoble
2586,501600761,VIVERIS TECHNOLOGIES,5710,6202A,ETI,50160076100156,O,2026-06-03T19:00:58,Grenoble
2587,400208435,EVERWIN,5710,5829C,ETI,40020843500034,O,2025-12-06T05:25:13,Grenoble
2588,328062286,LA CANADIENNE,5710,4771Z,PME,32806228600013,O,2026-06-17T13:11:58,Grenoble
2589,381531953,DIOT PGM,5710,4673B,PME,38153195300093,O,2026-06-04T13:12:02,Rouen
2590,325650216,NATUP DISTRIBUTION,5710,4621Z,ETI,32565021600212,O,2026-05-22T12:00:44,Rouen
2591,529586737,COMPTOIR UNIVERSEL DE L'OR,5499,4777Z,PME,52958673700015,O,2026-03-06T10:06:47,Rouen
2592,534222971,SIXT ASSET AND FINANCE SAS,5710,7711A,ETI,53422297100135,O,2026-06-15T13:07:24,Rouen
2593,799738315,VIMO,5710,4661Z,ETI,79973831500065,O,2026-05-05T14:00:33,Rouen
2594,632044145,SOC D'ETUDES GEN AMENAGEMENT TERRITOIRE,5710,7112B,PME,63204414500043,O,2025-12-06T05:52:07,Rouen
2595,784824153,FORVIS MAZARS SA,5699,6920Z,ETI,78482415300463,O,2026-02-26T19:01:57,Rouen
2596,813634193,DMB COMMUNICATION,5499,7311Z,PME,81363419300029,O,2025-12-06T05:21:27,Rouen
2597,825021249,GODOT & FILS VERSAILLES,5710,4777Z,ETI,82502124900016,O,2026-06-09T20:30:29,Rouen
2598,844622548,FB INVEST,5499,8891A,PME,84462254800015,O,2025-12-06T05:13:16,Rouen
2599,857200521,CENTRE SPECIALITES PHARMACEUTIQUES,5710,4646Z,ETI,85720052100022,O,2026-06-01T10:32:34,Rouen
2600,869800367,GIFFARD MANUTENTION,5699,4669B,ETI,86980036700011,O,2025-12-06T05:16:52,Rouen
2601,789590536,SODI OUEST,5710,4730Z,ETI,78959053600064,O,2026-08-26T13:07:16.101,Rouen
2602,504177759,LHOTELLIER CONSTRUCTION,5710,4120B,ETI,50417775900025,O,2026-08-24T14:00:30.043,Rouen
2603,883653396,MY JOLIE,5710,3299Z,ETI,88365339600027,O,2026-08-24T18:31:36.626,Rouen
2604,790484984,POLE PARAMEDICAL DU PIED,5710,3250A,PME,79048498400063,O,2025-12-06T08:25:44,Dijon
2605,892514241,LASER BFC NORD,5710,9609Z,PME,89251424100017,O,2025-12-06T05:42:16,Dijon
2606,392165080,EPSILOG,5710,4941A,PME,39216508000061,O,2026-08-06T09:09:27.653,Dijon
2607,893470963,FUNNY BOURGOGNE,5710,8891A,PME,89347096300016,O,2025-12-06T05:12:49,Dijon
2608,891294654,BERTHIER TRUCKS,5710,4519Z,ETI,89129465400019,O,2025-12-06T05:16:53,Dijon
2609,300163482,SA GENERALE INDUSTRIELLE COMMERCIALE,5710,7712Z,ETI,30016348200023,O,2025-12-06T05:25:38,Dijon
2610,056803919,PHOCEENNE OSE,5710,6820B,PME,05680391900259,O,2026-06-17T15:25:07,Dijon
2611,479913592,A.E.E.R. CENTRE,5499,4674B,PME,47991359200065,O,2025-12-06T06:15:08,Dijon
2612,508210747,LE POLE RH,5710,6920Z,PME,50821074700095,O,2025-12-06T07:02:16,Dijon
2613,452249618,CHALON DEMENAGEMENTS,5499,4942Z,PME,45224961800052,O,2025-12-06T05:13:43,Dijon
2614,509734802,AUTO ECOLE NOTRE DAME II,5710,8553Z,PME,50973480200028,O,2025-12-06T05:38:35,Dijon
2615,400346219,M. FRANCE SAS,5710,4771Z,ETI,40034621900019,O,2025-12-06T06:29:08,Dijon
2616,952177947,FOCSIE ATLANTIQUE,5710,7022Z,PME,95217794700019,O,2025-12-06T05:15:24,Angers
2617,828786756,DENIS PESAGE,5710,4669C,PME,82878675600035,O,2025-12-06T07:16:16,Angers
2618,823299342,TERIDEAL ATLANTIQUE,5710,8130Z,ETI,82329934200092,O,2026-07-06T20:30:34,Angers
2619,830457347,LA BEGLAIZE,5710,4771Z,PME,83045734700011,O,2025-12-06T06:19:38,Angers
2620,853478857,GREENWEST,5710,4322B,PME,85347885700024,O,2026-06-29T13:10:02,Angers
2621,872802780,G P SAS,5710,2910Z,ETI,87280278000025,O,2026-04-27T15:31:13,Angers
2622,850423922,EVEREST SILVER,5499,8810A,PME,85042392200010,O,2025-12-06T05:38:05,Angers
2623,848492724,MADER FRANCE,5710,2030Z,ETI,84849272400069,O,2026-07-28T13:19:09,Angers
2624,913083077,KANAB DISKAN EXPLOITATION (K.D.E.),5710,4711B,PME,91308307700028,O,2026-02-11T13:12:25,Angers
2625,920190998,HELLO ART UP,5710,6201Z,PME,92019099800079,O,2026-08-21T11:33:17.912,Angers
2626,434429486,EDDIA,5710,4322B,PME,43442948600062,O,2026-08-20T12:31:31.427,Angers
2627,420393985,INNOVATION DISTRIBUTION ENVIRONNEMENT,5710,4674A,PME,42039398500106,O,2026-08-10T11:31:27.961,Angers
2628,811909753,ASSADIA NORD OUEST,5710,8810A,ETI,81190975300048,O,2026-08-06T15:01:03.430,Angers
2629,917596223,WORKSIDE 01,5499,7820Z,PME,91759622300011,O,2026-03-05T15:00:33,Nimes
2630,775937287,PIEMONT CAUSSES ET CEVENNES,6317,1102B,PME,77593728700016,O,2025-12-06T05:21:35,Nimes
2631,776059222,RELIEF GE,5485,7112A,PME,77605922200070,O,2026-05-05T17:31:20,Nimes
2632,823099395,AUDITION SOMMIERES,5202,4774Z,PME,82309939500019,O,2025-12-06T06:22:43,Nimes
2633,823949813,RENT TECHNOLOGIES,5710,6832A,ETI,82394981300021,O,2026-05-26T15:30:49,Nimes
2634,824797286,ETUDE BALINCOURT,5485,6910Z,PME,82479728600021,O,2025-12-06T05:20:57,Nimes
2635,839531027,ROCAMAT CARRIERES,5710,0811Z,PME,83953102700028,O,2025-12-23T15:31:30,Nimes
2636,843830688,INTERACTION LANGUEDOC,5710,7820Z,ETI,84383068800092,O,2025-12-06T06:03:39,Nimes
2637,833768260,NOTAIRES 8,5785,6910Z,PME,83376826000014,O,2025-12-06T06:14:06,Nimes
2638,848102786,ALIMENTATION SANTE RETAIL,5499,5610C,PME,84810278600128,O,2026-06-10T11:30:58,Nimes
2639,878710995,INVA,5710,8122Z,ETI,87871099500019,O,2025-12-06T05:20:29,Nimes
2640,449671338,LES CELLIERS DES VIGNERONS CREATEURS,5710,4725Z,PME,44967133800019,O,2026-08-07T17:26:33.230,Nimes
2641,303377444,HANSEZ ET CIE FRANCE,5599,0811Z,PME,30337744400011,O,2025-12-06T05:38:03,Nimes
2642,305188492,SOCIETE DES ETABLISSEMENTS LOUIS VIAL,5710,3832Z,PME,30518849200048,O,2025-12-06T11:07:39,Nimes
2643,450105911,3 MONTS,5710,4633Z,PME,45010591100017,O,2025-12-06T07:00:49,Clermont-Ferrand
2644,442408142,SARL CHOUVY APPRO 63,5499,4621Z,PME,44240814200010,O,2026-06-26T09:00:23,Clermont-Ferrand
2645,334806502,HYTECK,5710,4675Z,ETI,33480650200087,O,2025-12-06T05:25:38,Clermont-Ferrand
2646,384912291,LA PANETERIE,5499,1071C,PME,38491229100018,O,2025-12-06T06:13:01,Clermont-Ferrand
2647,380621003,FRAMATEQ RHONE ALPES,5710,4663Z,ETI,38062100300066,O,2025-12-06T06:05:13,Clermont-Ferrand
2648,528354525,SPORT ROANNE,5499,9311Z,PME,52835452500099,O,2025-12-06T06:29:54,Clermont-Ferrand
2649,517804720,LOMATIC SERVICES,5710,4520A,ETI,51780472000038,O,2026-06-24T12:00:59,Clermont-Ferrand
2650,522024090,ECOLOISIRS,5499,9329Z,PME,52202409000014,O,2025-12-06T08:16:34,Clermont-Ferrand
2651,523737021,DELTEXPLAN,5710,7112B,PME,52373702100080,O,2025-12-06T05:38:04,Clermont-Ferrand
2652,750584088,IPSB,5710,7112B,PME,75058408800017,O,2026-01-23T17:31:28,Clermont-Ferrand
2653,751795816,SEJUST,5710,4724Z,PME,75179581600063,O,2025-12-06T07:41:25,Clermont-Ferrand
2654,537781692,SHOP 63,5499,4775Z,PME,53778169200018,O,2025-12-06T06:21:06,Clermont-Ferrand
2655,537860215,TRADIECO,5710,4120A,PME,53786021500053,O,2026-05-12T10:00:22,Clermont-Ferrand
2656,407931427,LE COMMERCE,5499,5610C,PME,40793142700014,O,2025-12-06T10:05:55,Tours
2657,811176858,GROUP PREMIUM SECURITE,5710,8010Z,PME,81117685800066,O,2025-12-06T05:41:25,Tours
2658,391764156,SEMOFI,5710,7112B,PME,39176415600058,O,2025-12-06T05:16:40,Tours
2659,502366719,AGEDISS OUEST,5710,4941B,PME,50236671900016,O,2025-12-06T05:56:41,Tours
2660,507429611,SCHOEN DISTRIBUTION,5710,4634Z,ETI,50742961100118,O,2025-12-06T10:05:55,Tours
2661,509434213,PLANCHERS FABRE,5710,2361Z,ETI,50943421300021,O,2025-12-06T05:20:10,Tours
2662,491598512,NK SHOPPING,5710,4771Z,PME,49159851200037,O,2026-01-29T14:07:24,Tours
2663,519023964,LA CHAISE LONGUE SAS,5710,4649Z,PME,51902396400165,O,2026-03-23T14:32:38,Tours
2664,629200791,AMBROISE BOUVIER TRANSPORTS,5710,4941A,ETI,62920079100057,O,2025-12-06T05:43:37,Tours
2665,852853803,SOCIETE NOUVELLE ATTITUDE DIFFUSION,5710,4642Z,PME,85285380300017,O,2025-12-06T05:39:56,Tours
2666,844936419,MILLET RAIL,5710,4920Z,ETI,84493641900010,O,2025-12-06T05:23:57,Tours
2667,850480534,GROUPE BTP INGENIERIE,5499,7112B,PME,85048053400039,O,2025-12-06T05:38:28,Tours
2668,815620463,SCALIS,5599,6820A,ETI,81562046300035,O,2025-12-06T05:43:37,Tours
2669,821145323,BIOSANTE SERVICES,6220,8122Z,ETI,82114532300050,O,2025-12-06T05:20:47,Tours
2670,840030910,EXPERT & MANAGER EST,5710,7820Z,ETI,84003091000086,O,2026-07-29T16:00:43,Metz
2671,847280138,SOC DE MATERIEL DEMATHIEU ET BARD,5710,7732Z,ETI,84728013800037,O,2025-12-06T05:14:22,Metz
2672,890404528,LE GARAGE A JUS,5710,4778C,PME,89040452800014,O,2025-12-06T09:08:25,Metz
2673,881050942,AUTO ECOLE MIKA,5710,8553Z,PME,88105094200013,O,2026-06-26T13:14:21,Metz
2674,878874502,LA MAISON BLEUE - PAYS ORNE-MOSELLE,5499,8891A,ETI,87887450200015,O,2025-12-06T05:12:34,Metz
2675,657180196,SA WERNER,5599,4671Z,PME,65718019600047,O,2025-12-06T05:20:37,Metz
2676,909812273,SOPHORA,5202,4110A,ETI,90981227300011,O,2025-12-26T10:00:39,Metz
2677,383757374,LORTEL EST CABLES,5499,2593Z,PME,38375737400103,O,2026-08-06T09:09:26.959,Metz
2678,891686420,SELARL DR TERESA KUS-MOUSSU,5485,8621Z,PME,89168642000011,O,2026-05-07T11:00:46,Metz
2679,494882327,AXIS SECURITE,5499,8010Z,PME,49488232700104,O,2025-12-06T05:38:35,Metz
2680,477888689,SYNERGIHP GRAND EST,5710,4939A,ETI,47788868900189,O,2025-12-06T05:15:22,Metz
2681,451012058,MANUFACTURE D'APPAREILLAGE ELECTRIQUE DE CAHORS,5710,2712Z,ETI,45101205800017,O,2025-12-06T05:16:18,Metz
2682,828116848,PEQUIGNET HORLOGERIE,5710,2652Z,PME,82811684800015,O,2025-12-06T05:25:31,Besancon
2683,632820445,MOULIN DORNIER DU VAL-D'USIERS,5710,1091Z,PME,63282044500013,O,2025-12-06T05:15:22,Besancon
2684,642820260,SAS TOUTE LA PRESSE,5710,4618Z,PME,64282026000049,O,2025-12-06T05:43:45,Besancon
2685,672820990,MEUBLES PERRIN SOC,5710,4759A,PME,67282099000071,O,2025-12-06T07:39:07,Besancon
2686,910738426,PERFORMANCES RENOUVELABLES,5710,4322A,PME,91073842600014,O,2025-12-06T11:15:46,Besancon
2687,920069762,HIDEAS SANTE,5710,7820Z,PME,92006976200028,O,2026-07-07T12:00:30,Besancon
2688,404964868,MARTEL TRAVAUX SPECIAUX,5710,4399D,ETI,40496486800040,O,2026-08-21T10:03:57.921,Besancon
2689,972503478,CEME RHONE-ALPES,5710,4321A,ETI,97250347800067,O,2026-08-07T12:56:51.993,Besancon
2690,888715117,FRANCHE COMTE COLLECTE DECHETS MENAGERS,5710,3811Z,PME,88871511700014,O,2025-12-06T06:34:49,Besancon
2691,889410619,MENUISERIE TREHANT,5710,4332A,PME,88941061900023,O,2026-07-16T09:34:10,Besancon
2692,893292870,SELARL LEROUX ASSOCIES,5485,6910Z,PME,89329287000019,O,2026-03-10T13:01:47,Besancon
2693,333296309,AUTOCARS BORINI,5710,4939B,ETI,33329630900011,O,2025-12-22T17:16:38,Orleans
2694,330136771,GEST MAG,5710,4666Z,PME,33013677100020,O,2025-12-06T05:51:50,Orleans
2695,399766831,AUBRAIS DISTRIBUTION,5710,4711F,ETI,39976683100016,O,2025-12-06T06:17:19,Orleans
2696,087280285,ADAM EXPLOITATION,5499,4942Z,ETI,08728028500138,O,2025-12-06T07:46:10,Orleans
2697,500992045,PARTNAIRE RIVES DU CHER,5710,7820Z,ETI,50099204500095,O,2025-12-06T05:24:13,Orleans
2698,922378864,ADERIM CENTRE,5710,7820Z,PME,92237886400016,O,2025-12-06T10:55:16,Orleans
2699,978386894,CONCIERGERIE AU CŒUR D'ORLEANS,5710,5520Z,PME,97838689400015,O,2026-03-13T15:31:33,Orleans
2700,973504400,PARTNAIRE LYON,5710,7820Z,ETI,97350440000076,O,2025-12-06T05:40:25,Orleans
2701,800159758,INTERACTION NORD,5710,7820Z,ETI,80015975800088,O,2025-12-06T05:14:23,Orleans
2702,922871892,AGRISUN,5710,4322B,PME,92287189200019,O,2026-03-26T13:20:02,Orleans
2703,914397542,BPM MOTORBEST,5710,4519Z,ETI,91439754200020,O,2026-01-19T18:31:27,Orleans
2704,381214709,LITERIE MULHOUSIENNE,5499,4759A,PME,38121470900085,O,2025-12-06T06:22:24,Mulhouse
2705,388451817,EUROPEENNE DE COMMUNICATION ET DE SERVICE,5710,3320D,PME,38845181700034,O,2025-12-06T05:14:34,Mulhouse
2706,388466526,BANNER FRANCE,5710,4669A,PME,38846652600026,O,2025-12-06T05:14:21,Mulhouse
2707,528674468,OK ! OCCASIONS KROELY,5710,4511Z,ETI,52867446800095,O,2025-12-06T07:50:46,Mulhouse
2708,513612283,ENEBAT THERMIQUE,5710,7112B,PME,51361228300012,O,2025-12-06T10:49:43,Mulhouse
2709,518080049,ADEV FORCE HYDRAULIQUE SAS,5710,3511Z,PME,51808004900027,O,2025-12-06T05:30:09,Mulhouse
2710,519530596,S2B,5499,8559A,PME,51953059600054,O,2025-12-06T06:37:25,Mulhouse
2711,529984601,EURL AE,5499,8553Z,PME,52998460100011,O,2026-06-03T11:00:54,Mulhouse
2712,523910438,AMASSA,5710,9602B,PME,52391043800010,O,2025-12-06T05:38:50,Mulhouse
2713,753480698,SP RETAIL,5710,4764Z,PME,75348069800020,O,2025-12-06T06:29:24,Mulhouse
2714,537495400,D2L LOCATION,5499,4941A,ETI,53749540000021,O,2026-03-18T12:01:03,Mulhouse
2715,810118786,BERT INDUSTRIE,5710,4941B,ETI,81011878600013,O,2025-12-06T06:45:37,Mulhouse
2716,789376571,DVT - DISTRIBUTION ET VALORISATION DES TERROIRS,5710,4722Z,PME,78937657100012,O,2025-12-06T09:32:00,Mulhouse
2717,805248291,LEFEVRE ALSACE,5710,4519Z,PME,80524829100017,O,2025-12-06T05:22:14,Mulhouse
2718,688500701,BENNES VINCENT SAS,5710,2920Z,ETI,68850070100042,O,2025-12-06T05:25:31,Mulhouse
2719,612820860,LES ELEVEURS DE LA CHEVILLOTTE,5599,1011Z,ETI,61282086000064,O,2025-12-06T05:16:18,Mulhouse
2720,831192000,L'HACHE PRISE,5710,9329Z,PME,83119200000014,O,2025-12-06T05:23:30,Caen
2721,834173593,DELORME INFORMATIQUE,5710,4741Z,PME,83417359300015,O,2025-12-06T07:26:37,Caen
2722,857800056,ETABLISSEMENTS PAUL LAMBERT,5710,4669B,PME,85780005600031,O,2026-02-17T13:20:47,Caen
2723,851600262,VAPO RETAIL,5499,4778C,PME,85160026200014,O,2025-12-06T05:48:35,Caen
2724,906080148,NOYON,5710,5229A,ETI,90608014800164,O,2025-12-06T06:26:23,Caen
2725,908682461,MENCO BRETAGNE-NORMANDIE,5710,7820Z,PME,90868246100037,O,2026-02-17T12:00:48,Caen
2726,982736647,GROUPE MDG,5710,6831Z,PME,98273664700057,O,2026-06-25T12:00:39,Caen
2727,408769131,ZICOM,5710,4652Z,ETI,40876913100108,O,2026-08-18T11:00:38.995,Caen
2728,301522900,BISCUITERIE LA TRINITAINE,5710,1072Z,ETI,30152290000010,O,2026-03-18T13:10:55,Caen
2729,310654728,GECIDIC,5710,4669B,ETI,31065472800081,O,2026-04-16T13:15:48,Caen
2730,334981669,SAS DURAND,5710,4334Z,PME,33498166900016,O,2025-12-06T06:26:14,Caen
2731,440088409,TRIVIUM METAL PACKAGING FRANCE,5710,2592Z,ETI,44008840900105,O,2026-06-15T12:57:10,Nancy
2732,562050856,B.BRAUN MEDICAL,5710,3250A,ETI,56205085600235,O,2025-12-06T07:07:16,Nancy
2733,914832043,14INVEST,5710,5510Z,PME,91483204300022,O,2026-03-31T13:15:27,Nancy
2734,389612383,RABOT DUTILLEUL CONSTRUCTION,5710,4120B,ETI,38961238300023,O,2025-12-06T10:22:51,Nancy
2735,447857665,EXFRET 44,5710,4941A,ETI,44785766500023,O,2025-12-06T05:39:55,Nancy
2736,389356890,FACTORIA CDF,5710,4666Z,ETI,38935689000043,O,2026-07-01T13:46:46,Poitiers
2737,509717997,SARL PICTAVE,5499,6831Z,PME,50971799700043,O,2025-12-06T06:24:25,Poitiers
2738,352912976,BATIMENT SERVICE ASSISTANCE,5499,4120B,PME,35291297600045,O,2025-12-06T07:54:12,Poitiers
2739,552721193,SIGNALISATION FRANCE,5599,2599B,ETI,55272119300936,O,2025-12-06T05:21:55,Poitiers
2740,323622241,AUBURTIN SARL,5499,4632A,PME,32362224100020,O,2025-12-06T05:14:33,Poitiers
2741,323890053,MEGNIEN INDUSTRIES,5710,6420Z,ETI,32389005300107,O,2025-12-06T05:38:03,Poitiers
2742,326555570,MATELOC,5560,7732Z,PME,32655557000067,O,2025-12-06T05:13:41,Poitiers
2743,327061172,THEVENET MUSIC,5499,4759B,PME,32706117200059,O,2025-12-06T06:24:08,Poitiers
2744,328161245,MGDIS,5710,5829C,PME,32816124500027,O,2026-01-27T16:01:15,Poitiers
2745,329095640,TIBCO IMMO,5499,6820B,ETI,32909564000119,O,2025-12-06T05:40:32,Poitiers
2746,337909063,SARL AYROLES AUTO RECUPER,5499,4520A,PME,33790906300022,O,2025-12-25T13:16:54,Poitiers
2747,812700284,KHAWAM FARES CATERING,5710,5610C,PME,81270028400027,O,2026-01-28T04:33:04,Annecy
2748,790004261,QK CONFISERIE,5710,4724Z,PME,79000426100018,O,2026-06-01T13:11:41,Annecy
2749,810325415,CKM,5710,5610C,PME,81032541500018,O,2026-05-18T13:10:29,Annecy
2750,803438241,LOOTOO II,5710,7711B,ETI,80343824100017,O,2025-12-06T05:39:34,Annecy
2751,507434389,CONCEPT'OR,5499,4777Z,PME,50743438900015,O,2025-12-06T08:17:02,Annecy
2752,508083300,ECO-TRIPORTEUR,5499,3092Z,PME,50808330000063,O,2025-12-06T09:51:49,Annecy
2753,497598466,VALPIERANNE,5499,6820A,PME,49759846600025,O,2026-05-05T11:26:59,Annecy
2754,497812974,AIVAZIAN MOREAU - NOVAIMO,5499,6910Z,PME,49781297400051,O,2025-12-06T07:53:08,Annecy
2755,498112531,M.C.S. IMMOBILIER,5499,6820A,PME,49811253100062,O,2026-06-02T15:32:32,Annecy
2756,509491858,AXWAY,5710,5829A,ETI,50949185800015,O,2026-07-08T13:12:15,Annecy
2757,518302815,ALEXANDRE BERTHIER ENERGIES,5499,4322B,PME,51830281500072,O,2026-06-25T13:15:19,Annecy
2758,518816053,LAMAISON BLEUE - ANNEMASSE,5499,8891A,ETI,51881605300053,O,2025-12-06T06:28:24,Annecy
2759,529049702,DLHS IMMOBILIER,5499,6820B,PME,52904970200051,O,2025-12-06T06:04:08,Annecy
2760,750353674,BAYA AXESS DEVELOPPEMENTS,5499,8299Z,PME,75035367400070,O,2025-12-06T10:04:10,Annecy
2761,702920042,NPK FRANCE,5710,4663Z,PME,70292004200034,O,2025-12-06T06:00:11,Annecy
2762,539504894,S.A.R.L. CFBG,5499,6831Z,PME,53950489400012,O,2025-12-06T06:41:01,Annecy
2763,789911617,SAS DYL,5710,4774Z,PME,78991161700056,O,2025-12-06T05:14:59,Paris
2764,491118378,ODALYS CITY,5499,5520Z,ETI,49111837800216,O,2026-02-16T18:35:32,Paris
2765,326620820,KERTRUCKS,5710,4519Z,ETI,32662082000059,O,2026-07-29T05:08:24,Paris
2766,422259812,BASILIC RESTAURATION,5710,5629A,PME,42225981200630,O,2026-07-17T16:31:40,Paris
2767,378006027,FRANCE AIR,5710,4669B,ETI,37800602700015,O,2026-07-01T13:46:46,Paris
2768,518191507,ASSOFAC,5710,8559A,ETI,51819150700400,O,2025-12-06T05:40:41,Paris
2769,752610147,GIE KLESIA ADP,6220,6629Z,ETI,75261014700239,O,2026-03-06T09:32:15,Paris
2770,534681697,SSP PROVINCE,5710,5610C,ETI,53468169700072,O,2026-07-22T13:32:09,Paris
2771,798070231,HAVEAGOODAY,5710,5610C,PME,79807023100039,O,2026-05-19T14:41:15,Paris
2772,790843411,DEMATHIEU BARD CONSTRUCTION,5710,4120B,ETI,79084341100022,O,2025-12-06T07:50:46,Paris
2773,784702391,MUTUELLE FRATERNELLE ASSURANCE,6411,6512Z,ETI,78470239100060,O,2025-12-06T07:14:30,Paris
2774,958506156,CFDP ASSURANCES,5599,6512Z,ETI,95850615602046,O,2026-07-27T14:26:19,Paris
2775,828437004,SICOVIDIS,5499,4721Z,ETI,82843700400017,O,2026-02-23T13:12:14,Lyon
2776,948397559,SODIGE NORD,5710,4730Z,ETI,94839755900014,O,2026-08-04T13:15:36.048,Lyon
2777,305025918,ALTEMA EST,5710,4669B,ETI,30502591800262,O,2026-04-16T13:11:56,Lyon
2778,504575705,BEAUTE CONCEPT,5710,4775Z,PME,50457570500224,O,2025-12-06T05:20:10,Lyon
2779,495314619,2 F,5710,4791B,ETI,49531461900059,O,2026-06-19T13:10:54,Marseille
2780,751647199,ENJOY SAS,5710,7740Z,PME,75164719900072,O,2025-12-06T07:05:03,Marseille
2781,722850070,DRAGUI TRANSPORTS,5599,3811Z,ETI,72285007000177,O,2025-12-06T05:43:45,Marseille
2782,889113668,RS SPV3,5710,3511Z,ETI,88911366800012,O,2025-12-06T05:59:29,Marseille
2783,889471058,OMERIS RESEAU FRANCE,5710,8710A,ETI,88947105800012,O,2025-12-06T05:53:16,Marseille
2784,791603806,SOLEIL 04,5710,3511Z,ETI,79160380600013,O,2025-12-06T06:30:27,Toulouse
2785,351855572,EUROFINS INTERLAB,5785,8690B,PME,35185557200084,O,2026-08-03T15:00:35.364,Toulouse
2786,442833935,TIR TECHNOLOGIES TOILES INDUS RHIN TECHN,5710,2512Z,ETI,44283393500046,O,2026-08-06T09:09:25.657,Toulouse
2787,397511783,CASH VIN SA,5599,4725Z,ETI,39751178300011,O,2026-03-05T13:14:36,Toulouse
2788,397541277,DECOR & NATURE,5599,4753Z,PME,39754127700240,O,2025-12-06T06:21:44,Toulouse
2789,791016108,SUPERDRY FRANCE,5499,4771Z,PME,79101610800015,O,2026-08-19T05:09:16.405,Lille
2790,883590796,MCD21,5710,3511Z,ETI,88359079600222,O,2025-12-06T10:15:13,Lille
2791,498709096,AFA,5499,8559A,PME,49870909600024,O,2025-12-06T06:43:44,Lille
2792,481626471,IMAGERIE MEDICALE JACQUEMARS GIELEE,5785,8622A,PME,48162647100017,O,2026-07-17T11:32:31,Lille
2793,447649922,CHOYO,5710,4771Z,ETI,44764992200047,O,2025-12-06T06:18:24,Lille
2794,331321760,AU BONHEUR DU FOUINEUR,5710,4759B,ETI,33132176000018,O,2025-12-06T09:58:12,Lille
2795,419882311,ISABEL MARANT DIFFUSION,5710,4771Z,ETI,41988231100055,O,2025-12-06T05:15:45,Lille
2796,443736368,NODUSX2SA,5710,4771Z,PME,44373636800012,O,2025-12-06T07:11:59,Lille
2797,952046902,GROUPE COMBRONDE MANAGEMENT,5710,8299Z,ETI,95204690200013,O,2026-07-15T12:01:10,Bordeaux
2798,387729965,AQUITAINE DE GESTION URBAINE & RURALE,5710,3600Z,ETI,38772996500161,O,2026-07-22T13:13:50,Bordeaux
2799,804264018,8-C,5710,8559A,PME,80426401800024,O,2026-03-24T13:01:11,Nantes
2800,387495799,VISIATIV SOLUTIONS ENTREPRISE,5710,6201Z,ETI,38749579900067,O,2026-06-11T13:33:50,Nantes
2801,397955428,DISTRI COIFF',5710,4645Z,ETI,39795542800180,O,2025-12-19T11:47:07,Nantes
2802,342987427,LISA,5499,4772A,ETI,34298742700164,O,2026-07-06T11:31:55,Nantes
2803,329021638,SOCIETE DE TRANSPORTS ET D'AFFRETEMENT DU TREGOR,5710,4941A,ETI,32902163800021,O,2025-12-06T05:14:21,Nantes
2804,352873657,JARDIPLAY,5710,4776Z,ETI,35287365700014,O,2025-12-06T06:29:53,Nantes
2805,353781925,AVITA,5710,7911Z,PME,35378192500055,O,2026-04-23T13:31:31,Nantes
2806,449080324,GEOXIA OUEST,5202,4120A,PME,44908032400097,O,2025-12-06T10:54:24,Nantes
2807,419493341,FIDLER,5710,4642Z,PME,41949334100053,O,2026-06-24T17:33:46,Nantes
2808,588501312,GAZ LIQUEFIES INDUSTRIE,5710,2529Z,PME,58850131200205,O,2025-12-06T05:21:45,Strasbourg
2809,829556810,GROUPE GEMA - ESI BUSINESS SCHOOL / IA SCHOOL,5710,8542Z,ETI,82955681000101,O,2026-07-27T13:14:54,Strasbourg
2810,823393764,CLUB EMPLOYES,5710,6201Z,PME,82339376400019,O,2025-12-06T05:41:18,Strasbourg
2811,850981358,ORACLE GLOBAL SERVICES FRANCE SARL,5499,6202A,ETI,85098135800219,O,2026-06-09T16:32:48,Strasbourg
2812,878547462,BH2E,5710,4759B,PME,87854746200142,O,2026-06-01T13:14:00,Strasbourg
2813,315711218,ROHLIG FRANCE SAS,5710,5229B,PME,31571121800265,O,2025-12-06T05:25:12,Strasbourg
2814,325124535,TECHNIVAP,5710,8122Z,ETI,32512453500171,O,2025-12-06T06:48:46,Strasbourg
2815,321502049,VERSPIEREN,5599,6622Z,ETI,32150204900166,O,2026-04-08T13:30:23,Strasbourg
2816,440697712,ONEPOINT,5710,6202A,ETI,44069771200063,O,2026-06-19T13:01:02,Strasbourg
2817,382224418,C-PARK,5710,7739Z,ETI,38222441800014,O,2026-04-20T19:01:19,Strasbourg
2818,493132005,FRANCE MATH ACADEMIE,5499,8531Z,ETI,49313200500031,O,2025-12-06T06:04:00,Montpellier
2819,752421578,URBA 74,5710,3511Z,ETI,75242157800143,O,2025-12-06T06:18:33,Montpellier
2820,715420303,LES FILS DE A. COLOMBIE CADET,5710,4669B,PME,71542030300185,O,2025-12-06T05:43:51,Montpellier
2821,717320170,GRANIER DIFFUSION,5710,4673A,PME,71732017000045,O,2025-12-06T11:15:37,Montpellier
2822,791555014,LENNY KA,5499,4772A,ETI,79155501400012,O,2025-12-06T06:27:47,Montpellier
2823,854038700,RES SERVICES,5710,3511Z,PME,85403870000084,O,2026-07-10T11:37:30,Montpellier
2824,878144872,ECO APEX 18,5710,3511Z,PME,87814487200115,O,2025-12-06T08:33:52,Montpellier
2825,814884292,LPE VA,5710,4612B,PME,81488429200016,O,2026-01-21T11:16:36,Montpellier
2826,918996331,EUROFIRMS FRANCE,5710,7820Z,PME,91899633100032,O,2026-05-01T13:07:51,Montpellier
2827,821868254,GM LUX,5202,4511Z,ETI,82186825400060,O,2026-08-06T11:00:26.492,Montpellier
2828,890173255,RS SPV4,5710,3511Z,ETI,89017325500013,O,2025-12-06T05:12:49,Montpellier
2829,839529369,MAISON COLAS,5710,4641Z,PME,83952936900085,O,2026-03-09T09:01:11,Rennes
2830,879904688,CEGID NEWCO,5710,5829C,ETI,87990468800014,O,2026-05-05T13:10:05,Rennes
2831,853908036,OSKAR,5499,6820A,PME,85390803600017,O,2025-12-06T10:25:12,Rennes
2832,854036324,BATITECH,5710,4110C,ETI,85403632400101,O,2026-07-23T17:00:41,Rennes
2833,493103592,VOLTALIS,5699,8299Z,ETI,49310359200116,O,2026-08-12T17:41:01.407,Rennes
2834,527952279,SAS OLIVIER ENERGIES,5710,3511Z,PME,52795227900323,O,2026-08-06T12:30:37.618,Rennes
2835,322151663,G.D.V.,5710,4669A,ETI,32215166300182,O,2026-06-11T17:34:27,Rennes
2836,414247999,ABC COMPTABILITE,5499,6920Z,PME,41424799900165,O,2026-04-28T13:11:03,Grenoble
2837,411734635,GAILLARD FORMATION,5710,8553Z,ETI,41173463500039,O,2025-12-06T05:41:31,Grenoble
2838,335244489,ALPTIS ASSURANCES,5710,6622Z,ETI,33524448900209,O,2025-12-06T11:32:08,Grenoble
2839,539926246,AFB FRANCE,5710,6202A,PME,53992624600122,O,2026-06-03T11:05:15,Grenoble
2840,642005177,FERROGLOBE FRANCE,5710,2013B,ETI,64200517700430,O,2025-12-06T05:15:45,Grenoble
2841,554502658,MANUF FRANC ARME CYCL ST ETIEN,5599,6820B,PME,55450265800012,O,2025-12-06T06:09:29,Grenoble
2842,331466805,M.V.R MATERIAUX,5710,4673A,PME,33146680500040,O,2025-12-06T05:43:36,Rouen
2843,301468146,NEU-JKF DELTA NEU,5710,2825Z,ETI,30146814600214,O,2025-12-06T05:18:59,Rouen
2844,310864715,ARCO TROUVE,5710,4772A,PME,31086471500027,O,2025-12-06T06:23:13,Rouen
2845,954200838,SONOCO METAL PACKAGING FRANCE S.A.S,5710,2592Z,ETI,95420083800199,O,2025-12-06T05:43:29,Rouen
2846,343982567,NAXCO FRANCE,5710,5229B,PME,34398256700160,O,2026-07-10T13:13:06,Rouen
2847,342269701,TALENZ ALTEIS NORMANDIE SEINE,5710,6920Z,PME,34226970100062,O,2026-05-19T15:00:27,Rouen
2848,385311519,INGETEC,5710,7112B,PME,38531151900172,O,2025-12-06T06:10:55,Rouen
2849,409178928,PRODOMO,5710,8010Z,ETI,40917892800191,O,2025-12-06T05:41:24,Rouen
2850,400487740,LE CACAOTIER,5710,1082Z,PME,40048774000070,O,2025-12-06T05:41:02,Rouen
2851,400819330,A.T.P.S,5710,4399E,PME,40081933000061,O,2026-07-21T10:45:02,Rouen
2852,407770809,LATITUDE EXPERTISE COMPTABLE,5499,6920Z,PME,40777080900090,O,2025-12-06T05:43:36,Dijon
2853,343949525,IMT INDUSTRIES,5499,8559A,PME,34394952500053,O,2026-02-18T16:32:27,Dijon
2854,344980057,AXAL,5710,4942Z,PME,34498005700048,O,2026-07-14T13:12:42,Dijon
2855,309246999,SARL LANDIOL FRUITS PROVENCE,5499,4631Z,PME,30924699900093,O,2025-12-06T06:39:35,Dijon
2856,310173968,SOCIETE ANONYME COOPERATIVE GIPHAR,5660,4646Z,ETI,31017396800077,O,2026-07-08T11:01:55,Dijon
2857,332290592,ADOLFO DOMINGUEZ SARL,5499,4771Z,PME,33229059200143,O,2025-12-06T06:02:24,Dijon
2858,382840940,COMCABLE,5599,8299Z,PME,38284094000201,O,2025-12-06T07:22:33,Dijon
2859,429179229,LOGIVIA,5710,4941B,ETI,42917922900092,O,2025-12-06T07:15:16,Dijon
2860,421661257,SAS ATG EXPERTISE,5710,7112B,PME,42166125700087,O,2025-12-06T11:15:36,Dijon
2861,420053043,SARL MIGNOTTE,5499,4752A,PME,42005304300071,O,2025-12-06T05:43:21,Dijon
2862,414833889,CENTRE DE MEDECINE NUCLEAIRE DU PARC,5485,8622C,PME,41483388900093,O,2025-12-06T05:20:46,Dijon
2863,314777889,CAPRICE SELECTION,5499,4645Z,PME,31477788900051,O,2025-12-06T06:54:36,Angers
2864,303916506,PROVIVA,5560,4110A,PME,30391650600056,O,2025-12-06T05:43:28,Angers
2865,316969799,PRODUCT LIFE FRANCE,5710,7022Z,ETI,31696979900089,O,2025-12-06T05:40:02,Angers
2866,321943698,GESCO,5710,6920Z,PME,32194369800126,O,2026-04-16T17:00:55,Angers
2867,320462443,TRANSPORTS MARCEL BERTIN,5710,4941A,PME,32046244300013,O,2026-04-10T13:18:14,Angers
2868,330317199,LA FLORENTAISE,5710,0812Z,ETI,33031719900017,O,2025-12-25T13:16:50,Angers
2869,399802677,TGS FRANCE CONSULTANTS,5710,7022Z,ETI,39980267700050,O,2025-12-06T05:41:31,Angers
2870,501030811,CAPTIVEA,5710,6202A,PME,50103081100134,O,2026-06-01T13:01:17,Angers
2871,300299997,TRANSPORTS A. MARTIN & FILS,5710,4941C,PME,30029999700092,O,2026-03-19T15:01:04,Nimes
2872,300427382,ETABLISSEMENTS CAMBON PAUL,5710,4673A,PME,30042738200050,O,2025-12-06T05:40:17,Nimes
2873,309543098,EOLE MOBILITE,5710,4939A,ETI,30954309800045,O,2025-12-06T05:14:45,Nimes
2874,339349409,PROMAFOR SOVEMA,5710,4663Z,PME,33934940900112,O,2025-12-06T05:43:44,Nimes
2875,439948167,MORY GROUP LOGISTIC 45,5710,5224B,PME,43994816700010,O,2025-12-06T06:10:00,Nimes
2876,440290443,ELECTROSTEEL EUROPE SA,5599,4669B,PME,44029044300058,O,2025-12-06T09:43:03,Nimes
2877,500604756,COURANT NATUREL,5499,4322B,PME,50060475600048,O,2025-12-06T05:15:56,Nimes
2878,441100088,AGENCE DE L'OLIVIER,5499,6831Z,PME,44110008800026,O,2025-12-06T06:19:20,Nimes
2879,951810548,SAS DESTOCK MOTO,5710,4540Z,PME,95181054800010,O,2026-02-11T13:06:19,Nimes
2880,950020180,WINNCARE FRANCE,5710,3250A,ETI,95002018000010,O,2025-12-06T05:25:39,Nimes
2881,802348532,OFFLOAD,5710,4741Z,PME,80234853200051,O,2025-12-06T10:41:58,Clermont-Ferrand
2882,809194335,FALGOUX IMMOBILIER,5499,6831Z,PME,80919433500018,O,2025-12-06T06:29:16,Clermont-Ferrand
2883,438707549,CENTRE DE FORMATION DE CONDUCTEURS REGION AUVERGNE VIGIER,5499,8553Z,PME,43870754900020,O,2026-04-16T13:12:16,Clermont-Ferrand
2884,920641032,SOLERTY,5710,3511Z,PME,92064103200015,O,2025-12-06T05:12:05,Clermont-Ferrand
2885,959502345,SIGNAUX GIROD EST,5710,4211Z,ETI,95950234500090,O,2025-12-06T11:12:44,Clermont-Ferrand
2886,952835379,MAXLY,5499,8121Z,PME,95283537900019,O,2026-04-24T11:01:27,Clermont-Ferrand
2887,900229204,TS082RIOM,5710,3511Z,PME,90022920400079,O,2025-12-06T06:25:27,Clermont-Ferrand
2888,917852576,MAB-WATT,5710,7112B,PME,91785257600011,O,2025-12-06T05:39:05,Clermont-Ferrand
2889,775632797,NOUVELLE BROSSERIE AUVERGNATE,5710,4669B,PME,77563279700020,O,2025-12-06T07:10:26,Clermont-Ferrand
2890,829599232,BAKERY CLERMONT NORD,5499,1071C,PME,82959923200016,O,2025-12-06T05:44:44,Clermont-Ferrand
2891,807655956,CEBATEC,5499,7112B,PME,80765595600041,O,2026-04-10T13:20:09,Clermont-Ferrand
2892,838965119,TRIDENT CONSEILS,5710,4651Z,PME,83896511900012,O,2026-03-03T14:00:45,Clermont-Ferrand
2893,837972116,DREAM AWAY,5710,9329Z,PME,83797211600045,O,2025-12-06T10:49:52,Clermont-Ferrand
2894,860200252,LOUIS GENESTE,5710,4399C,PME,86020025200101,O,2025-12-06T06:23:14,Clermont-Ferrand
2895,819188830,IN FUTURUM EXPERTISE,5710,6920Z,PME,81918883000015,O,2025-12-06T05:40:34,Tours
2896,913626016,CREDIT ATYPIQUE,5710,6619B,PME,91362601600087,O,2025-12-06T06:20:03,Tours
2897,523167658,ADC,5499,7120B,PME,52316765800039,O,2026-08-25T13:08:02.585,Tours
2898,451251623,REALITES,5308,4110D,ETI,45125162300133,O,2026-08-18T17:00:55.025,Tours
2899,843747973,ELMA SEPT,5499,4771Z,PME,84374797300017,O,2026-08-04T18:00:25.209,Tours
2900,311945109,SERMAT,5710,7732Z,PME,31194510900016,O,2025-12-06T11:09:25,Tours
2901,822935466,SPEED CLEAN 37,5710,9601B,PME,82293546600018,O,2026-07-02T13:32:02,Tours
2902,452725773,EMBOISE,5710,9602A,PME,45272577300025,O,2026-05-19T14:57:59,Tours
2903,508995826,BUILDING SYSTEMS ENERGIES,5499,7112B,ETI,50899582600080,O,2025-12-06T07:38:44,Tours
2904,402294656,ELODIE V,5499,4771Z,PME,40229465600127,O,2025-12-06T06:24:41,Tours
2905,393854369,SECURIT DOG MAN,5710,8010Z,PME,39385436900054,O,2025-12-06T05:24:47,Tours
2906,314636564,SOCIETE PRESTATIONS COMMERCIALES,5710,4672Z,ETI,31463656400218,O,2025-12-06T05:14:08,Tours
2907,305545030,SARL ANJOU DISTRIBUTION,5499,4771Z,PME,30554503000077,O,2026-03-24T10:00:27,Tours
2908,383752136,ACTY,5785,6910Z,PME,38375213600101,O,2026-07-03T11:32:51,Tours
2909,424561892,PARKER INTERIM,5710,7820Z,ETI,42456189200110,O,2025-12-06T05:41:09,Tours
2910,418563292,MAISONS CONCEPT,5710,4110A,ETI,41856329200139,O,2026-07-02T13:09:24,Tours
2911,483070850,POURCHET FRANCE SARL,5710,4642Z,PME,48307085000035,O,2025-12-06T08:09:49,Metz
2912,483595781,AIDHOM,5710,8810A,PME,48359578100038,O,2025-12-06T05:19:30,Metz
2913,479557894,ACTIMAGE CONSULTING SAS,5710,6202A,PME,47955789400017,O,2025-12-06T05:57:04,Metz
2914,492900097,T.A. 4,5499,4690Z,PME,49290009700014,O,2025-12-06T05:21:26,Metz
2915,490218161,SAVE STORE,5710,4742Z,ETI,49021816100159,O,2026-07-07T13:09:06,Metz
2916,672010022,EAU ET VAPEUR,5710,4674B,ETI,67201002200032,O,2025-12-06T06:23:29,Metz
2917,398491605,SOPALOR,5710,4673B,PME,39849160500018,O,2025-12-06T05:12:01,Metz
2918,405252164,AU FOUR LORRAIN,5499,1071B,PME,40525216400075,O,2025-12-06T07:35:30,Metz
2919,326802592,JACOB,5599,7732Z,PME,32680259200088,O,2025-12-06T05:13:55,Metz
2920,310691977,FROID & SERVICES GRAND EST,5710,2920Z,ETI,31069197700014,O,2025-12-06T05:20:55,Metz
2921,383318011,PRESSING JUVING,5710,9601B,PME,38331801100103,O,2025-12-06T06:18:32,Metz
2922,439290685,TECHEM SAS,5710,4322A,ETI,43929068500130,O,2026-03-03T13:13:27,Metz
2923,429861669,ACM NETTOYAGE,5710,8121Z,PME,42986166900019,O,2025-12-06T05:43:44,Metz
2924,434378956,CALIDA FRANCE,5710,6420Z,ETI,43437895600032,O,2025-12-06T05:41:24,Metz
2925,421730805,FBT,5710,4663Z,PME,42173080500023,O,2025-12-06T05:43:21,Metz
2926,887603215,SUN MARKET,5710,4711B,PME,88760321500013,O,2025-12-06T05:19:32,Besancon
2927,893764589,ARTI'PROS BFC,5710,6820B,PME,89376458900014,O,2025-12-06T05:37:49,Besancon
2928,300462470,BARTHOD,5499,5610A,PME,30046247000018,O,2025-12-06T05:42:51,Besancon
2929,318071099,CAISSE DE CREDIT MUTUEL DES PROFESSIONS DE SANTE DE FRANCHE COMTE,6595,6419Z,PME,31807109900036,O,2025-12-30T15:51:47,Besancon
2930,319419529,MARBRERIE BOUCON,5710,4399D,PME,31941952900015,O,2026-03-25T17:31:39,Besancon
2931,827551300,FLAMM CRECHE,5710,8891A,PME,82755130000011,O,2025-12-06T05:38:05,Besancon
2932,384125050,ROXEL FRANCE,5710,3030Z,ETI,38412505000029,O,2025-12-06T07:27:30,Orleans
2933,397907619,CONCEPT ENVIRONNEMENT,5499,7112B,PME,39790761900043,O,2025-12-06T06:39:27,Orleans
2934,412391104,SOCIETE COMMERCIALE DE TELECOMMUNICATION SCT,5710,6110Z,PME,41239110400418,O,2025-12-06T05:38:03,Orleans
2935,402790190,SARL ALAIN GAUTIER,5499,8559A,PME,40279019000084,O,2025-12-06T05:40:33,Orleans
2936,508360484,LES FUSAINS,5499,6820A,PME,50836048400028,O,2025-12-06T10:36:59,Orleans
2937,330703190,RIVERLAND DIFFUSION,5599,4771Z,PME,33070319000448,O,2025-12-06T06:19:19,Orleans
2938,539852970,SDI VENTILATION VDF,5499,8122Z,PME,53985297000059,O,2026-03-26T21:30:37,Orleans
2939,552012791,DOW FRANCE,5710,2016Z,ETI,55201279100109,O,2025-12-06T11:07:48,Orleans
2940,529676496,ARNEO CONSULTING,5710,7022Z,PME,52967649600027,O,2025-12-06T05:37:33,Orleans
2941,326782505,CHENES CONSTRUCTIONS,5710,4120A,PME,32678250500134,O,2025-12-06T09:13:24,Orleans
2942,327918397,AERYS,5710,7112B,PME,32791839700032,O,2026-02-16T13:14:14,Orleans
2943,338520018,SC GROUPE,5710,7312Z,PME,33852001800155,O,2025-12-06T11:15:22,Orleans
2944,347020166,ETABLISSEMENTS PIERRE THOMAS,5710,6630Z,PME,34702016600018,O,2025-12-06T05:39:47,Orleans
2945,353723141,TRANSPORTS TOUSSAINT,5499,4941A,PME,35372314100027,O,2026-07-30T19:51:14,Orleans
2946,449471101,PARTNAIRE PACA,5710,7820Z,ETI,44947110100146,O,2025-12-06T10:03:47,Orleans
2947,444618714,SELARL IMAGERIE MEDICALE DU GATINAIS,5485,8621Z,PME,44461871400034,O,2025-12-06T05:20:46,Orleans
2948,430044040,SAGES INFORMATIQUE (SAUVEGARDE-ADMINISTRATION ET GESTION ELECTRONIQUE DE SUPPORTS INFORMATIQUES),5710,6311Z,PME,43004404000052,O,2025-12-06T06:03:45,Orleans
2949,438050890,AUTO-ECOLE MEYER,5499,8553Z,PME,43805089000013,O,2025-12-06T05:37:48,Mulhouse
2950,438683096,HYPROGRESS,5499,4520A,PME,43868309600020,O,2025-12-06T06:30:11,Mulhouse
2951,488776600,AC CENTRE AUTO,5499,4520A,PME,48877660000014,O,2025-12-06T05:48:34,Mulhouse
2952,481459584,ROUMAGERE CHRISTOPHE,5499,4730Z,PME,48145958400019,O,2025-12-06T08:48:33,Mulhouse
2953,352320279,FMC FRANCE,5710,4675Z,ETI,35232027900057,O,2025-12-06T05:20:09,Mulhouse
2954,821908373,CCV 18,5202,4771Z,PME,82190837300011,O,2025-12-06T05:43:46,Mulhouse
2955,953355864,CALISUN,5710,4321A,PME,95335586400018,O,2026-07-31T13:08:37,Mulhouse
2956,900063595,ORIENT MESSAGERIE,5499,5229A,PME,90006359500012,O,2025-12-06T06:12:32,Mulhouse
2957,900669862,PHONEKAZE,5710,4652Z,PME,90066986200063,O,2026-02-13T13:12:15,Mulhouse
2958,814812277,CARRE CENTRE EST,5710,4110A,ETI,81481227700014,O,2025-12-06T05:25:55,Mulhouse
2959,320280506,SPHERIO,5710,6920Z,PME,32028050600140,O,2026-03-06T19:01:18,Caen
2960,376250130,FIRST TRANSPORT AFFRETEMENT,5710,4941B,PME,37625013000022,O,2025-12-06T10:00:11,Caen
2961,377771373,EUROMATEC,5710,4663Z,PME,37777137300042,O,2025-12-06T05:14:33,Caen
2962,379753858,ANETT DEUX,5710,9601A,ETI,37975385800016,O,2025-12-06T05:26:19,Caen
2963,380921361,PROWASH,5710,4520A,PME,38092136100115,O,2025-12-06T05:43:51,Caen
2964,441283298,LES MARIES D'OPALE,5499,4771Z,PME,44128329800012,O,2025-12-06T09:10:57,Caen
2965,441698784,ADIAL,5710,2829B,PME,44169878400044,O,2025-12-06T08:03:27,Caen
2966,503539470,MAGIC BAZAR,5710,4765Z,PME,50353947000057,O,2026-07-08T09:56:47,Caen
2967,981075427,NORDEUS,5499,4759B,PME,98107542700014,O,2026-01-13T12:01:21,Caen
2968,981211907,DR AIT SAID,5485,8621Z,PME,98121190700028,O,2026-06-24T07:59:22,Caen
2969,378579734,RESTAURATION MULTI CONCEPTS,5499,5621Z,PME,37857973400104,O,2025-12-06T05:40:54,Caen
2970,379502644,CREDIT IMMOBILIER DE FRANCE DEVELOPPEMENT,5599,6619B,ETI,37950264400329,O,2025-12-06T09:42:47,Caen
2971,394493837,SARL HYDROLAV,5499,4520A,PME,39449383700014,O,2025-12-06T10:54:38,Caen
2972,385198858,ESTUAIRE LOCATION,5499,7729Z,PME,38519885800016,O,2025-12-06T05:21:44,Caen
2973,399169655,TRANSPORTS LORCY,5710,4941A,ETI,39916965500129,O,2026-06-09T13:31:26,Caen
2974,348997461,LAPEYRE SERVICES,5710,7010Z,ETI,34899746100010,O,2025-12-06T05:24:56,Nancy
2975,534072871,NETCOM BUSINESS SERVICES,5499,4652Z,ETI,53407287100104,O,2026-06-04T13:22:36,Nancy
2976,589872142,GROUPE RAISO,5599,4753Z,PME,58987214200262,O,2025-12-06T06:28:16,Nancy
2977,428725329,AZ POIDS LOURDS,5499,4520B,ETI,42872532900026,O,2025-12-06T11:05:06,Nancy
2978,414982942,K+S FRANCE,5710,4675Z,ETI,41498294200099,O,2025-12-06T05:23:46,Nancy
2979,487625568,BIEN-ETRE SERVICES,5499,8810B,PME,48762556800059,O,2025-12-06T05:40:41,Nancy
2980,482012788,ORAKIN SUD LORRAINE,5499,8559B,ETI,48201278800014,O,2025-12-06T05:38:49,Nancy
2981,348655051,JUSI SARL,5499,4771Z,PME,34865505100046,O,2026-01-22T04:56:42,Poitiers
2982,444656847,PASSELOURDAIN,5499,6820A,PME,44465684700043,O,2025-12-06T11:07:18,Poitiers
2983,445172810,SOGE PROP,5710,8121Z,ETI,44517281000068,O,2025-12-06T05:15:22,Poitiers
2984,438488330,BIOSYNTHIS,5710,4675Z,PME,43848833000038,O,2025-12-06T05:38:19,Poitiers
2985,434668893,POITIERS AMBULANCES,5499,8690A,PME,43466889300077,O,2025-12-06T07:42:32,Poitiers
2986,533951687,SEPTEO FINANCE & ACCOUNTING SOLUTIONS,5710,7112B,ETI,53395168700078,O,2026-07-02T16:32:46,Poitiers
2987,535000046,P.F. BARRAUD,5499,9603Z,PME,53500004600016,O,2025-12-06T05:22:43,Poitiers
2988,535304448,ASTEEN ENVIRONNEMENT,5499,7112B,PME,53530444800017,O,2025-12-06T07:51:01,Poitiers
2989,538072646,NIVIERE SUBVENTIONS & CONSULTING,5499,7022Z,PME,53807264600077,O,2026-01-12T13:15:36,Poitiers
2990,535159065,AUPAS 'RFUM,5499,4775Z,PME,53515906500023,O,2025-12-06T06:22:25,Poitiers
2991,421095589,INITIATIVE FORMATION 86,5710,8559A,PME,42109558900048,O,2025-12-06T07:39:52,Poitiers
2992,532830239,SELARL VIATORES TITULAIRE D'OFFICES DE COMMISSAIRES DE JUSTICE,5485,6910Z,PME,53283023900010,O,2026-02-02T15:16:48,Annecy
2993,450737606,ANNECY VELO,5499,4764Z,PME,45073760600027,O,2025-12-06T09:31:52,Annecy
2994,451162507,JARDINS DE GALLY RHONE-ALPES,5710,8130Z,ETI,45116250700011,O,2025-12-06T11:08:18,Annecy
2995,903356970,SOWATT SOLUTIONS,5710,3514Z,ETI,90335697000017,O,2026-06-24T15:47:12,Annecy
2996,900178161,ACD3,5710,5610C,PME,90017816100015,O,2025-12-06T06:24:34,Annecy
2997,798578506,REMO - MAJ,5710,4778C,PME,79857850600023,O,2025-12-06T05:12:47,Annecy
2998,798629960,LUDY'S,5499,5510Z,PME,79862996000013,O,2025-12-06T08:36:29,Annecy
2999,801111394,EURO LAMELLE BOIS - ELB,5710,1623Z,ETI,80111139400020,O,2026-04-07T13:06:57,Annecy
3000,795173103,LA MAISON BLEUE -MC EST,5499,8891A,ETI,79517310300032,O,2025-12-06T05:12:47,Annecy
3001,796650075,ETABLISSEMENTS GERARD BONNET VIANDES,5710,4632A,ETI,79665007500099,O,2025-12-06T11:11:20,Annecy
3002,784818122,EUROPEAN HOMES FRANCE,5710,4110A,ETI,78481812200045,O,2026-02-05T16:31:57,Annecy
3003,839375391,LAGOPED,5710,1419Z,PME,83937539100027,O,2026-03-03T13:15:40,Annecy
3004,851266452,DELISLE LAVAGE,5710,4941A,ETI,85126645200016,O,2025-12-06T05:40:34,Paris
3005,853300010,FASTNED FRANCE,5710,3511Z,PME,85330001000032,O,2026-08-12T11:32:48.697,Paris
3006,752220251,VALORIA CAPITAL,5710,6622Z,PME,75222025100058,O,2026-08-11T13:00:53.106,Paris
3007,913046835,PKF ARSILON CONSEIL,5499,6920Z,ETI,91304683500264,O,2026-08-06T14:31:27.523,Paris
3008,789887403,WEILL,5710,4642Z,PME,78988740300341,O,2026-08-03T16:31:16.133,Paris
3009,300990686,MOUCHET BURRY,5710,4772B,PME,30099068600572,O,2026-04-01T19:01:45,Paris
3010,301499042,SOCIETE MURPROTEC,5599,4399A,PME,30149904200507,O,2025-12-06T09:24:59,Paris
3011,320153984,COMPAGNIE FIDUCIAIRE,5710,6920Z,ETI,32015398400473,O,2026-07-03T13:13:29,Paris
3012,500286638,ACCEO,5710,7112B,ETI,50028663800464,O,2025-12-17T10:01:16,Paris
3013,383493400,DELISLE SAS,5710,7010Z,ETI,38349340000014,O,2026-07-24T13:14:27,Paris
3014,398226167,NUANCES UNIKALO ILE DE FRANCE,5710,4673B,ETI,39822616700094,O,2026-06-19T20:31:45,Paris
3015,398356246,TRICOTAGE DES VOSGES,5599,1431Z,PME,39835624600015,O,2026-06-09T07:00:24,Paris
3016,410344923,TERIDEAL TARVEL,5710,8130Z,ETI,41034492300488,O,2026-04-30T13:30:23,Paris
3017,410678916,DSV CONTRACT LOGISTICS,5710,5210B,ETI,41067891600132,O,2026-03-18T10:27:45,Lyon
3018,437754427,CYPATH,5785,8622C,ETI,43775442700023,O,2025-12-06T05:23:46,Lyon
3019,380847582,OLD WILD WEST SAS,5710,5610A,PME,38084758200349,O,2025-12-17T13:02:23,Lyon
3020,891929804,TENAO 51,5710,3511Z,ETI,89192980400021,O,2026-06-10T12:00:21,Marseille
3021,824515308,PROVENCE ECO ENERGIE P2,5499,3511Z,ETI,82451530800016,O,2025-12-06T07:32:52,Marseille
3022,811631134,AVENIR PARE BRISE,5499,4520A,PME,81163113400012,O,2026-08-13T14:55:59.714,Marseille
3023,889904470,ESCOUBA SAS,5710,8810A,PME,88990447000073,O,2026-07-08T17:37:21,Marseille
3024,821515889,RHONE SOLAIRE,5710,3511Z,PME,82151588900300,O,2025-12-06T06:24:50,Marseille
3025,453749608,LABORATOIRE TERRAVITA,5710,4791B,PME,45374960800197,O,2026-05-12T13:59:39,Marseille
3026,489193292,CAP'ETUDES,5710,5590Z,PME,48919329200039,O,2025-12-06T11:15:37,Marseille
3027,440266765,GAS BIJOUX,5710,3213Z,PME,44026676500013,O,2025-12-06T05:15:22,Toulouse
3028,440055200,PEDRETTI EQUIPEMENTS,5202,4941C,ETI,44005520000032,O,2026-06-29T13:12:05,Toulouse
3029,432554996,CURIUM PET FRANCE,5599,2120Z,ETI,43255499600020,O,2025-12-06T07:07:16,Toulouse
3030,384491114,ASERTI ELECTRONIC,5710,3313Z,PME,38449111400094,O,2026-05-27T19:00:32,Toulouse
3031,510088826,EXPERTISE & CONCEPT SUD-OUEST,5710,6621Z,ETI,51008882600050,O,2025-12-06T05:21:26,Toulouse
3032,751843863,ENERGY LIFE,5499,3511Z,ETI,75184386300091,O,2026-01-15T16:32:37,Toulouse
3033,444282081,SYBILLE ACCESSOIRES,5710,4771Z,PME,44428208100074,O,2025-12-06T07:01:12,Lille
3034,389643669,COMPTOIR INTERNATIONAL DE NEGOCE,5710,4642Z,PME,38964366900242,O,2025-12-06T07:07:33,Lille
3035,387498389,FIP FASHION INDIES PROVINCE,5499,4771Z,PME,38749838900155,O,2025-12-06T06:03:07,Lille
3036,692016371,MONTE PASCHI BANQUE SA,5599,6419Z,PME,69201637100415,O,2025-12-06T06:48:39,Lille
3037,612043331,DIPTYQUE,5710,2042Z,ETI,61204333100018,O,2026-07-07T05:19:56,Lille
3038,622037083,RHODIA OPERATIONS,5710,2014Z,ETI,62203708300350,O,2025-12-06T05:39:40,Lille
3039,480176817,ECO COM,5710,8559A,ETI,48017681700017,O,2026-07-10T13:10:50,Lille
3040,834591166,FASTENAL EUROPE FR,5499,4669B,ETI,83459116600014,O,2025-12-06T10:45:02,Lille
3041,480241769,VETOADOM,5785,7500Z,PME,48024176900177,O,2026-07-07T05:22:33,Bordeaux
3042,480150200,SIFA,5710,5229B,ETI,48015020000263,O,2026-07-24T13:10:31,Nantes
3043,510888621,THERMICONSEIL FRANCE,5499,7112B,PME,51088862100016,O,2026-02-26T13:15:37,Nantes
3044,498720044,SUNCOO GROUPE,5710,4642Z,PME,49872004400094,O,2025-12-06T06:07:33,Nantes
3045,493880926,G.L.C. FITNESS,5710,9313Z,PME,49388092600065,O,2026-03-30T13:13:15,Nantes
3046,529363640,KHORGEST SNC,5202,4110D,ETI,52936364000010,O,2026-06-30T13:14:58,Nantes
3047,829026129,EDUSANTE,5499,8542Z,ETI,82902612900017,O,2026-06-26T13:10:28,Nantes
3048,636520447,GROUPE L G,5710,8121Z,PME,63652044700609,O,2025-12-06T09:40:53,Nantes
3049,962501318,REEL,5710,3312Z,ETI,96250131800076,O,2026-08-06T09:09:30.243,Nantes
3050,302207105,PORTAKABIN,5710,7739Z,ETI,30220710500032,O,2025-12-06T05:14:08,Nantes
3051,319116661,SEA INVEST SHIPPING AGENCY,5710,5222Z,ETI,31911666100137,O,2026-07-09T13:07:47,Nantes
3052,504943663,SEPTEO REAL ESTATE SOLUTIONS,5710,6202A,ETI,50494366300105,O,2026-06-22T13:07:23,Strasbourg
3053,793504424,CONCILIAPRET,5710,6619B,PME,79350442400144,O,2026-06-11T13:58:47,Strasbourg
3054,429427065,SAMOP,5710,7112B,PME,42942706500223,O,2026-04-28T13:11:00,Strasbourg
3055,429987548,DAWAN,5499,8559A,PME,42998754800162,O,2026-06-22T14:32:18,Strasbourg
3056,434654406,TED BAKER FRANCE,5499,4771Z,PME,43465440600231,O,2025-12-06T06:21:59,Strasbourg
3057,443677174,APPLIUM,5710,6202A,PME,44367717400056,O,2026-07-21T13:12:29,Strasbourg
3058,444405351,ARCHIMED - CARRIERES SANTE,5710,7820Z,ETI,44440535100016,O,2026-07-27T13:13:14,Strasbourg
3059,512658295,LAVOIR DES VEAUX,5710,9601B,PME,51265829500054,O,2025-12-06T06:27:32,Strasbourg
3060,513177394,WHEELTAINER,5710,5229B,PME,51317739400030,O,2025-12-06T06:26:45,Strasbourg
3061,513568394,SENOVA,5710,7112B,PME,51356839400045,O,2026-06-12T10:56:58,Strasbourg
3062,538422056,MJ SYNERGIE - MANDATAIRES JUDICIAIRES,5485,6910Z,PME,53842205600019,O,2026-05-08T13:11:31,Strasbourg
3063,404137473,COFIME,5599,6920Z,PME,40413747300066,O,2026-07-02T13:11:13,Strasbourg
3064,484414743,G ET F,5499,6619B,ETI,48441474300019,O,2026-05-21T13:17:14,Montpellier
3065,479673980,ALCIS TRANSPORTS,5499,4939A,ETI,47967398000062,O,2025-12-06T05:43:45,Montpellier
3066,500940168,TRIALISSIMMO,5710,6820B,PME,50094016800023,O,2025-12-06T05:43:45,Rennes
3067,982332884,IMERA - IMAGERIE MEDICALE RENNES AGGLOMERATION,5485,8622A,PME,98233288400013,O,2026-02-12T13:02:17,Rennes
3068,952074961,FRANCE VITRE,5710,4334Z,ETI,95207496100014,O,2025-12-06T06:13:27,Rennes
3069,851691865,AUTOHERO FRANCE,5710,4511Z,ETI,85169186500121,O,2026-03-04T13:01:55,Rennes
3070,500506993,LA BOUTIQUE DU LIEU,5710,4761Z,PME,50050699300079,O,2026-03-12T13:11:25,Rennes
3071,382519312,ARCHE MC2,5710,5829C,ETI,38251931200088,O,2025-12-08T12:31:26,Rennes
3072,387808595,GEOLITHE,5710,7112B,PME,38780859500038,O,2025-12-06T05:26:19,Rennes
3073,389185778,ACADEMIE D'ART DENTAIRE,5710,8559B,ETI,38918577800021,O,2026-07-15T13:30:24,Rennes
3074,442274544,PROXIMMO,5499,6831Z,PME,44227454400109,O,2025-12-06T06:29:15,Rennes
3075,448274316,BOUVE,5710,7739Z,PME,44827431600018,O,2025-12-06T05:16:40,Rennes
3076,824955801,BIO C'BON RHONE-ALPES,5499,4729Z,PME,82495580100090,O,2025-12-06T08:38:33,Grenoble
3077,844432245,BCF,5710,9602A,PME,84443224500091,O,2025-12-06T06:16:29,Grenoble
3078,844614248,VOI TECHNOLOGY SASU,5710,7721Z,PME,84461424800012,O,2026-05-20T17:34:42,Grenoble
3079,980943575,POMPES FUNEBRES DES PIERRES DOREES,5710,9603Z,PME,98094357500079,O,2026-08-19T13:07:40.621,Grenoble
3080,521504506,SINCRONE IT,5710,6190Z,PME,52150450600200,O,2026-08-06T09:09:24.624,Grenoble
3081,063500847,JEAN LAIN DSA,5710,4511Z,ETI,06350084700031,O,2026-01-15T13:13:09,Grenoble
3082,332087923,LOCARHONE,5710,7739Z,ETI,33208792300014,O,2026-07-01T13:46:45,Grenoble
3083,321501231,SOCIETE ALPINE DE GEOTECHNIQUE,5710,7112B,PME,32150123100013,O,2025-12-06T10:47:27,Grenoble
3084,300427788,KAROLO,5710,4771Z,PME,30042778800017,O,2025-12-06T05:43:43,Grenoble
3085,302047071,CINNA,5710,4647Z,ETI,30204707100048,O,2026-05-12T13:59:38,Grenoble
3086,320749997,BERTHOULY TRAVAUX PUBLICS,5710,4312B,ETI,32074999700013,O,2025-12-06T05:11:03,Grenoble
3087,330567413,INTERSTOCKS,5710,4719B,PME,33056741300076,O,2026-04-29T13:13:39,Grenoble
3088,572059939,SIACI SAINT HONORE,5710,6622Z,ETI,57205993900122,O,2025-12-06T05:42:15,Rouen
3089,414876805,CIMME SODIMAT,5710,4663Z,ETI,41487680500022,O,2025-12-06T05:25:21,Rouen
3090,480184928,BRAND EQUITY EUROPEAN STRATEGIES,5710,2030Z,PME,48018492800020,O,2026-05-18T10:30:57,Rouen
3091,481212561,RHENUS LOGISTICS FRANCE,5710,5224B,ETI,48121256100312,O,2026-07-01T13:46:47,Rouen
3092,510178627,MISTRAL ASCENSEURS,5710,4329B,PME,51017862700061,O,2026-04-22T05:10:41,Rouen
3093,523776045,YVONNE,5499,1071D,PME,52377604500024,O,2025-12-06T08:16:34,Rouen
3094,483199576,GROUPE JLO,5710,7022Z,PME,48319957600032,O,2025-12-19T16:47:19,Rouen
3095,795182880,DATAGEO,5710,7112B,PME,79518288000026,O,2026-03-11T13:28:16,Rouen
3096,838334662,WPD SOLAR FRANCE,5710,7112B,PME,83833466200106,O,2025-12-06T05:19:32,Rouen
3097,844522441,GUEUDRY MAISONS INDIVIDUELLES,5710,4120A,ETI,84452244100014,O,2026-01-14T14:06:27,Rouen
3098,886080712,DUFLOT ANTOINE VACHE,5710,2825Z,ETI,88608071200229,O,2025-12-06T10:57:25,Rouen
3099,652054198,EMERSON PROCESS MANAGEMENT SAS,5710,2814Z,ETI,65205419800070,O,2025-12-06T08:11:28,Rouen
3100,982724346,HISTOIRE D'UNE VUE,5710,4778A,PME,98272434600019,O,2026-07-28T16:00:45,Rouen
3101,428827935,BERTHET LIOGIER CAULFUTY,5710,7112A,PME,42882793500076,O,2025-12-06T05:38:19,Dijon
3102,379854276,ETS STOKER SAS,5710,4673A,ETI,37985427600019,O,2026-07-07T12:00:28,Dijon
3103,389205592,STARS HOTEL,5499,5510Z,PME,38920559200022,O,2025-12-06T05:19:40,Dijon
3104,521480244,ACEFI,5710,6419Z,PME,52148024400016,O,2025-12-22T11:59:23,Dijon
3105,795620277,RAVE,5710,4941C,ETI,79562027700066,O,2025-12-06T06:03:30,Dijon
3106,791511868,3 INGENIEURS ASSOCIES 3 I A,5710,7112B,PME,79151186800105,O,2025-12-06T05:13:45,Dijon
3107,652820523,SAICA PACK TRANSFORMATEURS,5710,1721A,ETI,65282052300130,O,2025-12-06T05:15:22,Dijon
3108,501581128,ATRIUM ASSURANCES,5499,6622Z,PME,50158112800078,O,2026-03-27T13:37:32,Angers
3109,440580249,COMPAGNIE PROCIVIS OUEST IMMOBILIER,5710,4110A,PME,44058024900017,O,2025-12-06T06:39:27,Angers
3110,980695456,MEVA,5710,4774Z,PME,98069545600015,O,2025-12-06T11:11:00,Angers
3111,980803381,RDB 2,5710,5610C,ETI,98080338100063,O,2026-06-24T11:36:06,Angers
3112,949737498,SAS MODULE 2,5710,3511Z,PME,94973749800012,O,2026-06-25T08:11:27,Angers
3113,977555622,KIETUS,5710,7010Z,ETI,97755562200017,O,2025-12-06T07:50:18,Angers
3114,775609357,SOCIETE DES PUBLICATIONS DU COURRIER DE L OUEST,5599,5813Z,ETI,77560935700139,O,2026-02-20T16:00:39,Angers
3115,847631207,NEOLITHE,5710,7219Z,PME,84763120700044,O,2026-05-05T16:01:07,Angers
3116,808808521,VERITE AUTO OCEANE,5710,4511Z,PME,80880852100013,O,2026-05-06T13:15:02,Angers
3117,381383827,CABINET PICHELIN,5710,6831Z,PME,38138382700015,O,2025-12-06T06:25:33,Angers
3118,340140102,C T V,5710,6202A,ETI,34014010200039,O,2025-12-06T05:43:44,Angers
3119,345118905,TRANSPORTS GEORGELIN,5710,4941A,ETI,34511890500123,O,2025-12-06T06:41:58,Angers
3120,393727797,SNA EUROPE FRANCE,5710,4669B,ETI,39372779700085,O,2025-12-06T05:43:28,Angers
3121,394628473,GEO CONSEILS,5710,6920Z,PME,39462847300065,O,2025-12-06T05:21:44,Angers
3122,394686273,SOCIETE DE DIFFUSION DE MAISONS INDIVIDUELLES,5710,4120A,PME,39468627300050,O,2025-12-06T06:29:45,Angers
3123,914996079,OFT GROUPE,5710,4322B,PME,91499607900051,O,2026-06-04T13:10:04,Nimes
3124,381467745,ECOLE DE CONDUITE DE L AVENIR,5499,8553Z,PME,38146774500018,O,2025-12-06T07:02:08,Nimes
3125,382697639,PAUL VOLLIN INGENIERIE,5499,7112B,PME,38269763900013,O,2025-12-06T07:18:41,Nimes
3126,344031570,SARL MAG PARFUMS,5499,4775Z,PME,34403157000064,O,2025-12-06T06:03:29,Nimes
3127,393915020,GERMOND SERVICES,5710,8010Z,PME,39391502000076,O,2025-12-06T08:14:34,Nimes
3128,394120133,TRANS DISTRIBUTION,5710,4941B,PME,39412013300035,O,2025-12-06T06:55:22,Nimes
3129,399409259,BACARDI-MARTINI PRODUCTION,5710,1101Z,ETI,39940925900088,O,2025-12-06T07:22:33,Nimes
3130,400109344,ATZANA,5710,4759B,PME,40010934400012,O,2025-12-06T06:17:27,Nimes
3131,400926879,ATELIERS A+ ARCHITECTURE ET PAYSAGE,5499,7111Z,PME,40092687900059,O,2026-06-24T18:30:53,Nimes
3132,388915415,CAMARGUE AMBULANCES,5710,8690A,PME,38891541500011,O,2026-07-09T15:56:48,Nimes
3133,402836944,SARL 2 AB AUDIT ASSISTANCE ET BILAN,5710,6920Z,PME,40283694400031,O,2026-05-18T12:56:37,Nimes
3134,905205019,NEWCO SOLAR,5710,3511Z,PME,90520501900011,O,2025-12-06T06:31:24,Clermont-Ferrand
3135,946250982,ENDRESS + HAUSER FRANCE SASU,5710,4669B,ETI,94625098200232,O,2026-03-06T11:01:24,Clermont-Ferrand
3136,949704217,NGRIOM,5710,9602A,PME,94970421700015,O,2025-12-06T09:57:44,Clermont-Ferrand
3137,411006943,NETCO,5710,3319Z,ETI,41100694300293,O,2026-08-06T09:09:25.462,Clermont-Ferrand
3138,445301039,INLEED,5710,6201Z,PME,44530103900027,O,2026-08-03T16:00:56.046,Clermont-Ferrand
3139,313523839,SOC FRANCAISE JUDO ARTS MARTIAUX,5499,4642Z,PME,31352383900048,O,2025-12-06T05:20:45,Clermont-Ferrand
3140,322790262,PAPUT BOISSONS ROANNE,5710,4634Z,PME,32279026200024,O,2026-07-15T11:47:10,Clermont-Ferrand
3141,301897708,S.D.M.,5710,4669B,ETI,30189770800147,O,2026-07-01T13:46:45,Clermont-Ferrand
3142,318785110,CENTRE EDUCATION ROUTIER DE LA LOIRE CERL CECOVAM,5710,8553Z,PME,31878511000087,O,2025-12-06T07:21:39,Clermont-Ferrand
3143,342980737,CARPY SAS,5710,9602A,PME,34298073700015,O,2025-12-06T05:12:59,Tours
3144,351040290,SARL AGENCE DE VOYAGES ROBIN,5710,7911Z,PME,35104029000071,O,2025-12-06T05:27:39,Tours
3145,443755483,GROUPE Y MANAGEMENT,5599,6920Z,PME,44375548300049,O,2025-12-06T05:50:52,Tours
3146,340043926,40-30,5710,3320C,ETI,34004392600179,O,2025-12-06T05:15:21,Tours
3147,334794138,CABINET IMMOBILIER LELIEVRE,5499,6832A,PME,33479413800092,O,2025-12-06T05:40:54,Tours
3148,786007013,INSTITUT D'HISTO-PATHOLOGIE - ANATOMIE ET CYTOLOGIE PATHOLOGIQUES,5785,8622C,ETI,78600701300026,O,2025-12-06T05:19:50,Tours
3149,414123828,CTRE INDUST TRANSF REVALORISATION,5710,3832Z,ETI,41412382800017,O,2026-07-10T13:10:20,Metz
3150,411426554,M'COIF,5499,9602A,PME,41142655400027,O,2026-05-13T16:41:22,Metz
3151,353708746,DEMATHIEU ET BARD IMMOBILIER,5710,4110A,ETI,35370874600014,O,2025-12-06T05:43:36,Metz
3152,339742470,SOCIETE KINTZINGER,5710,1071C,PME,33974247000018,O,2025-12-06T05:14:57,Metz
3153,340635747,LES CHAUSSURES DE LA BIEVRE,5499,4772A,PME,34063574700017,O,2025-12-06T10:01:29,Metz
3154,334537974,SANDVIK MINING AND CONSTRUCTION FRANCE SAS,5710,4662Z,ETI,33453797400035,O,2025-12-06T05:17:01,Metz
3155,391157534,SEIDENSTICKER FRANCE,5710,4642Z,PME,39115753400093,O,2026-07-03T13:20:13,Metz
3156,380135913,CERECO LABORATOIRES,5710,7120B,PME,38013591300016,O,2026-04-27T16:32:10,Metz
3157,381379411,JOHN COCKERILL SERVICES FRANCE SUD,5710,3311Z,ETI,38137941100089,O,2025-12-06T05:43:28,Metz
3158,388274847,OBLINGER,5710,4511Z,ETI,38827484700051,O,2026-04-22T13:12:05,Metz
3159,513545152,GRAND-EST INTERNATIONAL CAMPUS,5710,8542Z,PME,51354515200029,O,2025-12-06T07:24:58,Metz
3160,537375875,GENERALE DU SOLAIRE,5710,3511Z,ETI,53737587500201,O,2025-12-11T11:17:52,Metz
3161,791851660,MALEZIEUX INDUSTRIE,5710,8122Z,ETI,79185166000013,O,2026-06-03T13:00:57,Metz
3162,831604533,RUE D'AZILAL,5710,4711B,PME,83160453300032,O,2025-12-06T06:52:59,Besancon
3163,903851210,AUTHENTIQUE HOME,5499,6831Z,PME,90385121000018,O,2026-06-05T16:00:29,Besancon
3164,890912397,TRIBOLET ROMAIN,5710,8553Z,PME,89091239700027,O,2025-12-06T07:01:22,Besancon
3165,911383644,AGF ABEILLES GUEPES FRELONS,5710,8129A,PME,91138364400018,O,2026-05-12T13:08:18,Besancon
3166,911543700,CLHYNN,5710,7219Z,PME,91154370000015,O,2025-12-06T08:10:32,Besancon
3167,912626249,CCCS ENERGIE,5710,3511Z,PME,91262624900011,O,2025-12-06T06:27:10,Besancon
3168,494936511,DGB ENGLISH TEAM TWO,5710,8559A,ETI,49493651100034,O,2025-12-06T05:19:11,Besancon
3169,499328409,ENOMAX,5710,4669B,ETI,49932840900044,O,2025-12-06T07:55:22,Besancon
3170,487529208,VITALIS MEDICAL,5499,7820Z,ETI,48752920800257,O,2025-12-06T05:39:04,Besancon
3171,488397522,VEN LINE,5499,4729Z,PME,48839752200019,O,2025-12-06T06:17:27,Besancon
3172,582141990,PROVA,5710,1089Z,ETI,58214199000017,O,2025-12-06T06:40:45,Orleans
3173,421113721,PLANETE ENFANCE,5710,8559A,PME,42111372100052,O,2026-03-02T11:31:31,Orleans
3174,421117565,SNT THOMAS,5710,2830Z,PME,42111756500026,O,2025-12-06T07:54:13,Orleans
3175,390367068,SA GABARDOS,5710,4511Z,PME,39036706800074,O,2026-07-01T13:46:46,Orleans
3176,391014636,HARRIS WILSON TEXTILES,5710,4642Z,ETI,39101463600347,O,2026-02-03T15:01:38,Orleans
3177,479725152,MCE METROLOGY,5710,4669B,PME,47972515200066,O,2026-01-12T13:07:34,Orleans
3178,484551544,PARTNAIRE ILE DE FRANCE SUD EST,5710,7820Z,ETI,48455154400154,O,2025-12-16T13:17:05,Orleans
3179,477730725,SOC NOUV TRANSPOR TERRASSE CHARTRAINS,5710,4311Z,PME,47773072500058,O,2025-12-06T05:20:28,Orleans
3180,481213239,ATELIERS DU SAVOIR FAIRE (ASF),5710,4778C,PME,48121323900041,O,2025-12-06T06:22:08,Orleans
3181,481939155,ATAC 91 SARL,5499,4531Z,PME,48193915500018,O,2025-12-06T05:09:37,Orleans
3182,407836857,MC VET CONSEIL,5485,7500Z,PME,40783685700059,O,2025-12-06T06:41:41,Orleans
3183,810017806,GDSOL 60,5710,3511Z,ETI,81001780600052,O,2025-12-06T06:40:46,Orleans
3184,805389210,SVB OPTIC,5499,4778A,PME,80538921000057,O,2025-12-23T16:08:58,Orleans
3185,806622528,ETABLISSEMENTS ALLEZY,5710,4661Z,PME,80662252800040,O,2025-12-31T16:00:28,Orleans
3186,810971531,HYDROBAT,5499,7010Z,PME,81097153100308,O,2025-12-06T05:41:10,Orleans
3187,391461373,STERIS,5710,4646Z,ETI,39146137300121,O,2026-04-01T20:30:50,Orleans
3188,391967924,AUREA,5710,7120B,ETI,39196792400039,O,2026-06-02T15:00:22,Orleans
3189,502635022,PARTNAIRE EST,5710,7820Z,ETI,50263502200119,O,2026-07-23T16:31:39,Orleans
3190,491257606,M ASSISTANCE,5710,8211Z,PME,49125760600062,O,2025-12-06T06:07:25,Orleans
3191,491806907,STUDIO GP,5710,1413Z,PME,49180690700177,O,2025-12-06T10:00:44,Orleans
3192,528110562,MAISONS ERICLOR CENTRE-EST,5710,4120A,ETI,52811056200022,O,2025-12-06T06:17:12,Orleans
3193,823029087,MRG,5710,4778C,PME,82302908700025,O,2025-12-06T06:08:10,Mulhouse
3194,820528453,CABOSSE,5710,1071D,PME,82052845300013,O,2025-12-06T06:57:26,Mulhouse
3195,830777678,ETABLISSEMENTS MATHIEU FRANCK,5710,4634Z,PME,83077767800087,O,2025-12-06T05:38:13,Mulhouse
3196,838864478,SOCIETE D'EXPLOITATION DU PARC EOLIEN GENTIANE,5710,3511Z,PME,83886447800030,O,2026-04-16T10:41:07,Mulhouse
3197,839152113,BUILD'ING,5710,4120B,PME,83915211300016,O,2025-12-06T06:19:55,Mulhouse
3198,839766268,BEAUTE 3F,5710,9602B,PME,83976626800032,O,2025-12-06T07:24:59,Mulhouse
3199,839989704,LE CONCEPT STORE,5499,4771Z,PME,83998970400060,O,2026-05-27T10:00:33,Mulhouse
3200,844677351,FRANCE WORK,5710,7820Z,PME,84467735100042,O,2026-06-08T11:00:48,Mulhouse
3201,851713834,ILONEA SERVICES,5710,8121Z,PME,85171383400014,O,2025-12-06T09:30:16,Mulhouse
3202,847994233,BIG B,5710,5610C,PME,84799423300041,O,2026-02-10T13:13:54,Mulhouse
3203,918848672,DRIVE CK,5710,8553Z,PME,91884867200047,O,2025-12-06T07:44:27,Mulhouse
3204,905074860,PIM,5710,7820Z,PME,90507486000016,O,2025-12-06T06:05:22,Mulhouse
3205,945550978,MANUFACTURE PAPIERS PEINTS ZUBER ET CIE,5599,1724Z,ETI,94555097800015,O,2025-12-06T05:43:37,Mulhouse
3206,309892230,SELECT SERVICE PARTNER,5710,6920Z,ETI,30989223000579,O,2026-08-06T09:09:25.351,Mulhouse
3207,397914284,MARTENAT,5710,4511Z,ETI,39791428400096,O,2026-07-01T13:46:46,Caen
3208,400827416,SE LAVERIES,5710,9601B,PME,40082741600068,O,2025-12-06T06:25:59,Caen
3209,410069066,GENERATION,5710,6622Z,ETI,41006906600042,O,2025-12-06T05:21:54,Caen
3210,542094412,MIGUET SA,5599,4673A,PME,54209441200112,O,2025-12-06T10:30:12,Caen
3211,552132961,HAMELIN SAS,5710,1723Z,ETI,55213296100152,O,2025-12-06T08:10:10,Caen
3212,793963190,AQS,5710,7120B,PME,79396319000046,O,2026-06-08T14:00:26,Caen
3213,348824525,CODICA V.I.,5710,4519Z,PME,34882452500011,O,2025-12-06T05:21:05,Caen
3214,323198804,DECHARENTON,5710,4531Z,ETI,32319880400011,O,2025-12-06T05:14:08,Caen
3215,442052601,CESSON PARE BRISE,5710,4520A,PME,44205260100030,O,2025-12-06T05:51:59,Caen
3216,507608578,VANDIS,5710,4711F,ETI,50760857800021,O,2025-12-06T05:25:14,Nancy
3217,498877323,ERELIA PRODUCTION,5710,3511Z,ETI,49887732300101,O,2026-07-17T10:30:51,Nancy
3218,509265674,PRODEA,5499,8810C,ETI,50926567400028,O,2025-12-06T09:27:06,Nancy
3219,525350922,EC'LOR EXPERTISE COMPTABLE,5499,6920Z,PME,52535092200049,O,2026-07-07T10:00:59,Nancy
3220,527811988,BRETY,5499,4719B,PME,52781198800015,O,2026-04-30T13:10:30,Nancy
3221,726450240,MEDIACO EST,5710,4399B,ETI,72645024000023,O,2025-12-06T05:13:43,Nancy
3222,728502717,SOC EXPL DES ETS RENE ANTONI,5710,4939B,ETI,72850271700016,O,2025-12-06T08:13:09,Nancy
3223,797882818,CAIRUS,5710,7022Z,ETI,79788281800017,O,2026-01-20T14:31:37,Nancy
3224,788629335,BAUMIT SAS,5710,2364Z,PME,78862933500118,O,2025-12-06T08:11:29,Nancy
3225,421550823,ALTERNA ENERGIE FRANCE,5710,3514Z,ETI,42155082300056,O,2026-04-15T12:31:41,Poitiers
3226,419455233,ETABLISSEMENT LECOMTE SARL,5499,4939B,PME,41945523300017,O,2025-12-06T06:24:57,Poitiers
3227,390063139,TRADE-UNION,5710,8121Z,PME,39006313900047,O,2025-12-06T07:04:00,Poitiers
3228,391033545,RESTAURATION ORLEANAISE CONSTRUCTION,5710,4399C,PME,39103354500024,O,2025-12-06T06:20:17,Poitiers
3229,484633185,CSI BATIMENT,5710,4331Z,PME,48463318500018,O,2025-12-06T06:39:36,Poitiers
3230,453645038,SARL TURQUOIS,5499,4312B,PME,45364503800010,O,2025-12-06T05:22:04,Poitiers
3231,473502508,HACO,5710,4662Z,PME,47350250800020,O,2025-12-06T05:19:30,Poitiers
3232,477380422,SA AGAPES,5599,6420Z,ETI,47738042201434,O,2025-12-06T05:20:56,Poitiers
3233,477840243,WESTLINK,5710,4321A,PME,47784024300075,O,2026-07-27T13:27:32,Poitiers
3234,480789098,OLA,5710,5630Z,PME,48078909800054,O,2025-12-06T05:59:57,Poitiers
3235,480892868,GROUPE TELECOMS DE L OUEST,5710,6110Z,ETI,48089286800088,O,2025-12-06T05:40:25,Poitiers
3236,482426210,ERGONOVA CONSEIL,5710,7112B,PME,48242621000027,O,2025-12-06T06:14:04,Poitiers
3237,482443603,LTDO,5499,4391B,PME,48244360300030,O,2025-12-06T05:39:18,Poitiers
3238,814094413,GREEN CITY PROMOTION,5710,4110A,ETI,81409441300014,O,2025-12-06T05:16:19,Annecy
3239,828811372,SARL ACM,5499,6820B,PME,82881137200022,O,2025-12-06T05:40:19,Annecy
3240,829143981,MAI ONE,5710,5610A,PME,82914398100035,O,2026-01-13T13:14:33,Annecy
3241,832805444,GBC MONTAGNE,5710,6622Z,ETI,83280544400011,O,2025-12-06T05:39:49,Annecy
3242,841154966,AM DIFFUSION,5710,4781Z,PME,84115496600029,O,2025-12-06T05:23:30,Annecy
3243,850462920,SOLUS,5560,9609Z,PME,85046292000024,O,2025-12-06T06:45:29,Annecy
3244,850589433,APITHERM,5499,7112B,PME,85058943300026,O,2026-04-03T13:36:56,Annecy
3245,882873391,LAJOIE FAMILY,5499,6820A,PME,88287339100016,O,2026-05-11T12:17:06,Annecy
3246,883041006,CG IMMOBILIER,5499,6820A,PME,88304100600031,O,2025-12-06T06:24:34,Annecy
3247,884350745,DR BENOIT FANARA,5485,8622C,PME,88435074500052,O,2026-02-10T11:07:27,Annecy
3248,888476298,FUNKY BUBBLE TEA,5710,4725Z,PME,88847629800045,O,2026-06-12T13:37:38,Annecy
3249,889131157,SAS AZURE ALPIN,5710,4675Z,PME,88913115700022,O,2025-12-19T12:01:29,Annecy
3250,823594254,SELARL TALWEG,5485,8621Z,PME,82359425400042,O,2025-12-06T08:00:53,Annecy
3251,815081906,PROTECT'UP,5710,8559B,PME,81508190600068,O,2025-12-06T06:10:10,Annecy
3252,815087960,AIDE A DOM 74,5499,8810A,PME,81508796000036,O,2025-12-06T05:53:39,Annecy
3253,343259230,INOVIE ARMAINVILLIERS,5785,8690B,ETI,34325923000013,O,2026-02-04T09:01:01,Paris
3254,327821526,LA MAISON CONVERTIBLE GROUPE MISWA,5710,4759A,PME,32782152600040,O,2026-07-03T14:33:08,Paris
3255,353347222,LEVAPARC,5599,5221Z,PME,35334722200286,O,2025-12-06T05:16:18,Paris
3256,442520375,GENEDIS,5710,7729Z,ETI,44252037500043,O,2026-01-13T12:07:55,Paris
3257,432491777,PAPRIKA FRANCE,5710,4771Z,PME,43249177700335,O,2025-12-06T06:25:17,Paris
3258,537523979,IMAGERIE MEDICALE DE LA PLAINE DE FRANCE,5785,8622A,ETI,53752397900236,O,2026-05-18T13:10:51,Paris
3259,530618115,COOPERATIVE D'ACTIVITE ET D'EMPLOI DANS LES METIERS DU PATRIMOINE,5458,8559A,PME,53061811500204,O,2026-07-24T19:00:59,Paris
3260,612044214,SOLEMMA,5710,4772A,PME,61204421400684,O,2025-12-06T06:27:39,Paris
3261,413178062,BUSCA DISTRIBUTION,5710,4673A,ETI,41317806200159,O,2026-06-10T09:55:53,Paris
3262,408418135,AGAKING,5710,6820B,PME,40841813500435,O,2026-07-21T17:32:32,Paris
3263,509315198,ETABLISSEMENT LAROCHE,5499,7022Z,PME,50931519800457,O,2025-12-06T05:41:03,Paris
3264,494396468,DPHW,5710,4771Z,ETI,49439646800329,O,2026-05-28T14:00:33,Paris
3265,492486402,MAZET MESSAGERIE,5710,5229A,ETI,49248640200018,O,2026-07-21T10:44:10,Paris
3266,709801781,BRENNTAG SA,5699,4675Z,ETI,70980178100473,O,2025-12-06T05:43:21,Paris
3267,824360168,DEICHMANN CHAUSSURES,5710,4772A,PME,82436016800143,O,2025-12-06T06:09:38,Lyon
3268,898489182,EPSE 21 A,5710,3511Z,PME,89848918200045,O,2026-03-13T19:00:57,Lyon
3269,320180862,FRANCE AUTO CONTROLE,5710,7120A,PME,32018086200056,O,2025-12-06T06:05:57,Lyon
3270,501602916,ABERCROMBIE & FITCH (FRANCE) SAS,5710,4771Z,PME,50160291600204,O,2025-12-06T06:51:29,Lyon
3271,378728885,FASHION B. AIR,5599,4771Z,PME,37872888500518,O,2026-07-13T13:13:36,Marseille
3272,387524085,LES ZELLES,5710,2223Z,ETI,38752408500017,O,2026-04-03T13:20:05,Marseille
3273,514433838,ENFINITY PV1,5499,3511Z,PME,51443383800190,O,2025-12-06T06:52:58,Marseille
3274,752421479,URBA 72,5202,3511Z,PME,75242147900219,O,2025-12-06T06:17:20,Marseille
3275,811044163,CAP SOLAR 52,5710,3511Z,PME,81104416300194,O,2026-03-05T09:00:52,Marseille
3276,920817855,SUN PROJET 72,5710,3511Z,PME,92081785500082,O,2025-12-06T11:09:12,Toulouse
3277,824093595,SOLEIL 06,5710,3511Z,ETI,82409359500018,O,2025-12-06T05:12:04,Toulouse
3278,513905893,VOLTAFRANCE3,5710,3511Z,ETI,51390589300675,O,2026-08-26T16:00:41.835,Toulouse
3279,312214315,BANQUE MICHEL INCHAUSPE,5599,6419Z,PME,31221431500250,O,2025-12-06T05:30:34,Toulouse
3280,303754071,FAURIE LOCATION & SERVICES,5710,7712Z,ETI,30375407100114,O,2026-07-08T12:00:33,Toulouse
3281,880105010,FRANCE CENTRE COMPANY 41,5499,6820B,ETI,88010501000016,O,2025-12-12T13:15:58,Lille
3282,301166443,ETABLISSEMENTS JEF,5710,4772A,PME,30116644300012,O,2026-04-09T19:01:11,Lille
3283,378998363,SOINS MODERNES DES ARBRES,5710,8130Z,ETI,37899836300154,O,2026-04-22T13:46:35,Lille
3284,520465576,WILL DISTRIBUTION,5710,1071D,PME,52046557600020,O,2026-08-25T13:07:15.293,Bordeaux
3285,894539964,MECO 23,5710,3511Z,PME,89453996400169,O,2025-12-06T05:43:52,Bordeaux
3286,488345497,ADF TECHNOLOGIES,5710,3312Z,ETI,48834549700033,O,2026-07-31T18:16:39,Nantes
3287,497816934,SPORTLIFE,5710,4764Z,PME,49781693400127,O,2026-05-28T13:11:20,Nantes
3288,483733747,BYBLOS SECURITY,5710,8010Z,ETI,48373374700065,O,2026-06-03T13:58:34,Nantes
3289,484348487,NEO SOFT SERVICES,5710,6202A,ETI,48434848700402,O,2026-01-12T13:31:55,Nantes
3290,491372702,SPBI,5710,3012Z,ETI,49137270200010,O,2025-12-06T05:20:00,Nantes
3291,501459424,ALEO,5710,8559A,PME,50145942400021,O,2025-12-06T11:15:51,Nantes
3292,439723859,ROYER RETAIL,5710,4772A,ETI,43972385900344,O,2025-12-06T06:48:54,Nantes
3293,425042819,SOPHIE SAMSON,5499,4771Z,PME,42504281900010,O,2026-01-27T11:01:48,Nantes
3294,425114741,SOCIETE FRANCAISE DE TRAVAUX ET SERVICES,5202,4312A,PME,42511474100118,O,2025-12-06T07:23:26,Nantes
3295,444440234,LTM,5710,4941B,ETI,44444023400060,O,2025-12-06T06:15:51,Nantes
3296,448115808,MOUSQUETON,5710,4642Z,PME,44811580800140,O,2026-06-04T13:11:45,Nantes
3297,453080848,ED-TRANS,5710,5229B,PME,45308084800139,O,2026-04-20T10:33:28,Strasbourg
3298,503600595,COSENTINO SURFACES FRANCE,5499,4673A,PME,50360059500022,O,2025-12-06T05:25:22,Strasbourg
3299,518905476,COYOTE SYSTEM,5710,5829A,ETI,51890547600173,O,2025-12-06T05:25:22,Strasbourg
3300,752236513,TALENT BUSINESS SOLUTIONS,5710,6202A,PME,75223651300061,O,2026-04-17T11:31:44,Strasbourg
3301,726820236,KONECRANES AND DEMAG FRANCE,5710,3312Z,ETI,72682023600164,O,2025-12-06T05:17:13,Strasbourg
3302,801174947,UNIXO,5710,6190Z,PME,80117494700029,O,2026-07-22T09:20:13,Strasbourg
3303,828662692,GNY SE SAS,5710,4648Z,PME,82866269200122,O,2025-12-30T18:31:53,Strasbourg
3304,881074017,CHEMET-GLI,5710,2529Z,ETI,88107401700016,O,2026-02-13T16:31:36,Strasbourg
3305,878055862,MONEYTRANS FRANCE,5710,6419Z,PME,87805586200113,O,2025-12-06T05:40:34,Strasbourg
3306,833346778,GAMMA CONSULTING,5710,8559A,PME,83334677800016,O,2026-08-11T09:46:36.442,Strasbourg
3307,479119174,ADVENIS PROPERTY MANAGEMENT,5710,6832A,ETI,47911917400197,O,2026-08-07T11:34:28.370,Strasbourg
3308,905054128,CNP ASSURANCES PROTECTION SOCIALE,5599,6512Z,ETI,90505412800012,O,2026-08-03T13:11:28.612,Strasbourg
3309,890173388,RS SPV6,5710,3511Z,ETI,89017338800012,O,2025-12-06T07:41:26,Strasbourg
3310,318743473,DELTA SERVICE LOCATION,5710,7732Z,ETI,31874347300056,O,2025-12-06T05:43:28,Strasbourg
3311,530364652,EQUI INVEST C,5202,3511Z,PME,53036465200228,O,2026-06-17T18:30:43,Montpellier
3312,521130716,SOCIETE D'AMENAGEMENT DE MONTPELLIER MEDITERRANEE METROPOLE,5599,7490A,ETI,52113071600017,O,2025-12-06T06:45:28,Montpellier
3313,750316754,ARKOLIA INVEST 14,5710,3511Z,PME,75031675400209,O,2025-12-06T11:07:48,Montpellier
3314,542084538,RAFFINERIE DU MIDI,5710,5210B,PME,54208453800017,O,2025-12-06T06:25:42,Montpellier
3315,480141886,MSE LA PREVOTERIE,5710,3511Z,ETI,48014188600170,O,2025-12-06T05:14:09,Montpellier
3316,775649965,TRANSPORTS RAPIDES J BESSON ET CIE,5710,5229A,ETI,77564996500149,O,2025-12-06T10:47:35,Montpellier
3317,820036176,WELLJOB DELEGATION,5710,7820Z,ETI,82003617600015,O,2026-04-13T18:16:35,Montpellier
3318,820333185,SWEET PANTS RETAIL,5710,4642Z,PME,82033318500131,O,2026-06-25T13:09:01,Montpellier
3319,312706757,FAURE AUTOMATISME,5710,4669B,PME,31270675700035,O,2025-12-06T07:04:00,Montpellier
3320,421319013,VITAL CONCEPT,5710,4621Z,ETI,42131901300049,O,2025-12-25T13:11:52,Rennes
3321,407995505,PAREDES DISTRIBUTION FRANCE,5710,4669C,ETI,40799550500010,O,2026-03-05T11:16:55,Rennes
3322,495780348,COOPERATIVE D'EXPLOITATION ET DE REPARTITION PHARMACEUTIQUE DE BRETAGNE ATLANTIQUE,5660,4646Z,ETI,49578034800019,O,2025-12-06T05:16:30,Rennes
3323,490888799,NORCA,5710,4531Z,PME,49088879900015,O,2025-12-06T05:28:25,Rennes
3324,699200788,RGO MOBILITES,5710,4939A,ETI,69920078800031,O,2025-12-06T05:43:37,Rennes
3325,451339469,INSITU BUSINESS CENTRE,5499,8211Z,PME,45133946900046,O,2026-04-24T17:35:12,Rennes
3326,794477828,CAP SOLAR 16,5710,3511Z,PME,79447782800147,O,2026-02-23T15:00:02,Rennes
3327,792786048,ALTIFAUNE,5710,7112B,PME,79278604800050,O,2026-05-01T13:09:59,Rennes
3328,800073835,AKEA ENERGIES,5710,7022Z,ETI,80007383500178,O,2026-01-28T13:09:30,Rennes
3329,830578282,MOTICLEAN,5710,8810A,PME,83057828200014,O,2025-12-11T13:11:27,Rennes
3330,871800546,BDO ATLANTIQUE,5710,6920Z,ETI,87180054600073,O,2026-07-22T15:31:58,Rennes
3331,890259146,EMERAUDE ENERGIE,5710,3511Z,ETI,89025914600011,O,2025-12-06T06:21:31,Rennes
3332,816020283,LHOIST FRANCE OUEST,5710,2352Z,ETI,81602028300080,O,2025-12-29T12:00:41,Rennes
3333,908173875,FINISTERESTES29,5710,4721Z,PME,90817387500018,O,2026-06-03T13:54:52,Rennes
3334,949067649,PROLYSE,5710,7112B,PME,94906764900010,O,2025-12-06T05:35:04,Grenoble
3335,340110311,ALLIBERT GUIDES DE HAUTE MONTAGNE,5710,7912Z,ETI,34011031100016,O,2025-12-06T07:10:18,Grenoble
3336,378782031,FIDERIM ANTILLES - GUYANE,5710,7010Z,ETI,37878203100140,O,2025-12-06T05:30:09,Grenoble
3337,393603592,ACOUSTIQUE AUDIT ESPACE 9,5499,7112B,PME,39360359200139,O,2025-12-06T06:17:19,Grenoble
3338,393819636,NOMOTECH,5710,6190Z,PME,39381963600217,O,2025-12-06T05:43:36,Grenoble
3339,393845516,GRENOBLE LOGISTIQUE DISTRIBUTION - G.L.D,5710,5224B,PME,39384551600037,O,2026-04-22T13:56:57,Grenoble
3340,423687045,100 JEUX,5499,4741Z,PME,42368704500124,O,2025-12-06T07:32:50,Grenoble
3341,793288010,VISEO,5710,6202A,ETI,79328801000085,O,2026-07-13T10:00:38,Grenoble
3342,326507548,NEM,5499,8559B,PME,32650754800310,O,2025-12-06T05:38:19,Grenoble
3343,326603511,TRANSPRESS,5710,4941C,PME,32660351100022,O,2025-12-06T05:20:55,Grenoble
3344,338319551,SOCIETE ETUDES POUR INDUSTRIE BOURGOGNE,5499,7112B,PME,33831955100036,O,2026-05-27T15:57:21,Grenoble
3345,433887395,SOL ROOF EUROPE,5499,4399A,PME,43388739500120,O,2025-12-06T05:12:45,Grenoble
3346,435881222,HABITAT DAUPHINOIS,5560,6820A,PME,43588122200036,O,2026-07-08T17:26:35,Grenoble
3347,444085831,SOLUTYS TECHNOLOGIES,5710,4651Z,PME,44408583100063,O,2025-12-06T05:20:28,Grenoble
3348,853391761,WORLDSUN,5710,4322B,PME,85339176100014,O,2026-08-14T13:07:53.187,Rouen
3349,330189150,TK ACCELIS PLASTICS FRANCE,5710,4676Z,ETI,33018915000403,O,2026-08-13T11:31:28.619,Rouen
3350,898307657,COORHEA,5710,7820Z,PME,89830765700012,O,2026-05-07T13:13:02,Rouen
3351,887797512,PP YARNS & CO,5710,4751Z,PME,88779751200118,O,2026-07-06T11:32:01,Rouen
3352,562090779,TRANSFLEX,5710,4669B,PME,56209077900207,O,2026-02-02T11:00:56,Rouen
3353,562055079,UPS SCS (FRANCE) SAS,5710,5229B,ETI,56205507901351,O,2025-12-06T08:20:05,Rouen
3354,498397843,POINT CLIM,5710,4322B,PME,49839784300091,O,2026-02-19T13:00:37,Rouen
3355,504454463,INKS,5499,4741Z,PME,50445446300036,O,2025-12-06T10:32:24,Rouen
3356,381007624,PROJEX,5710,7112B,ETI,38100762400012,O,2026-05-05T12:00:56,Rouen
3357,501463830,C G 2 I,5710,7112B,ETI,50146383000023,O,2026-07-09T11:31:39,Rouen
3358,399689389,GINGER DELEO,5710,7112B,ETI,39968938900035,O,2026-04-22T14:00:31,Rouen
3359,440869782,CTRE FORMATION PROFESSIONNELLE MUSIQUE,5499,8552Z,PME,44086978200027,O,2026-03-23T10:47:12,Rouen
3360,433036407,ALTICAP,5710,6209Z,PME,43303640700081,O,2026-05-12T14:12:00,Rouen
3361,480212505,BLN,5710,4646Z,PME,48021250500030,O,2026-06-05T13:08:45,Dijon
3362,829583624,DOCTEUR MADALINA FERA,5485,8621Z,PME,82958362400012,O,2025-12-06T07:26:44,Dijon
3363,823520473,ASSISTANCE CONSEIL ET EXPERTISE POUR LE BATIMENT ET LES TRAVAUX PUBLICS - A.C.E. B.T.P. INGENEERY,5710,7112B,PME,82352047300070,O,2025-12-06T05:39:34,Dijon
3364,824432017,LEO LAGRANGE PETITE ENFANCE AURA NORD,5710,8891A,ETI,82443201700039,O,2025-12-06T05:12:04,Dijon
3365,831530365,MANEO,5710,4222Z,PME,83153036500111,O,2025-12-06T06:08:10,Dijon
3366,392822078,MB2,5710,4665Z,PME,39282207800110,O,2026-08-07T19:00:37.925,Dijon
3367,306906728,MAISON ALBERT BICHOT,5499,4634Z,ETI,30690672800010,O,2026-01-06T13:08:37,Dijon
3368,307380220,CRC LES MAISONS ORCA,5599,6820B,PME,30738022000151,O,2025-12-06T05:22:42,Dijon
3369,388557118,AVENIR FORMATION,5710,8559A,PME,38855711800048,O,2026-01-09T18:16:36,Angers
3370,398761825,COPROMETAL,5710,4669B,PME,39876182500056,O,2026-04-03T13:13:35,Angers
3371,399713858,ATMOS,5499,8122Z,ETI,39971385800153,O,2025-12-06T07:38:58,Angers
3372,389038688,ACR AVOCATS,6561,6910Z,PME,38903868800062,O,2025-12-06T05:40:10,Angers
3373,403089329,MTC,5710,4120A,PME,40308932900102,O,2025-12-25T13:17:27,Angers
3374,403374861,FAC LOGISTIQUE,5710,8299Z,PME,40337486100033,O,2025-12-06T05:14:21,Angers
3375,351032768,COMPTOIR DES LUSTRES,5499,6420Z,PME,35103276800076,O,2025-12-06T11:07:32,Angers
3376,351306386,S.I.G. FRANCE,5710,6420Z,ETI,35130638600050,O,2025-12-06T05:38:11,Angers
3377,351435433,ANTOINE DISTRIBUTION,5710,4941A,ETI,35143543300047,O,2025-12-06T05:50:51,Angers
3378,340929553,MARICA,5710,4772A,PME,34092955300014,O,2025-12-06T06:27:31,Angers
3379,350125001,CRR ARCHITECTURE,5785,7111Z,PME,35012500100072,O,2025-12-06T10:38:10,Angers
3380,481275469,SARL FRA ANGELICO,5710,4778C,PME,48127546900023,O,2025-12-06T08:21:09,Angers
3381,342558335,AQUASCOP BIOLOGIE,5499,7219Z,ETI,34255833500051,O,2025-12-06T07:24:04,Angers
3382,342810413,AUDOUARD VOYAGES,5710,4939A,PME,34281041300043,O,2025-12-06T10:50:08,Angers
3383,350768115,GESIM,5710,6831Z,PME,35076811500064,O,2025-12-06T06:19:11,Nimes
3384,351464326,SIMFRA AUTO ECOLE SAINT LOUIS,5499,8553Z,PME,35146432600013,O,2025-12-06T08:20:54,Nimes
3385,508353455,NEWSOLAR,5710,3511Z,ETI,50835345500167,O,2025-12-06T06:27:16,Nimes
3386,504968454,SUNEPARGNE,5710,3511Z,PME,50496845400059,O,2025-12-06T09:56:28,Nimes
3387,313075038,CHEVAL TP,5710,4312A,ETI,31307503800049,O,2026-05-19T17:06:49,Nimes
3388,546050204,TRANSPORTS BLANCHARD COUTAND,5710,4941A,ETI,54605020400017,O,2025-12-06T06:48:54,Nimes
3389,793592882,CENTRALES SOLAIRES DE CABESTANY,5499,3511Z,PME,79359288200013,O,2025-12-06T06:29:46,Nimes
3390,794050211,LAGFO,5499,6619B,PME,79405021100075,O,2025-12-06T07:30:48,Nimes
3391,794054585,CLEM,5710,4778C,PME,79405458500037,O,2026-01-21T16:36:28,Nimes
3392,692980105,FAVIER OPTIQUE,5499,4778A,PME,69298010500039,O,2026-05-20T14:36:07,Nimes
3393,349195149,G3C,5710,9601B,PME,34919514900050,O,2025-12-06T07:01:12,Nimes
3394,349578310,GERENTES,5710,1051A,PME,34957831000014,O,2025-12-06T08:05:28,Nimes
3395,349989871,SARL AVIGNON,5499,4772A,PME,34998987100018,O,2025-12-06T06:22:24,Nimes
3396,338543770,KOESIO PACA TELECOM,5710,3320D,ETI,33854377000030,O,2026-06-11T13:02:13,Nimes
3397,347607764,AVENIR TELEMATIQUE,5710,6311Z,ETI,34760776400060,O,2026-01-15T13:02:51,Nimes
3398,330076282,B.T.B. CONSEILS,5499,6920Z,PME,33007628200087,O,2026-02-06T13:12:16,Clermont-Ferrand
3399,501030951,SALSA FRANCE,5499,4771Z,PME,50103095100047,O,2026-04-09T17:00:53,Clermont-Ferrand
3400,440789683,ESPACE AUTOMOBILE D'AUVERGNE,5710,4511Z,ETI,44078968300024,O,2025-12-06T05:15:56,Clermont-Ferrand
3401,955515119,LES FILS DE E.PAPAZIAN,5499,6420Z,PME,95551511900142,O,2025-12-06T05:19:10,Clermont-Ferrand
3402,777345984,SBC GRANULAT,5710,0812Z,PME,77734598400044,O,2025-12-06T05:14:09,Clermont-Ferrand
3403,777346412,HILL-ROM SAS,5710,3250A,ETI,77734641200052,O,2025-12-06T06:09:12,Clermont-Ferrand
3404,914857628,PAREF 10,5710,3511Z,PME,91485762800053,O,2026-06-19T14:06:40,Clermont-Ferrand
3405,382127819,MAISONS A.B.C.,5710,4110A,PME,38212781900037,O,2025-12-06T06:51:21,Clermont-Ferrand
3406,393156518,SATEL,5710,8220Z,ETI,39315651800028,O,2026-01-09T17:01:08,Clermont-Ferrand
3407,385086277,BRIE AUVERGNE INVEST HOTELS,5202,5510Z,ETI,38508627700014,O,2025-12-06T06:09:19,Clermont-Ferrand
3408,395880222,PAUL DISCHAMP,5710,4633Z,ETI,39588022200066,O,2025-12-06T06:23:28,Clermont-Ferrand
3409,403201965,IDEE SERVICES AUVERGNE,5710,8899B,PME,40320196500015,O,2026-03-02T13:11:19,Clermont-Ferrand
3410,817702772,ELMA,5499,4771Z,PME,81770277200010,O,2025-12-06T08:13:09,Tours
3411,808113070,CRETOT SUD,5710,4511Z,ETI,80811307000110,O,2026-03-26T13:18:22,Tours
3412,834323503,UNE VILLA ET DES VIGNES,5710,6831Z,ETI,83432350300013,O,2025-12-06T06:16:47,Tours
3413,853764579,LF GROUPE,5710,4322B,PME,85376457900043,O,2026-02-19T13:11:16,Tours
3414,847813110,FAUVEAU LOC VELO,5710,7721Z,PME,84781311000016,O,2025-12-06T05:41:03,Tours
3415,908126774,VAL DE LOIRE STATIONNEMENT,5710,5221Z,ETI,90812677400086,O,2025-12-06T05:40:42,Tours
3416,307049189,VAUGEOIS ELECTRONIQUE,5710,3320D,ETI,30704918900128,O,2026-08-17T17:31:28.672,Tours
3417,909810988,BERBERIS,5202,4110A,ETI,90981098800016,O,2026-08-18T10:00:39.250,Tours
3418,384963526,AMBELYS,5710,4676Z,ETI,38496352600072,O,2026-08-14T13:10:36.276,Tours
3419,883168650,CONCIERGERIE ALLOALICE,5710,9609Z,PME,88316865000082,O,2026-08-04T09:31:29.298,Tours
3420,306917352,SEBEMEX,5710,4669B,ETI,30691735200149,O,2025-12-06T05:25:20,Tours
3421,313915761,LESTRA,5710,1392Z,PME,31391576100016,O,2025-12-06T05:43:28,Tours
3422,311416119,OUVRARD 37,5710,4661Z,ETI,31141611900080,O,2025-12-12T16:31:42,Tours
3423,076120021,TIVOLY,5599,2573B,ETI,07612002100019,O,2026-05-11T15:01:01,Tours
3424,622025005,FORMES NOUVELLES,5599,3101Z,PME,62202500500191,O,2025-12-06T05:35:03,Metz
3425,656580628,REGA,5710,4634Z,ETI,65658062800161,O,2026-01-09T13:00:58,Metz
3426,390589455,MERCER (FRANCE) SAS,5710,6622Z,ETI,39058945500117,O,2025-12-06T05:39:11,Metz
3427,392213146,ALSAPAN,5710,3109B,ETI,39221314600039,O,2025-12-06T05:43:44,Metz
3428,811440056,PHONESMART,5499,9512Z,PME,81144005600042,O,2025-12-06T05:38:43,Metz
3429,954507521,STANLEY BLACK & DECKER FRANCE SAS,5710,4669A,ETI,95450752100381,O,2026-07-08T10:18:25,Metz
3430,981732258,START&JOBS,5710,7820Z,PME,98173225800018,O,2025-12-06T05:40:19,Metz
3431,759800816,ACD AVOCATS,5699,6910Z,PME,75980081600143,O,2026-01-02T11:31:29,Metz
3432,841813181,LA BELLE HISTOIRE,5499,9321Z,PME,84181318100051,O,2026-04-20T11:46:57,Metz
3433,832233571,MURFY,5710,9522Z,ETI,83223357100088,O,2026-05-06T18:30:53,Metz
3434,842403966,SGM GESTION,5710,6832A,PME,84240396600083,O,2026-08-07T13:47:09.536,Metz
3435,913997565,BOOA,5710,1623Z,PME,91399756500027,O,2026-08-06T09:09:22.932,Metz
3436,480985159,IRIS CONSEIL OUEST-ATLANTIQUE,5710,7112B,PME,48098515900015,O,2026-08-02T14:30:45.692,Metz
3437,497844464,ACTEAM SERVICE,5499,4651Z,PME,49784446400014,O,2025-12-06T05:41:10,Besancon
3438,450691860,SILFEO GENIE CLIMATIQUE,5499,4322B,PME,45069186000032,O,2026-06-03T11:05:13,Besancon
3439,484992201,SV LOCATION,5710,7732Z,PME,48499220100018,O,2026-07-07T13:26:55,Besancon
3440,503211583,MAISON PAROTY RIOZ,5499,1071C,PME,50321158300011,O,2025-12-06T07:01:13,Besancon
3441,503450835,ORAKIN BOURGOGNE/FRANCHE COMTE,5499,8553Z,ETI,50345083500015,O,2025-12-06T05:56:56,Besancon
3442,503570640,AMBULANCES VAL DE GRAY,5499,8690A,PME,50357064000055,O,2026-03-19T11:28:42,Besancon
3443,452773518,VIOLIER,5710,4636Z,PME,45277351800066,O,2026-02-05T12:01:34,Besancon
3444,509587283,FRANCHE-COMTE EXPERTISE AUTOMOBILE,5499,6621Z,PME,50958728300011,O,2025-12-06T06:13:57,Besancon
3445,509620084,G.D. SERVICES,5710,7820Z,PME,50962008400012,O,2025-12-06T07:00:19,Besancon
3446,480509256,BONNEFOY CONTROLES TECHNIQUES,5499,7120A,PME,48050925600016,O,2025-12-06T11:15:44,Besancon
3447,491072187,APS,5710,4322A,PME,49107218700033,O,2025-12-06T07:57:52,Besancon
3448,442931143,SARL DAGUSE,5499,9521Z,PME,44293114300014,O,2025-12-06T05:20:56,Besancon
3449,334149440,QUARTUS,6220,8299Z,PME,33414944000029,O,2026-03-02T16:00:28,Besancon
3450,334302205,A.M.S. 70,5710,7729Z,PME,33430220500052,O,2025-12-06T05:44:20,Besancon
3451,523333730,SP CHOC,5710,1082Z,PME,52333373000035,O,2025-12-06T06:34:48,Orleans
3452,800352544,NANTES SELF STOCKAGE,5499,5210B,PME,80035254400012,O,2025-12-06T09:07:12,Orleans
3453,801250531,BRANDT FRANCE,5710,2751Z,ETI,80125053100028,O,2025-12-06T05:43:38,Orleans
3454,794538033,CIGADISTRI,5710,4778C,PME,79453803300067,O,2026-05-15T17:31:29,Orleans
3455,790773451,AMBULANCES SAINT PAUL,5710,8690A,PME,79077345100048,O,2026-01-22T13:13:18,Orleans
3456,790834212,BNB NORD,5499,4771Z,PME,79083421200017,O,2025-12-06T10:47:59,Orleans
3457,791229131,KARL CONSEIL,5499,6619B,PME,79122913100077,O,2025-12-06T05:56:05,Orleans
3458,813602232,GEEK AND POP,5499,4719B,PME,81360223200015,O,2025-12-06T06:19:38,Orleans
3459,629200056,ENTREPRISE REDONNAISE D'ELECTRICITE,5710,4669A,ETI,62920005600063,O,2025-12-06T05:43:29,Orleans
3460,842203671,B.R.D DISTRIBUTION,5710,4941A,PME,84220367100024,O,2025-12-06T08:52:15,Orleans
3461,884408816,BLOBR,5710,5829A,PME,88440881600046,O,2026-06-23T13:15:49,Orleans
3462,878640929,FLEXOL SIZAM-BASTAREAUD,5710,7112B,PME,87864092900062,O,2025-12-06T10:56:57,Orleans
3463,324971308,ETABLISSEMENTS STALDER,5710,3311Z,PME,32497130800022,O,2026-08-06T09:09:30.736,Mulhouse
3464,778536367,SA DRUET,5710,2223Z,ETI,77853636700072,O,2026-08-06T09:09:27.395,Mulhouse
3465,307788703,SOLOTRA HERMANN,5710,4941B,ETI,30778870300022,O,2025-12-06T10:26:28,Mulhouse
3466,313384752,SPECK SPORTS SARL,5499,4764Z,PME,31338475200017,O,2025-12-06T05:13:41,Mulhouse
3467,313841686,POMPES FUNEBRES LANTZ,5710,9603Z,PME,31384168600014,O,2025-12-06T06:24:08,Mulhouse
3468,315081653,CICAL INGENIERIE ET CYBERNETIQUE,5710,7112B,PME,31508165300026,O,2026-06-22T15:00:40,Mulhouse
3469,312425556,BMT FINANCES,5710,6420Z,ETI,31242555600114,O,2025-12-06T06:52:10,Mulhouse
3470,315795542,NORSUD,5710,4332B,ETI,31579554200036,O,2025-12-06T08:33:36,Mulhouse
3471,538008319,CVE BIOGAZ,5710,7112B,ETI,53800831900054,O,2025-12-06T05:41:10,Caen
3472,625550389,SOC NORMANDE EXPL INDUST COMM,5710,5914Z,PME,62555038900013,O,2026-06-30T13:14:37,Caen
3473,413500679,CERCLE BLEU,5499,5911A,ETI,41350067900035,O,2025-12-06T05:58:13,Caen
3474,414838086,ETUDES TECHNIQUES CONSEILS,5710,7112B,PME,41483808600075,O,2025-12-06T05:38:27,Caen
3475,391092376,FRONIUS FRANCE,5499,4669B,PME,39109237600071,O,2025-12-06T06:45:27,Caen
3476,478744295,URGENCES AMBULANCES,5499,8690A,PME,47874429500013,O,2025-12-06T08:10:03,Caen
3477,478339443,GESTION RESIDENCES TOURISME DEAUVILLE,5710,5520Z,PME,47833944300036,O,2025-12-06T05:15:22,Caen
3478,812632057,MARY SERVICES,6220,8299Z,PME,81263205700012,O,2026-01-08T05:17:13,Caen
3479,790084842,ESPACE CLOTURE OUEST,5710,4329B,ETI,79008484200026,O,2026-01-20T19:00:40,Caen
3480,803613231,AFI SAINT-LO,5710,7820Z,ETI,80361323100031,O,2025-12-06T05:24:40,Caen
3481,803770726,MILOCHE,5499,9329Z,PME,80377072600013,O,2025-12-06T06:27:32,Caen
3482,502319304,AGENCE FRANC,5710,7111Z,PME,50231930400015,O,2025-12-06T08:03:27,Caen
3483,504538745,NXP SEMICONDUCTORS FRANCE,5710,7219Z,ETI,50453874500077,O,2025-12-06T05:39:04,Caen
3484,830704532,AS AUTO NANCY,5710,4520A,PME,83070453200019,O,2026-01-28T15:30:53,Nancy
3485,832126056,DYNAMO-LOCATION,5710,4619B,PME,83212605600023,O,2025-12-06T11:15:45,Nancy
3486,646650333,L'EAU PURE,5710,4669B,PME,64665033300131,O,2025-12-06T06:18:24,Nancy
3487,443619747,CAP DES ARTS,5710,4778C,PME,44361974700027,O,2026-08-25T13:09:44.990,Nancy
3488,823495239,GEDIS,5710,4634Z,ETI,82349523900043,O,2026-08-25T16:17:33.078,Nancy
3489,946150604,VIESSMANN INDUSTRIE FRANCE,5710,3311Z,ETI,94615060400134,O,2026-08-06T09:09:24.006,Nancy
3490,303507776,SOCIETE AUXILIAIRE DE GARANTIES,5710,6619B,PME,30350777600258,O,2026-07-06T13:57:58,Nancy
3491,311767305,CAISSE MEUSIENNE ASSURANCES MUTUELLES,6411,6512Z,PME,31176730500064,O,2026-02-17T13:14:52,Nancy
3492,739201010,RACINES,5710,7112B,PME,73920101000132,O,2026-05-04T22:00:28,Nancy
3493,452541147,ATEL CONCEP ETUDE RESEAUX SEC ECL PUBLIC,5499,7112B,PME,45254114700024,O,2026-06-01T12:00:54,Nancy
3494,789261039,JBB,5499,8559A,PME,78926103900018,O,2025-12-06T06:08:33,Poitiers
3495,803102615,PSI 86,5710,5610C,PME,80310261500017,O,2025-12-06T06:41:34,Poitiers
3496,512101510,MEDIACO POITOU CHARENTES,5710,4399E,ETI,51210151000059,O,2025-12-06T05:25:22,Poitiers
3497,499325165,EMERAUDES,5710,8710A,ETI,49932516500011,O,2025-12-06T08:00:38,Poitiers
3498,509592283,MARTIN RENARD,5710,4673A,ETI,50959228300014,O,2025-12-06T08:49:46,Poitiers
3499,494605488,FORSEE POWER,5599,2720Z,ETI,49460548800068,O,2025-12-06T05:43:45,Poitiers
3500,491636742,ED CONCEPT,5499,6420Z,PME,49163674200042,O,2025-12-06T05:21:16,Poitiers
3501,523814358,OBJECTIF ECOENERGIE,5710,7112B,ETI,52381435800033,O,2025-12-06T07:30:47,Poitiers
3502,524105939,FERMETURE ISOLE,5499,4673A,PME,52410593900044,O,2025-12-06T11:32:17,Poitiers
3503,524349099,SAGLAM FRANCE,5710,1013A,PME,52434909900043,O,2025-12-06T06:07:25,Poitiers
3504,524511276,TECHNIQUE SOLAIRE INVEST 2,5499,3511Z,ETI,52451127600056,O,2025-12-06T09:14:25,Poitiers
3505,524511417,TECHNIQUE SOLAIRE INVEST 4,5499,3511Z,ETI,52451141700049,O,2025-12-06T07:04:01,Poitiers
3506,519408140,NS-CONSEIL,5499,7021Z,PME,51940814000092,O,2025-12-06T05:37:56,Poitiers
3507,821339397,PECO,5499,5610C,PME,82133939700019,O,2025-12-06T06:28:32,Annecy
3508,828485391,BJP AVOCATS,5485,6910Z,PME,82848539100076,O,2025-12-06T05:40:11,Annecy
3509,817759996,AFEO,5710,4329B,PME,81775999600041,O,2025-12-06T05:42:15,Annecy
3510,802943563,CELESTE FIBRE,5710,4321A,ETI,80294356300014,O,2026-03-12T13:17:04,Annecy
3511,810183723,QUIETIS GESTION,5710,6832A,PME,81018372300248,O,2026-05-07T08:40:42,Annecy
3512,908864911,MAIAN,5710,5510Z,PME,90886491100015,O,2025-12-06T11:15:38,Annecy
3513,898690441,MF-ILG,5710,4322A,PME,89869044100016,O,2026-08-26T15:16:14.462,Annecy
3514,451096473,COM'BAC,5710,5610A,PME,45109647300017,O,2026-08-25T15:26:37.458,Annecy
3515,384688495,MEXIBAC,5710,5610A,PME,38468849500033,O,2026-08-14T15:36:11.943,Annecy
3516,840056592,PHATDIEM,5710,4775Z,PME,84005659200024,O,2026-08-06T13:11:33.554,Annecy
3517,888166774,INSTITUT YOFI,5710,4771Z,PME,88816677400024,O,2025-12-06T06:27:33,Annecy
3518,901305763,BTP DIAGNOSTICS,5710,7490B,ETI,90130576300012,O,2025-12-06T05:43:46,Paris
3519,902714427,AQUITAINE ENERGY 5,5710,3511Z,PME,90271442700017,O,2025-12-06T08:03:28,Paris
3520,795172519,SAGS SERVICES,5710,5221Z,ETI,79517251900014,O,2026-06-30T20:30:51,Paris
3521,813786563,HOSTING DVPT,5710,6831Z,PME,81378656300326,O,2026-07-10T17:26:39,Paris
3522,824305528,AB RETAILING,5710,4778C,PME,82430552800096,O,2026-05-28T13:21:19,Paris
3523,892941956,TOITURES PV LYCEES IDF,5710,3511Z,PME,89294195600013,O,2025-12-06T05:52:08,Paris
3524,652024159,SAMSONITE,5599,4649Z,PME,65202415900400,O,2025-12-06T05:43:29,Paris
3525,813127651,DG OPTIQUE,5710,4778A,ETI,81312765100244,O,2025-12-06T06:22:26,Paris
3526,478780844,CLAAS RESEAU AGRICOLE,5710,4661Z,ETI,47878084400799,O,2026-08-24T13:00:51.728,Paris
3527,452441918,EURL MARIANO AUX CAVES DU PORTUGAL 33,5499,4638A,PME,45244191800011,O,2026-08-21T13:09:38.368,Paris
3528,480650456,GUESS FRANCE,5710,4771Z,ETI,48065045600233,O,2026-08-19T08:16:20.769,Paris
3529,341019180,POLYGON FRANCE,5710,8121Z,ETI,34101918000320,O,2026-08-06T09:09:24.457,Paris
3530,062501275,AMER SPORTS FRANCE,5710,4649Z,ETI,06250127500150,O,2025-12-06T10:49:14,Paris
3531,444100473,REN MODE,5499,4771Z,PME,44410047300222,O,2025-12-06T06:29:30,Lyon
3532,440175263,OXYGENE INTERIM,5710,7820Z,PME,44017526300225,O,2026-01-08T13:10:11,Toulouse
3533,381438977,HAVRET BIJOUX,5710,4778C,PME,38143897700229,O,2026-02-19T13:09:21,Toulouse
3534,552063208,F.W.MANUTENTION,5599,6820B,PME,55206320800060,O,2025-12-06T05:37:56,Lille
3535,328581822,MANERGY,5710,7112B,ETI,32858182200033,O,2025-12-06T05:14:21,Lille
3536,352080147,MILLE AMIS,5710,6820B,ETI,35208014700338,O,2025-12-06T06:14:12,Lille
3537,450041074,KOESIO NORD OUEST,5710,9511Z,ETI,45004107400045,O,2025-12-06T05:43:44,Lille
3538,438798332,SILVYA TERRADE GRAND-EST,5710,8532Z,ETI,43879833200013,O,2026-07-29T13:01:06,Lille
3539,809676356,LE PETIT LUNETIER PARIS SAS,5710,4778A,PME,80967635600052,O,2025-12-06T06:25:08,Lille
3540,790290605,LANG & ASSOCIES HAUTS-DE-FRANCE,5710,6621Z,ETI,79029060500027,O,2026-06-19T13:14:05,Lille
3541,096380373,SOCIETE D'AMENAGEMENT FONCIER ET D'ETABLISSEMENT RURAL NOUVELLE-AQUITAINE,5530,4299Z,PME,09638037300033,O,2025-12-06T06:22:57,Bordeaux
3542,348890476,BONPOINT RIVE DROITE,5710,4771Z,ETI,34889047600313,O,2026-02-19T05:07:41,Bordeaux
3543,325517621,HENSOLDT NEXEYA FRANCE,5710,2651B,ETI,32551762100281,O,2026-01-19T13:18:32,Nantes
3544,642030357,EXCENT FRANCE,5710,7112B,ETI,64203035700130,O,2026-07-07T18:00:47,Nantes
3545,398360123,CAUDALIE,5710,2042Z,ETI,39836012300200,O,2026-02-02T10:32:29,Nantes
3546,824521462,IELO-LIAZO DEPLOIEMENT FIBRE,5710,6110Z,ETI,82452146200021,O,2025-12-06T05:14:36,Nantes
3547,842801466,COMPOSE OPCO,5499,6820A,ETI,84280146600058,O,2026-04-20T18:00:20,Nantes
3548,811254960,MOD IS MINE,5710,4771Z,PME,81125496000156,O,2025-12-06T06:19:04,Nantes
3549,892298324,COUGNAUD,5710,2511Z,ETI,89229832400013,O,2026-03-04T13:11:30,Strasbourg
3550,499946630,AZERGO,5710,4665Z,ETI,49994663000187,O,2026-04-02T18:31:17,Strasbourg
3551,478147564,NOMIOS,5710,6202A,ETI,47814756400304,O,2026-06-03T11:05:13,Strasbourg
3552,482862448,SAS PRATICO,5710,5229A,PME,48286244800016,O,2025-12-06T06:25:25,Strasbourg
3553,484199393,MIM GROUPE D'IMAGERIE MEDICALE,5785,8622A,PME,48419939300014,O,2025-12-06T05:38:56,Strasbourg
3554,507642874,R.P.G.,5710,4778C,PME,50764287400121,O,2025-12-06T06:57:33,Strasbourg
3555,452028400,INTENDO,5710,4774Z,ETI,45202840000045,O,2026-06-15T15:00:41,Strasbourg
3556,490795648,MCC.AXES,5710,8531Z,ETI,49079564800024,O,2026-02-02T19:02:37,Strasbourg
3557,382760320,SAUTER REGULATION,5710,8299Z,PME,38276032000343,O,2026-06-12T16:31:51,Strasbourg
3558,425133055,NIBELIS,5599,7022Z,ETI,42513305500128,O,2025-12-06T06:37:09,Strasbourg
3559,410047013,PROTIM,5710,8020Z,PME,41004701300090,O,2025-12-06T05:22:13,Strasbourg
3560,378927669,HAUTE TECHNOLOGIE PLASTIQUE SAS,5710,8129B,PME,37892766900218,O,2026-06-19T13:06:55,Strasbourg
3561,309516920,SCM IMAGERIE CANCEROLOGIE MEDICALES,6589,8219Z,PME,30951692000084,O,2025-12-06T10:41:42,Montpellier
3562,318733888,ETABLISSEMENTS BOUSQUET,5499,6820B,PME,31873388800032,O,2025-12-06T06:22:07,Montpellier
3563,330097395,TCEM,5710,4666Z,ETI,33009739500116,O,2026-02-19T16:06:49,Montpellier
3564,922388590,SOMNOSUD,5785,8622C,PME,92238859000023,O,2026-05-29T13:30:24,Montpellier
3565,981609126,NAMA SPA ALPES,5710,9604Z,PME,98160912600017,O,2025-12-06T06:07:19,Montpellier
3566,382482404,MONTPELLIER DEPANNAGE,5710,5221Z,PME,38248240400078,O,2025-12-06T08:46:07,Montpellier
3567,431650035,SOLETBAT,5710,4120B,ETI,43165003500022,O,2026-02-09T13:12:52,Montpellier
3568,494162233,MEILLEURTAUX PLACEMENT,5710,6619B,ETI,49416223300196,O,2026-08-06T20:30:57.283,Rennes
3569,814734091,WORLDLINE BUSINESS SUPPORT,5710,7010Z,ETI,81473409100055,O,2026-08-05T17:31:15.217,Rennes
3570,834708166,ALPHA MEDICAL,5710,4774Z,PME,83470816600022,O,2026-08-03T16:56:20.516,Rennes
3571,318332236,ETABLISSEMENTS DEMEURE,5710,4621Z,ETI,31833223600112,O,2025-12-06T05:25:38,Rennes
3572,912254042,DROME AGRI SOLAIRE 1,5710,3511Z,ETI,91225404200134,O,2025-12-06T05:43:53,Rennes
3573,506950211,BERNER,5499,4669B,ETI,50695021100025,O,2025-12-06T05:14:58,Rennes
3574,481274702,INTERIM'R SANTE,5710,7820Z,ETI,48127470200143,O,2025-12-06T06:57:32,Rennes
3575,400785093,ASSISTANCE AUTO 24,5710,4520A,PME,40078509300073,O,2025-12-06T10:43:25,Rennes
3576,534619622,C2L,5499,4329A,PME,53461962200101,O,2025-12-06T05:43:45,Grenoble
3577,421842188,ASTEELFLASH FRANCE,5599,2612Z,ETI,42184218800169,O,2025-12-06T05:25:38,Grenoble
3578,422312181,AGIR,5710,7711B,ETI,42231218100015,O,2025-12-06T05:43:36,Grenoble
3579,804414571,ETABLISSEMENTS LAURENT FOURCHE,5710,1413Z,PME,80441457100088,O,2025-12-06T10:49:51,Grenoble
3580,518532577,DEMAR,5710,4764Z,PME,51853257700021,O,2026-06-04T13:12:26,Grenoble
3581,514111632,XC CONSEIL,5499,7022Z,PME,51411163200097,O,2025-12-06T05:40:48,Grenoble
3582,520863580,MOBILAX STORE,5499,9512Z,PME,52086358000020,O,2025-12-25T13:20:37,Grenoble
3583,752387704,PARC EOLIEN CORREZE 1,5710,3511Z,PME,75238770400113,O,2026-03-20T11:43:10,Grenoble
3584,712039098,JONES LANG LASALLE SAS,5710,6831Z,ETI,71203909800132,O,2026-05-15T20:30:55,Grenoble
3585,801144205,KIDDY CRECHE,5710,8891A,PME,80114420500011,O,2025-12-25T13:19:52,Grenoble
3586,799687454,TRIGO FRANCE,5710,7112B,ETI,79968745400022,O,2026-04-13T19:00:23,Grenoble
3587,830000451,BERTHELOT & ASSOCIES - MANDATAIRES JUDICIAIRES,5485,6910Z,PME,83000045100062,O,2025-12-06T05:41:10,Grenoble
3588,830314886,THYAO 2,5710,3511Z,ETI,83031488600029,O,2026-06-10T11:31:49,Grenoble
3589,835334111,LA BOULANGERIE DE PIERRE,5710,1071C,PME,83533411100019,O,2025-12-06T10:56:57,Grenoble
3590,339644221,FAUVEDER OVERSEAS,5599,5229B,ETI,33964422100352,O,2025-12-09T17:11:28,Rouen
3591,339834178,CIE MARITIME MARFRET,5710,5020Z,ETI,33983417800016,O,2025-12-23T19:01:47,Rouen
3592,384731386,ROUAS CONTROLE TECHNIQUE,5710,7120A,PME,38473138600098,O,2025-12-22T17:56:15,Rouen
3593,393542428,LOGIREP,5646,6820A,ETI,39354242800031,O,2025-12-06T05:43:36,Rouen
3594,387607799,VILL' APPARTS MEUBLES,5499,6820B,PME,38760779900120,O,2025-12-06T06:58:25,Rouen
3595,552081739,APTAR FRANCE SAS,5710,2222Z,ETI,55208173900047,O,2025-12-06T10:01:30,Rouen
3596,642012512,ASSIS REALIS TECHN COMMER,5599,3312Z,PME,64201251200017,O,2025-12-06T07:07:16,Rouen
3597,786450239,JOHN CRANE FRANCE,5710,2815Z,ETI,78645023900078,O,2026-07-27T13:23:18,Rouen
3598,404750366,MILLANCOURT ET NICOLAS,5710,4673A,ETI,40475036600019,O,2025-12-06T06:26:52,Rouen
3599,529038978,ODIGO,5710,6311Z,ETI,52903897800118,O,2026-07-22T16:31:01,Rouen
3600,495402752,BATIPERFORM,5499,7120B,PME,49540275200051,O,2026-03-27T15:31:40,Rouen
3601,509820502,GAC,5710,7022Z,PME,50982050200060,O,2026-07-17T17:30:43,Rouen
3602,523537256,ALSAPERF,5499,4774Z,PME,52353725600159,O,2025-12-06T06:11:20,Rouen
3603,015751142,AU PARRAIN GENEREUX,5710,1082Z,PME,01575114200017,O,2025-12-06T10:06:55,Dijon
3604,015754625,BLOC FRERES SOC,5710,4772A,PME,01575462500018,O,2025-12-06T05:17:42,Dijon
3605,016750697,ETS J VIRLY S A,5710,4669B,ETI,01675069700050,O,2026-06-03T15:46:42,Dijon
3606,303477657,BUREAU D'ETUDES TECHNIQUES CONSTRUCTION,5710,7112B,PME,30347765700132,O,2025-12-06T05:40:39,Dijon
3607,325069532,APPLICATION ELECTRO MECANIQUE,5599,3314Z,PME,32506953200134,O,2025-12-06T05:43:28,Dijon
3608,333145167,CAVEAU DES VIGNERONS - C.D.V.,5499,4725Z,PME,33314516700065,O,2025-12-06T06:21:36,Dijon
3609,329744874,MACHINES PAGES,5710,2899B,PME,32974487400028,O,2025-12-06T05:14:21,Dijon
3610,432232361,EXCELLIANCE,5710,7820Z,PME,43223236100050,O,2025-12-06T05:16:40,Dijon
3611,501570675,FRANCOIS MARTENOT,5710,1102B,ETI,50157067500030,O,2025-12-06T05:43:36,Dijon
3612,501745269,MANUTONE,5710,4661Z,ETI,50174526900057,O,2026-02-16T17:26:47,Dijon
3613,327034955,CL NORD,5710,4941A,ETI,32703495500051,O,2026-04-03T18:26:45,Angers
3614,352515316,TRANSPORTS CORDIER,5710,4941A,ETI,35251531600011,O,2026-01-14T15:00:42,Angers
3615,353318736,LEFEVRE SAS,5710,4399C,ETI,35331873600017,O,2026-06-03T11:05:12,Angers
3616,438697617,SOCOVAL AUDIT,5499,6920Z,PME,43869761700050,O,2025-12-06T06:03:37,Angers
3617,431257716,ROMARIUS,5710,4759B,PME,43125771600016,O,2026-02-19T18:31:36,Angers
3618,434027249,ITRON FRANCE,5710,2651B,ETI,43402724900243,O,2026-02-26T13:31:32,Angers
3619,434074753,FOUCHE TRAVEL,5710,7911Z,PME,43407475300022,O,2026-03-05T15:01:31,Angers
3620,443277876,GROUPE ANPHI GESTION,5499,6420Z,PME,44327787600027,O,2025-12-06T07:02:16,Angers
3621,443432539,OUEST ATLANTIC DISTRIBUTION,5710,4663Z,ETI,44343253900031,O,2026-07-01T13:46:47,Angers
3622,530914126,ZEN ORGANISATION,5710,8230Z,PME,53091412600038,O,2026-05-11T13:01:40,Angers
3623,414221952,MATERIEL AGRICOLE CASTELBRIANTAIS,5710,4661Z,ETI,41422195200057,O,2025-12-06T05:43:28,Angers
3624,438600108,AT PATRIMOINE,5710,8559A,ETI,43860010800056,O,2026-06-18T16:57:25,Nimes
3625,433717816,CABINET-NATAT-GIL-DEVISMES,5499,6920Z,PME,43371781600048,O,2025-12-06T06:01:17,Nimes
3626,449114750,ANIM ASS NIMOISE D'IMAGERIE MEDICALE,5485,8621Z,PME,44911475000069,O,2025-12-06T09:50:48,Nimes
3627,435257241,IE SUD,5710,6831Z,ETI,43525724100057,O,2026-03-20T11:00:25,Nimes
3628,512647074,MEDIA SYSTEME,5710,4322B,PME,51264707400099,O,2026-01-20T11:27:54,Nimes
3629,512825696,MEDITRAG,5499,4299Z,PME,51282569600044,O,2025-12-06T11:11:20,Nimes
3630,530096510,GARDE TOUT,5710,5210B,PME,53009651000025,O,2025-12-06T05:36:28,Nimes
3631,572213742,ACIERS DE CONSTRUCTION RATIONALISES,5710,2593Z,ETI,57221374200230,O,2025-12-06T05:15:56,Nimes
3632,414578690,MIDI AUTO 84,5710,4511Z,ETI,41457869000052,O,2026-02-03T13:09:45,Nimes
3633,420505083,TRADIM,5710,6202A,PME,42050508300030,O,2025-12-06T05:37:48,Nimes
3634,390913606,A P S,5710,4532Z,PME,39091360600013,O,2025-12-06T05:52:14,Nimes
3635,475580437,COGEMAG,5710,4791A,PME,47558043700634,O,2025-12-06T06:18:16,Nimes
3636,403778079,HYDRO GEOTECHNIQUE SUD EST,5499,7112B,ETI,40377807900109,O,2025-12-06T05:13:42,Clermont-Ferrand
3637,324274281,C2A COOPERATIVE ARTISANALE D'ACHATS,5553,4674B,PME,32427428100041,O,2025-12-06T06:30:10,Clermont-Ferrand
3638,327684858,MAISON VACHER,5710,4661Z,PME,32768485800050,O,2025-12-06T05:39:25,Clermont-Ferrand
3639,338383789,CHOUVY ALIMENTS,5710,1091Z,PME,33838378900025,O,2025-12-06T07:56:58,Clermont-Ferrand
3640,347967952,DESPRAT & SAINT VERNY,5710,1102B,PME,34796795200057,O,2025-12-06T05:23:45,Clermont-Ferrand
3641,351748116,PLASSARD,5710,4641Z,PME,35174811600081,O,2025-12-06T09:04:15,Clermont-Ferrand
3642,353636715,SOCIETE LYONNAISE DE MENUISERIE ET FERMETURE,5710,4332A,PME,35363671500032,O,2025-12-06T05:16:06,Clermont-Ferrand
3643,430229112,TERREFORT,5710,7112B,ETI,43022911200049,O,2026-06-02T16:31:11,Clermont-Ferrand
3644,443485719,TERAMAT,5710,4663Z,ETI,44348571900050,O,2025-12-06T08:17:16,Clermont-Ferrand
3645,512844051,N SUPPORT,5710,6420Z,ETI,51284405100015,O,2025-12-06T05:41:17,Clermont-Ferrand
3646,421305210,PIM PARTICIPATIONS,5710,6420Z,PME,42130521000120,O,2025-12-06T06:52:10,Clermont-Ferrand
3647,417790433,CENTRE D' ETUDES ET DE RECHERCHE APPLIQUEE EN ENVIRONNEMENT,5710,7112B,PME,41779043300078,O,2025-12-06T08:00:31,Clermont-Ferrand
3648,480107457,SABLIERES DU CENTRE,5710,0812Z,PME,48010745700032,O,2026-07-27T13:19:48,Clermont-Ferrand
3649,330439415,GES,5710,7219Z,PME,33043941500028,O,2025-12-06T07:36:37,Tours
3650,377496385,ABM LOCATION,5710,7732Z,PME,37749638500040,O,2025-12-06T11:32:08,Tours
3651,440123487,GROUPE WATERAIR,5710,4752A,ETI,44012348700025,O,2025-12-06T05:23:28,Tours
3652,441456183,ANEMONE 37,5710,9603Z,ETI,44145618300041,O,2025-12-06T05:20:19,Tours
3653,954023826,CAWL,5599,6311Z,ETI,95402382600074,O,2026-03-24T14:46:29,Tours
3654,775652068,SOCIETE GENERALE D'EXPERTISE COMPTABLE DU MAINE NORMANDIE,5599,6920Z,ETI,77565206800096,O,2026-07-28T19:01:09,Tours
3655,797546769,INTRUM CORPORATE,5710,8291Z,ETI,79754676900077,O,2025-12-06T07:03:37,Tours
3656,340866904,SA MENUISERIE G. DUBOIS,5710,4332A,ETI,34086690400030,O,2025-12-06T05:25:21,Tours
3657,383373040,SOFAR,5710,6920Z,PME,38337304000047,O,2025-12-06T10:47:27,Tours
3658,378406524,GARAGE DE CROTZ SARL,5499,4661Z,PME,37840652400017,O,2025-12-06T05:41:09,Tours
3659,393303581,SOCADEV,5499,4778C,PME,39330358100036,O,2025-12-06T09:43:03,Tours
3660,331355289,NORD CHROME,5710,2561Z,PME,33135528900017,O,2025-12-06T06:37:09,Metz
3661,301192464,ACELEC,5710,4321A,PME,30119246400057,O,2026-01-29T14:00:48,Metz
3662,334937968,FRANCETRUCK,5710,7739Z,ETI,33493796800025,O,2026-06-03T19:01:38,Metz
3663,330252693,FIDUREX,5710,6920Z,PME,33025269300032,O,2025-12-06T07:16:07,Metz
3664,408530467,CABINET HERBETH,5710,6820B,PME,40853046700062,O,2025-12-06T10:44:39,Metz
3665,305348997,LINGENHELD TRAVAUX PUBLICS,5710,4211Z,ETI,30534899700050,O,2025-12-06T07:04:46,Metz
3666,501069355,COURTIER EN ECONOMIE D'ENERGIE,5710,4618Z,ETI,50106935500045,O,2025-12-06T05:25:31,Metz
3667,960200053,XELLA THERMOPIERRE,5699,2361Z,PME,96020005300150,O,2025-12-06T05:25:05,Metz
3668,562004796,HONEYWELL,5710,3320D,ETI,56200479600420,O,2025-12-06T08:21:02,Metz
3669,339735565,MGJ SAS MAGE,5710,4332A,PME,33973556500055,O,2026-03-13T13:11:10,Metz
3670,351670385,FCI S.A.S,5710,3250A,ETI,35167038500043,O,2025-12-06T05:14:57,Besancon
3671,390795722,SCIENCES ENVIRONNEMENT,5710,7112B,PME,39079572200011,O,2025-12-06T10:57:24,Besancon
3672,501608434,SERVICE MEDECINE NUCLEAIRE NORD FRANCHE-COMTE,5485,8622A,PME,50160843400020,O,2025-12-06T05:40:54,Besancon
3673,399781582,SAS F2M,5710,5510Z,PME,39978158200016,O,2026-07-10T13:07:35,Besancon
3674,308053446,LA GOULUE,5499,4771Z,PME,30805344600214,O,2025-12-06T05:42:36,Besancon
3675,328823927,EMMI DESSERTS VALADE,5710,1071A,ETI,32882392700012,O,2026-05-19T11:00:21,Besancon
3676,333308047,SOC COOP AGRICOLE FRANCHE COMTE ELEVAGE,6317,4623Z,ETI,33330804700039,O,2025-12-06T07:22:33,Besancon
3677,440281459,PODAXIS,5710,3250A,PME,44028145900014,O,2026-02-09T10:12:53,Besancon
3678,440716777,PRESTIBOIS,5499,4332A,PME,44071677700014,O,2025-12-06T05:21:35,Besancon
3679,441494630,AGENCE INVESTIGATIONS SARL,5499,7120B,PME,44149463000011,O,2025-12-06T05:21:35,Besancon
3680,429053143,SARL BACHES FEVRE,5499,1392Z,PME,42905314300013,O,2026-05-28T13:13:59,Besancon
3681,878955541,GREEN ENERGY,5710,4322B,PME,87895554100031,O,2026-05-06T14:31:00,Orleans
3682,818314254,TALENTSKILLS,5499,7810Z,ETI,81831425400082,O,2026-06-10T21:44:46,Orleans
3683,822597829,CONSTRUCTIONS PERSONNALISEES ET RENOVATION (REGION CENTRE),5499,4120A,PME,82259782900016,O,2025-12-06T05:43:07,Orleans
3684,821097441,DOCUMENTHOM CENTRE VAL DE LOIRE,5710,7022Z,PME,82109744100017,O,2026-04-02T13:01:00,Orleans
3685,445168107,DOLE FRANCE,5710,4631Z,PME,44516810700032,O,2026-08-11T13:08:55.143,Orleans
3686,347841512,DENJEAN TRANSPORTS,5710,4941A,PME,34784151200044,O,2026-08-06T13:08:33.044,Orleans
3687,402679823,WALTER & GARANCE AVOCATS,5485,6910Z,PME,40267982300045,O,2026-08-03T15:31:32.053,Orleans
3688,890385537,WARSEMANN AUTO ORLEANS,5710,4511Z,ETI,89038553700018,O,2026-03-13T13:10:44,Orleans
3689,301099651,FICHORGA,5710,6202B,PME,30109965100038,O,2025-12-06T05:14:08,Orleans
3690,303413611,PHILIPPE MANUTENTION,5710,7739Z,ETI,30341361100201,O,2025-12-06T05:25:12,Orleans
3691,016980062,POCHET DU COURVAL,5710,2313Z,ETI,01698006200109,O,2025-12-06T05:15:44,Orleans
3692,085781003,MATERIAUX REUNIS,5710,4673A,ETI,08578100300026,O,2025-12-06T05:51:28,Orleans
3693,086880374,CALYPSO LOCATIONS SA,5499,7711A,PME,08688037400060,O,2026-03-30T19:00:39,Orleans
3694,498563873,DELOFFRE,5710,4120A,PME,49856387300062,O,2026-04-20T10:10:25,Caen
3695,494009731,GB2A AVOCATS,5785,6910Z,PME,49400973100063,O,2025-12-06T05:38:42,Caen
3696,523763894,SOLEIA K6,5710,3511Z,PME,52376389400079,O,2025-12-06T06:27:24,Caen
3697,518923503,VOLTAFRANCE 13,5499,3511Z,ETI,51892350300297,O,2025-12-06T06:17:36,Caen
3698,514816537,SPV STL 1,5202,3511Z,ETI,51481653700039,O,2026-02-06T19:01:35,Caen
3699,522664861,HANDYJOB,5499,8292Z,PME,52266486100054,O,2025-12-06T05:21:36,Caen
3700,713820348,DELIGNY ET COMPAGNIE,5499,6831Z,PME,71382034800025,O,2025-12-06T06:16:18,Caen
3701,792493892,FICONORD,5499,6492Z,PME,79249389200014,O,2026-07-07T13:00:38,Caen
3702,813371119,ORTHESE PROTHESE REEDUCATION,5499,3250A,PME,81337111900054,O,2025-12-06T09:19:23,Caen
3703,831203427,AUTOS MOINS CHERES,5710,4511Z,ETI,83120342700024,O,2026-06-03T11:05:15,Caen
3704,834221061,GALILEO ENERGIES NOUVELLES,5710,7112B,PME,83422106100080,O,2026-01-22T09:00:22,Caen
3705,834742447,LOCAKASE NORMANDIE,5710,5210B,PME,83474244700065,O,2025-12-06T05:12:04,Caen
3706,837756063,MDB,5710,4332A,ETI,83775606300058,O,2025-12-06T05:23:48,Caen
3707,841865108,AMBITION THD,5499,4321A,PME,84186510800028,O,2025-12-06T05:37:49,Caen
3708,849278791,ECO NEGOCE,5710,4690Z,ETI,84927879100017,O,2025-12-06T05:20:11,Caen
3709,437927163,LA DOMANIALE,5710,5520Z,ETI,43792716300083,O,2025-12-06T06:56:47,Nancy
3710,352031843,L'ECLAIRAGE TECHNIQUE ECLATEC SA,5710,2740Z,ETI,35203184300035,O,2025-12-06T05:43:36,Nancy
3711,390792596,CLID INDUSTRIE,5710,4669B,PME,39079259600087,O,2026-07-28T10:31:42,Nancy
3712,501423107,QUALITY IN FINE,5499,4520A,PME,50142310700058,O,2025-12-06T06:52:58,Nancy
3713,501801450,ORTHO SERV',5710,4774Z,PME,50180145000039,O,2025-12-06T06:19:12,Nancy
3714,327657631,HOWDEN SOLYVENT-VENTEC,5710,2825Z,ETI,32765763100161,O,2025-12-06T05:25:12,Nancy
3715,338898869,"ECONOCOM APPS, CLOUD & DATA",5710,6201Z,ETI,33889886900486,O,2026-03-31T13:12:28,Nancy
3716,329109227,TOPSOLID,5710,5829C,ETI,32910922700036,O,2025-12-06T06:55:36,Nancy
3717,383069549,SUPERGROUP,5710,8211Z,ETI,38306954900210,O,2025-12-06T07:10:18,Nancy
3718,432675163,KALIDEA,5710,7990Z,ETI,43267516300187,O,2025-12-06T06:41:33,Nancy
3719,514412360,MPQ ELECTRONIQUE,5499,7120B,PME,51441236000083,O,2025-12-06T05:39:55,Poitiers
3720,514797109,METAL-FER RECYCLAGE,5710,3832Z,PME,51479710900014,O,2025-12-06T07:50:53,Poitiers
3721,525394573,DEASTANCE SERVICES,5710,8211Z,PME,52539457300055,O,2025-12-06T10:50:18,Poitiers
3722,528584980,TECHNIQUE SOLAIRE INVEST 13,5499,3511Z,ETI,52858498000049,O,2025-12-06T06:22:08,Poitiers
3723,528597800,TECHNIQUE SOLAIRE INVEST 18,5499,3511Z,PME,52859780000077,O,2025-12-06T08:08:53,Poitiers
3724,493027643,VILLADIM FONCIERE ET GESTION,5499,4110A,ETI,49302764300029,O,2025-12-06T08:21:58,Poitiers
3725,490151420,ADENT INGENIERIE,5710,7112B,PME,49015142000034,O,2025-12-06T05:51:59,Poitiers
3726,490281334,LMP DUTHOIT,5499,6820A,PME,49028133400055,O,2025-12-06T06:28:23,Poitiers
3727,490945151,LES COMPAGNONS DU LOIRET,5499,4321A,PME,49094515100127,O,2025-12-06T05:14:59,Poitiers
3728,753503002,ALIZE SANTE,5710,7729Z,ETI,75350300200010,O,2025-12-06T05:43:37,Poitiers
3729,539082206,DAJA 148,5710,7112B,PME,53908220600050,O,2025-12-06T07:50:54,Poitiers
3730,539468025,SCP DENIZEAU GABORIT,6585,6910Z,PME,53946802500074,O,2025-12-06T07:47:57,Poitiers
3731,890296510,BEFI CONSEILS,5499,6619B,PME,89029651000013,O,2026-05-18T16:21:33,Annecy
3732,887913564,DOMINO MISSIONS NORD ALPES,5710,7820Z,ETI,88791356400019,O,2025-12-06T06:44:09,Annecy
3733,893922864,ALPES SUSHI,5710,5610C,PME,89392286400077,O,2026-05-25T13:13:32,Annecy
3734,803987767,CLB 74,5710,5610C,PME,80398776700032,O,2025-12-06T10:47:59,Annecy
3735,840394225,SARL JFL 4,5499,6820A,PME,84039422500014,O,2025-12-06T11:05:07,Annecy
3736,318167137,SOLOMAT LOCATION,5710,4399E,ETI,31816713700054,O,2026-06-23T13:00:35,Paris
3737,497607283,ARTEMISIA GESTION,5710,5590Z,PME,49760728300122,O,2026-05-29T11:31:37,Paris
3738,308148691,CAPELLE,5710,5229B,ETI,30814869100246,O,2025-12-06T07:38:36,Paris
3739,338329469,OTEIS,5710,7112B,ETI,33832946900419,O,2026-05-07T13:07:58,Paris
3740,382931418,BURBAN PALETTES RECYCLAGE,5710,1624Z,ETI,38293141800034,O,2026-01-30T13:31:47,Paris
3741,422193755,AFEC,5710,8559A,PME,42219375500028,O,2026-06-19T12:32:55,Paris
3742,352975056,COSMOPARIS,5710,4772A,PME,35297505600586,O,2025-12-06T06:28:01,Paris
3743,339899940,IKKS GROUP,5710,6820B,ETI,33989994000458,O,2026-02-23T13:10:21,Paris
3744,334502655,LES BOUTIQUES LONGCHAMP,5710,4772B,ETI,33450265500023,O,2026-03-18T09:01:12,Paris
3745,389473703,MAXICOFFEE SOLUTIONS NORD,5710,4799B,ETI,38947370300368,O,2025-12-06T06:37:00,Paris
3746,534704770,SSP PARIS,5710,5610C,ETI,53470477000054,O,2026-04-13T12:32:29,Paris
3747,525089371,PROPOLYS,5710,3811Z,ETI,52508937100013,O,2025-12-06T06:16:18,Lyon
3748,522733716,SERL ENERGIES,5710,7112B,PME,52273371600016,O,2026-03-30T15:36:41,Lyon
3749,900617549,DANH-NGHIEP,5710,5610C,PME,90061754900010,O,2026-02-24T13:00:25,Lyon
3750,837664515,OH!ACTIV',5710,5510Z,ETI,83766451500207,O,2025-12-06T07:38:45,Lyon
3751,921305686,SILVERSUN DGS 1,5710,3511Z,PME,92130568600211,O,2025-12-06T10:48:53,Lyon
3752,324021542,AUDIT FINAN INFOR GEST EXPERT,5499,6920Z,ETI,32402154200117,O,2026-08-06T13:15:10.242,Lyon
3753,893106245,E-LAIN,5710,4511Z,ETI,89310624500010,O,2025-12-16T13:01:36,Lyon
3754,952527299,SOLEIL DU SUD DEVELOPPEMENT 2,5710,3511Z,PME,95252729900012,O,2025-12-06T05:35:04,Marseille
3755,399528751,S.E.C.,5710,4665Z,ETI,39952875100049,O,2025-12-06T05:25:38,Marseille
3756,515363000,NOVETUDE SANTE PRO I,5710,8542Z,ETI,51536300000123,O,2026-07-13T17:30:41,Marseille
3757,337519532,CARROSSERIE INDUSTRIELLE CAMIONS,5710,2920Z,ETI,33751953200093,O,2025-12-06T05:16:17,Marseille
3758,353400963,HYD&AU FLUID,5710,3312Z,ETI,35340096300222,O,2025-12-06T06:34:07,Toulouse
3759,482247202,AMI BOIS,5710,4120A,PME,48224720200203,O,2025-12-06T06:24:41,Toulouse
3760,525241535,TULIPE,5710,3511Z,PME,52524153500281,O,2025-12-06T07:46:11,Toulouse
3761,489811109,NEXTROAD ENGINEERING,5710,7112B,PME,48981110900268,O,2026-02-05T12:00:51,Toulouse
3762,900878398,AV SOLAIRE 1,5710,3511Z,PME,90087839800198,O,2026-01-05T16:00:28,Toulouse
3763,792841793,CLOS DES GRANDS VINS,5710,4799A,PME,79284179300013,O,2025-12-06T08:16:27,Toulouse
3764,799233267,JAFF,5499,4631Z,PME,79923326700019,O,2026-05-28T13:17:52,Toulouse
3765,492475066,LOUPIDOR SAS,5710,4777Z,PME,49247506600238,O,2025-12-06T07:50:53,Lille
3766,821989142,FORMAFON,5710,8559B,PME,82198914200020,O,2025-12-06T10:49:22,Lille
3767,822532529,ODEALIM,5710,6622Z,ETI,82253252900143,O,2026-07-31T14:33:11,Lille
3768,907838445,N SOL,5710,3511Z,PME,90783844500019,O,2025-12-06T05:12:35,Lille
3769,500440185,RENFORTEC,5710,4399D,ETI,50044018500220,O,2026-08-19T12:34:07.694,Lille
3770,419042544,APOK,5710,2550B,ETI,41904254400025,O,2026-08-06T09:09:29.724,Lille
3771,950283374,CAFFET ET COMPAGNIE,5710,1071D,PME,95028337400037,O,2026-08-03T20:11:57.455,Lille
3772,891838419,LPE RETAIL,5710,4771Z,PME,89183841900010,O,2026-07-29T20:47:13,Lille
3773,809995707,TECHNIQUE SOLAIRE INVEST 5F,5499,3511Z,ETI,80999570700167,O,2025-12-06T06:15:35,Bordeaux
3774,592047542,TMF OPERATING,5710,5229B,ETI,59204754200630,O,2026-07-07T05:11:54,Bordeaux
3775,655780559,VICAT MATERIAUX FORMULES,5710,2364Z,ETI,65578055900143,O,2026-08-06T09:09:28.113,Nantes
3776,312705478,IFRAC,5710,8553Z,PME,31270547800138,O,2025-12-06T08:12:25,Nantes
3777,310310958,SOCIETE ETUDES TRANSFORMATION STOCKAGE,5710,1413Z,PME,31031095800189,O,2025-12-06T07:38:36,Nantes
3778,333784262,E.S.I. FRANCE,5710,4651Z,ETI,33378426200037,O,2025-12-06T05:15:33,Nantes
3779,382329035,HERPORT SA,5710,5229B,ETI,38232903500317,O,2026-07-08T10:18:51,Nantes
3780,384407896,KARDHAM,5710,7112B,ETI,38440789600255,O,2026-01-08T13:01:40,Strasbourg
3781,510929201,11TEAMSPORTS FRANCE,5710,4764Z,PME,51092920100059,O,2025-12-06T10:55:37,Strasbourg
3782,749851770,SCS,5710,7112B,PME,74985177000091,O,2025-12-06T05:43:30,Strasbourg
3783,535257067,4 CAD ERP,5710,6202A,ETI,53525706700061,O,2026-06-23T13:16:25,Strasbourg
3784,538663683,METSYS,5710,6202A,ETI,53866368300091,O,2025-12-06T05:15:35,Strasbourg
3785,792326043,WTC,5499,4729Z,PME,79232604300108,O,2025-12-06T11:00:20,Strasbourg
3786,708503719,BCB BUSINESS COIFFURE BEAUTE,5710,4645Z,PME,70850371900153,O,2025-12-06T05:25:31,Strasbourg
3787,709200125,TEXIER SA,5599,1512Z,PME,70920012500017,O,2025-12-06T05:22:43,Strasbourg
3788,728501230,FEHR BETON,5710,2363Z,ETI,72850123000037,O,2026-06-29T16:01:54,Strasbourg
3789,542067863,PANAVISION ALGA TECHNO,5499,5912Z,PME,54206786300044,O,2025-12-06T05:43:37,Strasbourg
3790,390147783,D.L. DEVELOPPEMENT,5710,7022Z,PME,39014778300117,O,2026-05-13T13:07:47,Strasbourg
3791,572082527,LP ART,5710,5229B,ETI,57208252700217,O,2026-04-23T12:30:45,Strasbourg
3792,531802981,LA CHAMBRE,5710,4729Z,PME,53180298100112,O,2025-12-06T06:25:59,Strasbourg
3793,502192149,T&S TECHNOLOGY &STRATEGY ENGINEERING,5710,7112B,ETI,50219214900065,O,2026-04-08T11:32:40,Strasbourg
3794,513314401,AGENCE NOVA FORMATION,5710,8559A,ETI,51331440100144,O,2025-12-06T05:22:14,Strasbourg
3795,952240810,KLAM,5710,8299Z,PME,95224081000012,O,2026-03-23T18:32:26,Strasbourg
3796,807393723,PRET A PARTIR LESAGE,5710,7911Z,ETI,80739372300018,O,2025-12-06T05:15:46,Strasbourg
3797,434792974,KOESIO DATA SOLUTIONS,5710,5829C,ETI,43479297400041,O,2026-07-16T15:36:07,Montpellier
3798,534539416,COMPTOIR IMMOBILIER DE FRANCE,5710,6831Z,PME,53453941600097,O,2025-12-06T06:09:30,Montpellier
3799,420720567,COMPETENCES COMMERCE ET INTERNATIONAL,5710,8559A,ETI,42072056700304,O,2026-04-27T17:16:38,Montpellier
3800,422826255,GROUPE VEGA,5710,2364Z,PME,42282625500016,O,2026-05-21T14:51:21,Montpellier
3801,493310163,LE HANGAR,5499,4719B,PME,49331016300016,O,2025-12-06T08:40:20,Montpellier
3802,450872395,MSE LA CRETE TARLARE,5710,7112B,ETI,45087239500162,O,2026-07-20T11:30:27,Montpellier
3803,899158794,LA BELLE BOUCLE STUDIO,5710,4775Z,PME,89915879400011,O,2026-03-09T13:09:29,Montpellier
3804,523211043,HEXAGONE ENERGIE HTB,5710,3511Z,ETI,52321104300154,O,2026-05-06T11:33:03,Montpellier
3805,853098754,AUGIZEAU TRANSPORTS EXCEPTIONNELS,5710,4941A,ETI,85309875400015,O,2025-12-06T07:57:38,Montpellier
3806,905141842,SFG SERVICES,5710,9522Z,ETI,90514184200013,O,2026-04-02T13:15:00,Montpellier
3807,408903748,ANTILLES MATH,5499,8559B,PME,40890374800270,O,2025-12-06T11:15:29,Rennes
3808,344401575,FUTURA FINANCES,5710,4690Z,ETI,34440157500495,O,2026-03-27T13:29:51,Rennes
3809,328007497,SCARABEE,5660,4711D,PME,32800749700055,O,2025-12-06T05:16:06,Rennes
3810,421317850,MAD OUEST,5710,7729Z,ETI,42131785000012,O,2025-12-06T06:55:00,Rennes
3811,423712934,ABER-PROPRETE SAPHIR,5710,8121Z,ETI,42371293400151,O,2025-12-06T05:25:13,Rennes
3812,410646194,MAILLAJ,5710,4669B,ETI,41064619400176,O,2025-12-08T13:13:46,Rennes
3813,417674033,EBS LE RELAIS BRETAGNE,5560,4677Z,PME,41767403300069,O,2026-01-14T13:12:06,Rennes
3814,349157230,FONCIERE LELIEVRE,5710,6832A,PME,34915723000062,O,2026-02-13T10:00:49,Rennes
3815,342085578,V CONSEIL APPLICATIONS,5599,7311Z,PME,34208557800397,O,2025-12-06T05:38:19,Rennes
3816,378563936,OCI OUEST,5710,4651Z,ETI,37856393600137,O,2026-06-03T14:30:42,Rennes
3817,753076256,DEPANNAGE GALIVEL,5499,4520A,PME,75307625600050,O,2026-06-29T13:09:33,Rennes
3818,752344721,CAP SOLAR 81,5499,3511Z,PME,75234472100309,O,2026-02-12T10:01:55,Rennes
3819,792704496,SERAEN,5710,6621Z,ETI,79270449600068,O,2026-05-28T16:56:37,Rennes
3820,804257905,LA CHOCOLATERIE,5710,1082Z,PME,80425790500013,O,2026-03-26T12:01:04,Rennes
3821,881248165,ELTO FRANCE,5710,7112B,ETI,88124816500121,O,2026-05-28T17:30:41,Grenoble
3822,919251777,EH2SPV22,5710,3511Z,PME,91925177700018,O,2025-12-06T06:28:10,Grenoble
3823,998893002,PERRAUD,5710,4939A,ETI,99889300200118,O,2025-12-06T05:43:29,Grenoble
3824,085980357,PFEIFFER VACUUM,5710,2813Z,ETI,08598035700058,O,2026-08-06T09:09:26.545,Grenoble
3825,409195401,MEKONG EVASION,5710,7911Z,ETI,40919540100016,O,2026-08-04T13:13:48.298,Grenoble
3826,889298964,TBLM DEV,5710,5610C,PME,88929896400038,O,2025-12-30T16:16:34,Grenoble
3827,062500566,MODLOC MBTP,5710,7732Z,PME,06250056600161,O,2025-12-06T10:53:55,Grenoble
3828,065502395,BETREC IG,5710,7112B,PME,06550239500158,O,2026-03-13T12:16:46,Grenoble
3829,068501246,SOCIETE TRANS ALPES,5710,7711A,ETI,06850124600026,O,2026-07-28T11:36:52,Grenoble
3830,895065795,GM RAPIDE,5710,4520A,ETI,89506579500018,O,2025-12-06T05:10:51,Grenoble
3831,478721715,SUN WATER FRANCE,5499,4673B,PME,47872171500066,O,2025-12-06T06:56:47,Grenoble
3832,453606675,AVISTO,5710,6202A,ETI,45360667500123,O,2025-12-06T07:05:11,Grenoble
3833,920664190,BATINEO INGENIERIE,5710,4120A,ETI,92066419000013,O,2026-07-23T10:00:35,Rouen
3834,814813945,VALMY,5710,4778A,PME,81481394500015,O,2025-12-06T08:21:10,Rouen
3835,843562216,L'IMMOBILIERE NORMANDE 27,5710,6831Z,PME,84356221600013,O,2026-06-30T13:16:38,Rouen
3836,491858593,CYCLOCITY,5710,7721Z,ETI,49185859300016,O,2026-08-24T11:58:21.119,Rouen
3837,429726763,LANEF PRO,5710,4669C,PME,42972676300130,O,2026-08-21T10:00:33.174,Rouen
3838,349367557,DOMIA GROUP,5710,7010Z,ETI,34936755700080,O,2026-08-05T10:32:27.457,Rouen
3839,311087175,NACARAT,5710,4110A,ETI,31108717500304,O,2026-01-15T18:31:37,Rouen
3840,325750347,LHOTELLIER,5710,7010Z,ETI,32575034700073,O,2025-12-06T05:25:04,Rouen
3841,322452434,STE D'ETUDES D'AMENAGEMENT ET D'EXPLOITATION D'INSTALLATION PORTUAIRE ET TOURISTIQUE,5710,9329Z,PME,32245243400135,O,2025-12-06T10:00:43,Rouen
3842,300643830,BUDD SA,5599,5222Z,PME,30064383000049,O,2025-12-06T05:40:24,Rouen
3843,339877730,SOCIETE AUXILIAIRE TRAVAIL TEMPORAIRE,5710,7820Z,ETI,33987773000186,O,2025-12-06T05:14:57,Dijon
3844,392577755,LYOMAT SA,5710,4663Z,ETI,39257775500144,O,2025-12-06T06:15:07,Dijon
3845,388025421,ACTIONS LOISIRS,5710,9329Z,PME,38802542100115,O,2025-12-06T06:25:33,Dijon
3846,350851598,IMMOBILIERE GAY,5499,6831Z,PME,35085159800028,O,2026-01-30T10:00:47,Dijon
3847,423781459,AVENIA,5710,6920Z,PME,42378145900080,O,2026-01-29T13:13:02,Dijon
3848,313149973,HABITAT ET TERRITOIRES CONSEILS,5710,7112B,ETI,31314997300015,O,2026-06-23T12:32:30,Dijon
3849,793120809,SW,5499,5610A,PME,79312080900017,O,2026-06-30T11:53:06,Dijon
3850,418241147,E.G.C. GALOPIN,5710,4399A,PME,41824114700036,O,2025-12-06T05:41:45,Angers
3851,428841472,E MAGINEURS,5710,5911A,ETI,42884147200064,O,2025-12-06T08:29:16,Angers
3852,414588905,L'ESTIVE,5499,4781Z,ETI,41458890500045,O,2025-12-06T06:45:27,Angers
3853,414709980,ALAIN ROUSSEAU IMMOBILIER,5710,6831Z,PME,41470998000018,O,2025-12-06T07:54:13,Angers
3854,414834440,GIE PASQUIER,6220,4636Z,ETI,41483444000011,O,2026-02-02T16:40:17,Angers
3855,479770562,XI,5499,4643Z,PME,47977056200011,O,2025-12-06T05:55:42,Angers
3856,453472441,AXX LOCATIONS,5710,7732Z,PME,45347244100030,O,2025-12-06T05:16:51,Angers
3857,475450185,SECURITE PREVENTION GRAND OUEST,5710,8010Z,PME,47545018500412,O,2025-12-06T05:15:22,Angers
3858,481442762,SUBTERRA,5710,4221Z,PME,48144276200037,O,2025-12-06T05:17:13,Angers
3859,789622677,INTERACTION THEDRA,5710,7820Z,ETI,78962267700092,O,2025-12-06T05:25:31,Angers
3860,804895811,CABINET TREHARD,5499,6832A,PME,80489581100011,O,2025-12-06T06:05:58,Angers
3861,803933472,PCM EUROPE,5710,4669B,ETI,80393347200018,O,2025-12-06T08:05:57,Angers
3862,512328535,LA FINANCIERE D'ORION,5710,6832B,ETI,51232853500038,O,2025-12-06T07:24:58,Angers
3863,503855470,LE MOULIN IDEAL,5499,5520Z,PME,50385547000038,O,2025-12-06T05:19:50,Angers
3864,502415136,ALFA BL,5499,7820Z,PME,50241513600048,O,2026-01-28T11:00:40,Nimes
3865,510448467,TENSODI,5499,3511Z,PME,51044846700041,O,2026-07-03T11:57:09,Nimes
3866,503644031,ELYS,5710,7112B,PME,50364403100034,O,2025-12-06T06:01:18,Nimes
3867,498662071,SELARL DE SAINT-RAPT & BERTHOLET,5485,6910Z,PME,49866207100030,O,2025-12-06T05:37:56,Nimes
3868,497890848,BRUC FRERES LA FOUGASSETTE,5499,1071C,PME,49789084800029,O,2026-06-10T19:24:37,Nimes
3869,508778057,ENERGIES AXIOME,5202,3511Z,PME,50877805700028,O,2025-12-06T10:21:27,Nimes
3870,494550965,WORK 2000 SERVICES,5710,7820Z,ETI,49455096500193,O,2025-12-06T08:38:32,Nimes
3871,519833594,ETIENNE LACROIX LOGISTICS,5710,4941A,ETI,51983359400012,O,2025-12-06T05:16:19,Nimes
3872,514717545,ORIAD MEDITERRANEE,5710,3811Z,ETI,51471754500040,O,2025-12-06T05:15:56,Nimes
3873,528843790,MK SOLAIRE SARL,5499,3511Z,PME,52884379000064,O,2025-12-06T06:27:47,Nimes
3874,521212175,SOMLIMAT,5499,4759A,PME,52121217500017,O,2025-12-06T07:57:45,Nimes
3875,490957628,I.M.C.TELECOM,5710,4321A,PME,49095762800202,O,2025-12-06T08:08:46,Nimes
3876,752101113,CORMIER REISS & ASSOCIES,5499,6910Z,PME,75210111300021,O,2025-12-06T06:38:31,Nimes
3877,701621583,SOCIETE DE QUINCAILLERIE MARTEL,5710,4674A,PME,70162158300023,O,2025-12-06T07:48:36,Nimes
3878,804618049,MGC RESTAURATION,5710,5629A,PME,80461804900055,O,2025-12-06T05:40:34,Clermont-Ferrand
3879,392089934,OSSABOIS,5599,1623Z,ETI,39208993400138,O,2026-07-09T17:00:28,Clermont-Ferrand
3880,492249065,DH RENOV,5710,4759B,PME,49224906500045,O,2026-05-21T13:10:29,Clermont-Ferrand
3881,518205976,PRAXY CENTRE,5710,3832Z,ETI,51820597600021,O,2026-03-25T13:13:21,Clermont-Ferrand
3882,523735579,PIERRE GUILLAUME DIFFUSION,5499,4645Z,PME,52373557900014,O,2025-12-06T07:44:18,Clermont-Ferrand
3883,528711641,PABLOSO,5710,4729Z,ETI,52871164100050,O,2026-02-19T17:56:09,Clermont-Ferrand
3884,521821231,BSLE TRANSACTIONS,5499,6831Z,PME,52182123100102,O,2025-12-06T10:29:50,Clermont-Ferrand
3885,489866756,INTER-CONSTRUCTION 03,5710,4120A,PME,48986675600062,O,2025-12-06T05:59:21,Clermont-Ferrand
3886,489993360,H. AUDIT,5710,6920Z,PME,48999336000069,O,2026-03-02T16:01:26,Clermont-Ferrand
3887,751034828,APSARA,5710,4726Z,PME,75103482800010,O,2026-03-25T13:16:11,Clermont-Ferrand
3888,483206181,SARL CATRUCKS,5499,7120A,PME,48320618100016,O,2025-12-06T09:42:55,Clermont-Ferrand
3889,894657063,ANR,5710,5610C,PME,89465706300026,O,2026-03-30T12:47:01,Clermont-Ferrand
3890,848129078,ELECTRE,5499,9311Z,ETI,84812907800012,O,2025-12-06T06:22:34,Clermont-Ferrand
3891,341341121,LOCAPAL SAS,5710,7732Z,PME,34134112100042,O,2025-12-06T05:20:09,Tours
3892,387943764,ASSYSTEM SERVICES,5710,6420Z,ETI,38794376400135,O,2026-07-07T05:15:01,Tours
3893,409934973,SELARL IMAGERIE MEDICALE LIGERIENNE,5485,8621Z,PME,40993497300010,O,2025-12-06T10:47:58,Tours
3894,403583479,EVOLUCARE TECHNOLOGIES MEDICAL SOLUTIONS,5499,6203Z,ETI,40358347900031,O,2026-01-27T15:15:51,Tours
3895,528298342,CITTANOVA,5710,7111Z,PME,52829834200080,O,2025-12-24T13:11:41,Tours
3896,348884719,AMPLITUDE AUTOMOBILES,5710,4511Z,ETI,34888471900025,O,2026-03-03T10:31:26,Tours
3897,338335201,ENERGIE ET SERVICE,5710,7112B,PME,33833520100087,O,2025-12-06T05:37:47,Tours
3898,347621831,ASSYSTEM PROJECT MANAGEMENT,5710,7112B,ETI,34762183100069,O,2025-12-10T13:31:30,Tours
3899,383419363,CABINET ERBRECH MULLER,5499,6920Z,PME,38341936300064,O,2025-12-06T05:40:40,Metz
3900,394507115,GBI CONSEILS,5710,6831Z,PME,39450711500282,O,2026-06-11T15:28:06,Metz
3901,394889398,OTHUA,5710,3320C,PME,39488939800027,O,2025-12-06T05:43:36,Metz
3902,400309068,NEW STYLE,5499,4771Z,PME,40030906800080,O,2025-12-06T10:50:32,Metz
3903,450545850,FAIENCERIE ET EMAUX DE LONGWY,5499,2341Z,PME,45054585000015,O,2025-12-06T10:55:07,Metz
3904,423410240,MILLAUTO,5499,4511Z,ETI,42341024000091,O,2025-12-06T05:16:40,Metz
3905,423920677,AUDIO VIDEO INTEGRATION,5710,4666Z,PME,42392067700055,O,2026-01-06T14:01:19,Metz
3906,327152716,LORCUIR,5499,4772B,PME,32715271600046,O,2025-12-06T10:42:56,Metz
3907,328253992,SOCIETE DES PRODUITS DE LA NATURE,5710,4711D,PME,32825399200064,O,2025-12-06T09:15:45,Metz
3908,429574395,GROUPE PIZZORNO ENVIRONNEMENT,5599,3811Z,ETI,42957439500027,O,2025-12-06T11:15:36,Metz
3909,431505858,FRUITIERE DE MONTMAHOUX,5499,1051C,PME,43150585800016,O,2025-12-06T05:43:37,Besancon
3910,440234540,SOCIETE DE GESTION DE L'ECHAPPEE,5710,9312Z,PME,44023454000050,O,2025-12-06T05:44:05,Besancon
3911,421414418,ACROTIR,5710,4399D,PME,42141441800028,O,2025-12-06T06:17:51,Besancon
3912,424835007,SARL HUOT,5710,4661Z,PME,42483500700016,O,2025-12-06T09:58:05,Besancon
3913,418943940,POMPES FUNEBRES - FUNERARIUMS - JACQUOT & KAULEK,5710,9603Z,PME,41894394000027,O,2026-07-16T10:27:30,Besancon
3914,410361455,PETROGEST,5710,3320B,PME,41036145500067,O,2025-12-06T05:14:46,Besancon
3915,410600332,PUREMENT CHOCOLAT,5499,1071D,PME,41060033200028,O,2025-12-06T05:38:56,Besancon
3916,410613202,PROMAG,5499,4649Z,PME,41061320200051,O,2025-12-06T11:32:17,Besancon
3917,413087511,COMPETENCE GEOTECHNIQUE,5710,7112B,PME,41308751100155,O,2025-12-06T05:15:10,Besancon
3918,413510009,FORCES MOTRICES DE FAREBOUT,5710,3511Z,PME,41351000900082,O,2025-12-06T08:00:52,Besancon
3919,343229753,KH-SK FRANCE SAS,5710,2512Z,ETI,34322975300037,O,2025-12-06T05:14:08,Besancon
3920,378725980,G.D.,5499,4942Z,PME,37872598000023,O,2025-12-06T05:25:38,Besancon
3921,562065276,NCR FRANCE,5202,9511Z,ETI,56206527601435,O,2025-12-06T05:18:42,Orleans
3922,497616383,PARTNAIRE NOUVELLE AQUITAINE NORD,5710,7820Z,ETI,49761638300061,O,2025-12-06T05:14:47,Orleans
3923,480090976,PARTNAIRE 45,5710,7820Z,ETI,48009097600097,O,2025-12-06T10:55:30,Orleans
3924,422514539,CONCEPT-TY PROMOTION,5710,6810Z,PME,42251453900069,O,2026-05-29T13:10:52,Orleans
3925,400767786,CLOUD FACTORY BUSINESS SERVICES,5710,6311Z,ETI,40076778600314,O,2025-12-06T06:32:36,Orleans
3926,400891586,CEGEDIM ACTIV,5710,5829C,ETI,40089158600127,O,2025-12-06T06:34:07,Orleans
3927,394358071,JLC 45 CONFORT DE LA MAISON,5710,4120A,PME,39435807100022,O,2025-12-06T06:21:29,Orleans
3928,409040060,CG ENVIRONNEMENT-LANTANA SAS,5710,8130Z,PME,40904006000017,O,2025-12-06T05:38:03,Orleans
3929,404954331,JAP DISTRIBUTION,5710,4531Z,ETI,40495433100108,O,2025-12-06T10:38:33,Orleans
3930,382582856,PARTNAIRE 41,5710,7820Z,ETI,38258285600144,O,2025-12-06T05:24:21,Orleans
3931,429765696,SPEED GOOD,5499,5630Z,PME,42976569600068,O,2025-12-06T07:26:20,Orleans
3932,343567236,LAVOX-BLN,5710,9601A,PME,34356723600033,O,2025-12-06T05:23:45,Orleans
3933,348848912,CHEP FRANCE,5599,7739Z,ETI,34884891200146,O,2025-12-06T06:39:27,Orleans
3934,352914675,SOCIETE DE MAISONS CONSTRUCTIONS PERSONNALISEES ET RENOVATION,5710,4120A,PME,35291467500082,O,2025-12-06T05:24:38,Orleans
3935,378932354,GL EVENTS LIVE,5599,8230Z,ETI,37893235400442,O,2026-06-15T11:18:05,Orleans
3936,324490077,ATAC PIECES AUTO SAS,5710,4531Z,PME,32449007700074,O,2025-12-06T10:41:49,Orleans
3937,428133227,HAMELIN DECOR,5710,4673B,PME,42813322700119,O,2025-12-06T05:25:21,Orleans
3938,334067980,SETIM SERVICES,5710,7820Z,PME,33406798000030,O,2025-12-06T05:40:10,Mulhouse
3939,333337756,BOULANGERIE PATISSERIE A. WIOLAND,5710,1071C,PME,33333775600014,O,2025-12-06T05:22:03,Mulhouse
3940,339262339,LES AMBULANCES DE COLMAR,5710,8690A,PME,33926233900098,O,2025-12-06T08:00:31,Mulhouse
3941,440140309,TRONOX FRANCE SAS,5710,2012Z,ETI,44014030900012,O,2025-12-06T05:25:30,Mulhouse
3942,381033380,BUREAUTIQUE RHENANE,5710,3312Z,ETI,38103338000076,O,2025-12-06T06:18:15,Mulhouse
3943,501655369,HYDRO JACQUET ALSACE,5710,3511Z,PME,50165536900079,O,2025-12-06T10:10:18,Mulhouse
3944,980384176,JFA,5710,4711B,PME,98038417600015,O,2025-12-06T06:18:34,Mulhouse
3945,844932285,VISITE AND CO,5499,6831Z,PME,84493228500019,O,2025-12-06T06:27:55,Caen
3946,822868410,GSG TRANSPORT EXPRESS,5499,4941A,PME,82286841000025,O,2025-12-06T06:01:18,Caen
3947,824596464,IRIS EXPERTISE,5710,6621Z,PME,82459646400019,O,2025-12-06T05:22:34,Caen
3948,827641184,PLAYGROUND,5710,9319Z,PME,82764118400029,O,2026-05-12T13:17:39,Caen
3949,653820175,CELFY,5710,4322B,PME,65382017500095,O,2026-06-08T11:56:55,Caen
3950,914102447,BE GREEN SOLAR,5710,4652Z,PME,91410244700069,O,2025-12-06T06:05:52,Caen
3951,511218604,MIBEL,5710,4751Z,PME,51121860400052,O,2026-08-14T14:00:25.053,Caen
3952,529625592,GROUPE LGA,5710,4532Z,PME,52962559200090,O,2026-08-11T13:08:26.708,Caen
3953,882702442,MAB EXPERIENCE,5710,9329Z,PME,88270244200048,O,2025-12-06T10:53:06,Caen
3954,301293379,COMMERCIAL IMPORTATION ET DISTRIBUTION,5710,4673A,PME,30129337900097,O,2025-12-06T05:43:28,Caen
3955,821483351,TALENZ AUDIT,5710,6920Z,PME,82148335100010,O,2025-12-06T06:03:38,Caen
3956,511617029,OKARE INGENIERIE,5710,7112B,PME,51161702900034,O,2025-12-06T05:43:37,Caen
3957,411262439,B'COIF,5499,9602A,PME,41126243900119,O,2025-12-06T06:19:20,Nancy
3958,349376947,SODEL,5710,4321A,PME,34937694700082,O,2025-12-06T06:03:36,Nancy
3959,378306674,SOCIETE AUXILIAIRE DE PARCS,5599,5221Z,ETI,37830667400177,O,2025-12-06T05:25:30,Nancy
3960,324370980,TUV RHEINLAND FRANCE,5710,7120B,ETI,32437098000124,O,2025-12-06T08:47:34,Nancy
3961,384077657,K.S. SERVICES,5710,7830Z,ETI,38407765700011,O,2026-01-19T13:01:16,Nancy
3962,392807855,SOLS,5710,7010Z,ETI,39280785500169,O,2025-12-06T05:25:30,Nancy
3963,790621270,IRPC,5499,6420Z,PME,79062127000012,O,2025-12-06T05:22:14,Nancy
3964,802782722,PREMIMMO,5710,6619B,ETI,80278272200218,O,2026-07-27T12:00:36,Nancy
3965,702027897,DAUM,5599,2313Z,PME,70202789700330,O,2025-12-06T05:25:39,Nancy
3966,732980479,TRANSPORTS CHALAVAN ET DUC,5710,4941A,ETI,73298047900032,O,2025-12-06T05:14:09,Nancy
3967,451040828,ACTEJURIS,5485,6910Z,PME,45104082800043,O,2025-12-06T06:01:17,Poitiers
3968,847931318,OMINI,5710,7120B,PME,84793131800053,O,2026-07-13T20:30:33,Poitiers
3969,848810875,"H.86,1",5710,3511Z,PME,84881087500015,O,2025-12-06T10:58:37,Poitiers
3970,900282831,NOTACCORDS,5485,6910Z,PME,90028283100016,O,2025-12-06T06:06:06,Poitiers
3971,801000407,FLASH PRESS NET,5499,9601B,PME,80100040700057,O,2026-02-05T13:21:45,Poitiers
3972,802680272,HIGHTECH DENTAIRE ORLEANAIS,5710,4646Z,PME,80268027200027,O,2025-12-06T05:20:11,Poitiers
3973,794990168,URBAN'EXT,5499,3109B,PME,79499016800013,O,2026-01-20T13:20:27,Poitiers
3974,788634509,BEL CONFORT,5499,4759A,PME,78863450900186,O,2025-12-06T06:29:31,Poitiers
3975,799632393,AVELIA AVOCATS,5499,6910Z,PME,79963239300010,O,2026-06-30T20:00:25,Poitiers
3976,478582620,ABYSS EXPERTISE,5710,7120B,PME,47858262000082,O,2025-12-06T06:58:33,Annecy
3977,453188211,FLAM,5710,4764Z,ETI,45318821100040,O,2026-04-06T13:15:07,Annecy
3978,484140900,SOVITRAT 09,5710,7820Z,ETI,48414090000016,O,2025-12-06T10:05:03,Annecy
3979,502235799,MOVE YOUR FIT,5710,9319Z,PME,50223579900058,O,2026-02-26T13:09:39,Annecy
3980,503106114,AFFAIRE DE GOUT,5499,4759B,PME,50310611400021,O,2026-06-18T13:13:00,Annecy
3981,503322315,HOPLA,5710,5610C,PME,50332231500030,O,2026-06-10T11:01:08,Annecy
3982,504054420,STC,5710,4941B,PME,50405442000105,O,2026-07-21T11:37:00,Annecy
3983,479162117,SOCIETE GENERALE D'ETUDES ET DE REALISATIONS IMMOBILIERES,5710,4110A,PME,47916211700051,O,2025-12-06T05:40:10,Annecy
3984,492400346,AUREL EYE OPTIC,5499,4778A,PME,49240034600077,O,2025-12-06T08:20:05,Annecy
3985,508606647,LES FLAMMES FRANCAISES,5710,4322B,PME,50860664700016,O,2025-12-06T05:21:36,Annecy
3986,508908647,WINEOO,5710,4619B,PME,50890864700078,O,2025-12-06T05:39:41,Annecy
3987,509306627,ANASTA,5485,6910Z,PME,50930662700043,O,2026-05-28T13:00:33,Annecy
3988,491125092,WORK 2000 INDUSTRIE,5710,7820Z,ETI,49112509200099,O,2025-12-06T05:25:05,Annecy
3989,827856634,PROJECT X PARIS RETAIL,5710,4771Z,PME,82785663400296,O,2026-07-28T13:17:33,Paris
3990,813600723,SARL YELLOW ENR,5499,3511Z,PME,81360072300361,O,2025-12-06T06:29:09,Paris
3991,819723768,A.D.I.M.(ASSISTANCE DEPANNAGE INSTALLATION MAINTENANCE),5710,7410Z,PME,81972376800050,O,2026-02-12T16:15:49,Paris
3992,838905529,HERMIONE RETAIL,5710,4719A,ETI,83890552900015,O,2026-07-31T13:30:22,Paris
3993,839195112,WEESURE PROTECTION,5710,8010Z,PME,83919511200215,O,2026-03-25T16:31:17,Paris
3994,936380062,PEINTURES MAESTRIA,5710,4673B,ETI,93638006200013,O,2026-05-05T13:10:01,Paris
3995,832434997,JOLIES BOUTIQUES,5710,4771Z,ETI,83243499700264,O,2026-08-14T11:33:50.081,Paris
3996,394082697,INSTITUT TECHNIQUE GAZ ET AIR,5710,7120B,ETI,39408269700332,O,2026-08-06T13:12:31.334,Paris
3997,500188206,BRION SISTERS,5710,4771Z,PME,50018820600113,O,2025-12-06T05:14:35,Paris
3998,545920076,ROSET SAS,5710,3109A,ETI,54592007600068,O,2026-07-07T05:19:12,Paris
3999,548501907,AIR PRODUCTS,5710,4675Z,ETI,54850190700461,O,2025-12-06T05:43:29,Paris
4000,793196536,ARKOSE&CO,5710,9311Z,ETI,79319653600072,O,2026-01-22T11:32:01,Paris
4001,306100421,ARTELIA INDUSTRIE,5710,7112B,ETI,30610042100305,O,2025-12-06T05:14:08,Lyon
4002,414731943,PLATTARD NEGOCE,5710,4673A,ETI,41473194300018,O,2025-12-06T05:15:22,Lyon
4003,349982363,SA TURRI ET FILS,5710,4772A,PME,34998236300070,O,2025-12-06T05:43:44,Lyon
4004,622044527,SOC DU PIPELINE MEDITERRANEE-RHONE,5599,4950Z,ETI,62204452700183,O,2025-12-06T07:26:36,Marseille
4005,485372247,OLIFAN COURTAGE,5499,6622Z,PME,48537224700034,O,2025-12-06T08:03:41,Marseille
4006,493444830,ID'EES INTERIM E,5499,7820Z,ETI,49344483000019,O,2026-06-15T10:01:01,Marseille
4007,752097840,CAP VERT SOLARENERGIE ENTRESSEN,5710,3511Z,ETI,75209784000181,O,2025-12-06T06:18:41,Marseille
4008,851106344,SPV PV 21,5202,3511Z,ETI,85110634400175,O,2025-12-06T11:14:47,Marseille
4009,820292407,TENECOSOL,5710,3511Z,ETI,82029240700146,O,2026-01-26T13:37:20,Marseille
4010,888558129,SOLEIL 09,5710,3511Z,ETI,88855812900019,O,2025-12-06T05:59:58,Toulouse
4011,880809991,TS031BIAR,5710,3511Z,PME,88080999100180,O,2025-12-06T06:15:35,Toulouse
4012,315519157,CHAUSSURES DU CHATEAU,5710,4772A,PME,31551915700038,O,2025-12-06T05:25:38,Toulouse
4013,910900091,RS IR GO C1,5710,3511Z,ETI,91090009100018,O,2025-12-06T06:30:04,Toulouse
4014,490323615,MEDIASCHOOL PARIS,5710,8559A,ETI,49032361500149,O,2026-06-29T14:30:58,Toulouse
4015,408683225,PREVIFRANCE FUNERAIRE,5710,9603Z,ETI,40868322500218,O,2026-04-03T16:01:14,Toulouse
4016,880395603,MCD18,5710,3511Z,ETI,88039560300223,O,2025-12-06T06:17:37,Lille
4017,487704124,GROUPE D IMAGERIE MEDICALE ET DE CANCEROLOGIE DU PONT DE ST VAAST,5785,8622A,PME,48770412400022,O,2025-12-06T10:47:58,Lille
4018,491825683,EVEHA-ETUDES ET VALORISATIONS ARCHEOLOGIQUES,5710,7220Z,ETI,49182568300205,O,2026-04-21T19:00:26,Lille
4019,345116115,BOST,5710,4771Z,PME,34511611500097,O,2026-03-24T19:00:55,Lille
4020,332899731,RIP CURL EUROPE,5710,4642Z,ETI,33289973100035,O,2026-02-19T12:01:52,Lille
4021,383127172,ARTHUS BERTRAND,5710,3212Z,ETI,38312717200112,O,2025-12-06T05:14:08,Lille
4022,429172539,OSENGA,5710,4778C,PME,42917253900190,O,2025-12-06T05:12:15,Lille
4023,342320884,JACQUELINE,5710,4519Z,ETI,34232088400139,O,2026-07-15T16:57:18,Lille
4024,880708433,NOVETUDE SANTE PRO III,5710,8559A,ETI,88070843300060,O,2026-08-13T13:07:21.948,Bordeaux
4025,377494992,AXE ET CIBLE,5710,7022Z,PME,37749499200045,O,2025-12-06T06:04:14,Bordeaux
4026,421481169,CROISIERES INTER-ILES,5710,5010Z,PME,42148116900090,O,2026-07-21T13:11:24,Nantes
4027,404162323,ACORUS,5710,4322A,ETI,40416232300020,O,2025-12-06T05:25:30,Nantes
4028,841274871,ATELIERS ET&S SAS,5710,4520A,ETI,84127487100018,O,2025-12-06T06:26:46,Strasbourg
4029,844467795,SATIS RH,5710,7820Z,PME,84446779500044,O,2026-07-10T13:01:12,Strasbourg
4030,846120087,PARISOT PROJET ET CIE,5499,7112B,PME,84612008700040,O,2026-07-01T13:46:47,Strasbourg
4031,801813130,MIDIPERF SANTE LR,5710,4774Z,ETI,80181313000037,O,2026-08-14T13:07:27.747,Strasbourg
4032,825070121,SYXPERIANE GROUP,5710,6202A,PME,82507012100090,O,2026-08-07T13:11:49.594,Strasbourg
4033,489288969,ANTEMETA,5710,4651Z,ETI,48928896900038,O,2026-08-05T18:00:48.588,Strasbourg
4034,423397546,ECM,5710,8559A,PME,42339754600031,O,2026-08-04T09:33:11.450,Strasbourg
4035,314420779,TRNE,5710,9511Z,ETI,31442077900246,O,2025-12-06T05:25:38,Strasbourg
4036,331182691,TOYS MOTORS EST,5710,4511Z,ETI,33118269100047,O,2026-04-03T13:21:30,Strasbourg
4037,331718395,FLORIDA SPORTSWEAR,5499,4771Z,PME,33171839500238,O,2025-12-06T05:31:58,Strasbourg
4038,310454871,BIJOUX BOUTIQUE,5710,4777Z,PME,31045487100016,O,2025-12-06T05:15:33,Strasbourg
4039,310551031,SINARI TMS PRO,5710,5829C,ETI,31055103100118,O,2025-12-06T10:51:58,Strasbourg
4040,334180692,CRITEL,5599,8020Z,ETI,33418069200082,O,2026-06-22T14:34:54,Strasbourg
4041,334202504,ABEDIS - ALSACE BOISSONS DISTRIBUTION,5710,4634Z,PME,33420250400034,O,2025-12-06T09:31:44,Strasbourg
4042,832947659,POSEIDON,5499,9601B,PME,83294765900062,O,2025-12-06T06:20:51,Montpellier
4043,824296032,APEX SOLAR,5710,3511Z,ETI,82429603200173,O,2026-07-30T15:30:35,Montpellier
4044,878970292,FRANCE D'OR,5710,4672Z,PME,87897029200057,O,2026-05-28T13:08:06,Montpellier
4045,494830169,PORMENAZ,5710,4764Z,PME,49483016900020,O,2025-12-06T05:15:34,Montpellier
4046,505307330,EDISUN POWER FRANCE,5710,3511Z,PME,50530733000165,O,2025-12-06T05:20:10,Montpellier
4047,349144881,SARL MOGAMBO,5499,4771Z,PME,34914488100456,O,2026-03-24T17:36:20,Montpellier
4048,981604176,SOULEIADO,5710,3511Z,PME,98160417600017,O,2026-07-17T10:00:49,Rennes
4049,852934587,P.S.P.1,5710,3511Z,PME,85293458700019,O,2025-12-06T05:36:54,Rennes
4050,904415379,CRLAB FRANCE,5710,9602B,PME,90441537900109,O,2025-12-06T07:24:28,Rennes
4051,382157915,PILKINGTON AUTOMOTIVE FRANCE,5710,4531Z,ETI,38215791500069,O,2026-08-13T13:09:50.664,Rennes
4052,324646090,VANDEMOORTELE BAKERY PRODUCTS FRANCE,5710,1071A,ETI,32464609000088,O,2026-01-05T11:31:51,Rennes
4053,300822186,SERVI COULEURS,5710,4673B,PME,30082218600072,O,2025-12-06T06:23:28,Rennes
4054,320343866,ETABLISSEMENTS MAURICE THEAUD SA,5710,3811Z,ETI,32034386600028,O,2025-12-06T08:33:36,Rennes
4055,488685488,IVV,5710,6832A,PME,48868548800014,O,2026-01-06T13:16:56,Grenoble
4056,480023472,JAM GESTION,5499,7022Z,PME,48002347200131,O,2025-12-06T05:21:26,Grenoble
4057,422511204,BERTIN TECHNOLOGIES,5710,7112B,ETI,42251120400030,O,2025-12-06T06:01:17,Grenoble
4058,399402163,FRANCE TRANSMISSION SERVICE,5710,4669B,ETI,39940216300063,O,2025-12-06T06:59:09,Grenoble
4059,402674329,DANISCO FRANCE,5710,2110Z,ETI,40267432900105,O,2025-12-06T05:14:46,Grenoble
4060,327086435,NEVERHACK FRANCE,5710,6202A,ETI,32708643500275,O,2026-04-27T20:31:09,Grenoble
4061,310232160,HYDROKARST,5599,4291Z,PME,31023216000088,O,2026-06-03T11:05:11,Grenoble
4062,322827452,JEUNET OPTIQUE AUDITION,5710,4778A,PME,32282745200028,O,2025-12-06T05:55:25,Grenoble
4063,383381365,DASA,5710,7112B,ETI,38338136500048,O,2025-12-06T05:14:08,Grenoble
4064,433137619,MAISONS LIBERTE,5710,4120A,ETI,43313761900162,O,2025-12-15T15:46:30,Grenoble
4065,433994175,EXAKIS NELITE,5710,6202A,ETI,43399417500019,O,2026-07-20T12:00:48,Grenoble
4066,415050525,KOESIO AURA INFORMATIQUE,5710,9511Z,ETI,41505052500021,O,2025-12-06T05:25:13,Grenoble
4067,418245262,PORALU MENUISERIES,5710,2223Z,ETI,41824526200013,O,2025-12-06T05:46:12,Grenoble
4068,347784837,AGRI SUD EST SA,5599,4621Z,ETI,34778483702073,O,2025-12-06T05:41:16,Grenoble
4069,448694133,HP FRANCE SAS,5710,4651Z,ETI,44869413300142,O,2025-12-06T05:31:59,Grenoble
4070,775708142,FLOWSERVE SIHI (FRANCE) SAS,5710,2813Z,ETI,77570814200283,O,2025-12-06T10:03:47,Rouen
4071,341260206,ROUXEL BETON,5710,4941C,ETI,34126020600048,O,2026-03-12T15:31:53,Rouen
4072,388079592,SAMAT LOCATION,5710,7712Z,ETI,38807959200035,O,2025-12-06T05:16:18,Rouen
4073,400024634,WANNITUBE,5710,4221Z,ETI,40002463400216,O,2025-12-06T05:20:09,Rouen
4074,337860282,DIRECT EXPLOITATION,5599,4771Z,PME,33786028200074,O,2025-12-06T10:03:16,Rouen
4075,432182343,DUHAMEL LOGISTIQUE,5710,5210B,ETI,43218234300033,O,2026-06-26T11:00:32,Rouen
4076,430268581,PLASTISERVICE FRANCE,5710,4649Z,PME,43026858100120,O,2025-12-06T05:38:27,Rouen
4077,434546818,SOCIETE D'ETUDES ET DE GESTION DE L'ENVIRONNEMENT ET DES DECHETS -SEGED,5710,7112B,PME,43454681800049,O,2025-12-06T06:08:17,Rouen
4078,443748793,YSEIS,5710,7120B,PME,44374879300033,O,2025-12-06T05:36:02,Rouen
4079,537629057,NSI 1,5710,8121Z,ETI,53762905700150,O,2026-06-16T14:00:46,Rouen
4080,328146501,DYLL,5499,4511Z,PME,32814650100056,O,2025-12-06T06:15:59,Dijon
4081,338425564,SPORT DISTRIBUTION,5499,4764Z,PME,33842556400063,O,2025-12-06T08:11:28,Dijon
4082,347905606,JCA PRESSING,5499,9601B,PME,34790560600054,O,2025-12-06T09:19:29,Dijon
4083,348455775,COREIS,6411,6512Z,PME,34845577500018,O,2026-04-30T13:11:17,Dijon
4084,431958313,ATH,5710,6110Z,ETI,43195831300196,O,2026-03-10T13:01:32,Dijon
4085,430127811,FONDATEC,5710,7112B,PME,43012781100049,O,2026-04-16T17:37:02,Dijon
4086,433842044,LABORATOIRES URGO,5710,2120Z,ETI,43384204400011,O,2025-12-06T05:16:29,Dijon
4087,534137377,MEOSIS,5499,6201Z,PME,53413737700089,O,2026-03-11T19:00:31,Dijon
4088,535284376,CANOPA,5499,4765Z,ETI,53528437600014,O,2026-07-15T16:59:33,Dijon
4089,530258821,AUTOS STATIONS BOURGOGNE,5710,4730Z,ETI,53025882100020,O,2025-12-06T06:23:30,Dijon
4090,608229746,SUN CHEMICAL,5710,2030Z,ETI,60822974600128,O,2025-12-06T07:22:33,Dijon
4091,429093743,FM PROJET,5710,7112B,PME,42909374300103,O,2026-03-24T13:09:56,Dijon
4092,422413567,SPORT COMM,5499,4649Z,PME,42241356700096,O,2026-07-17T13:56:33,Dijon
4093,419391198,MIEUX ENTENDRE,5499,4774Z,PME,41939119800019,O,2026-02-16T13:11:02,Dijon
4094,420190308,TILLY MANUTENTION,5710,4669B,PME,42019030800072,O,2025-12-06T05:16:51,Dijon
4095,404538639,DEROSSI,5710,8690A,PME,40453863900117,O,2025-12-06T05:55:49,Dijon
4096,497966697,SACIM DISTRIBUTION,5710,4649Z,PME,49796669700052,O,2025-12-06T11:15:44,Angers
4097,508992310,ASI PROD,5710,8292Z,ETI,50899231000013,O,2025-12-06T05:25:05,Angers
4098,509077301,FINDIS SUD OUEST,5710,4643Z,ETI,50907730100083,O,2025-12-06T09:43:12,Angers
4099,509520565,STBAT,5499,7112B,PME,50952056500045,O,2026-01-19T12:31:31,Angers
4100,492017777,DISTRIBUTION MATERIEL TRAVAUX ET POMPAGE,5710,7732Z,PME,49201777700052,O,2025-12-06T05:40:33,Angers
4101,520606419,SUNRISE,5710,4759B,PME,52060641900015,O,2025-12-06T06:24:17,Angers
4102,521946939,ANJOU AUDITION,5710,4774Z,PME,52194693900019,O,2025-12-06T06:19:46,Angers
4103,490352747,ANJOU ACCOMPAGN ' SERVICES,5710,8810A,PME,49035274700094,O,2026-02-03T16:00:46,Angers
4104,490863164,FONCIEREMENT VOTRE,5710,6831Z,PME,49086316400029,O,2026-06-25T13:13:07,Angers
4105,750873044,OUEST ACOUSTIQUE,5499,7112B,PME,75087304400036,O,2026-03-31T12:00:26,Angers
4106,751339649,PEROCHEAU DECO,5710,2370Z,PME,75133964900012,O,2026-07-20T16:32:15,Angers
4107,751539735,BC CHAMBRAY,5710,4771Z,PME,75153973500058,O,2025-12-06T06:51:31,Angers
4108,538546219,FORMA-PRO HYGIENE ET SECURITE,5710,8559A,PME,53854621900089,O,2026-03-23T11:31:33,Angers
4109,538809583,DR PAJOT OLIVIER,5485,8622C,PME,53880958300064,O,2025-12-06T11:08:34,Angers
4110,532973534,MAISON JANNEAU,5499,1071C,PME,53297353400011,O,2026-07-20T15:01:08,Angers
4111,483276952,DETOURS DE LOIRE,5710,7729Z,PME,48327695200122,O,2025-12-06T05:51:51,Angers
4112,483370292,S2E-IC,5499,7112B,PME,48337029200110,O,2025-12-06T06:12:46,Angers
4113,451224695,NOUVELLE SOC SERVICES INFORMATIQ ADMR,5710,6203Z,PME,45122469500010,O,2025-12-06T05:25:21,Angers
4114,533376257,GOUSATS ENERGIE,5499,3511Z,PME,53337625700051,O,2026-07-28T11:09:37,Nimes
4115,451013304,KOKOMARINA,5499,4771Z,PME,45101330400162,O,2025-12-06T06:16:46,Nimes
4116,898099429,EOLIENNES DU FERROUX,5710,3511Z,ETI,89809942900018,O,2026-03-09T14:41:42,Nimes
4117,899642789,SAS PIER FENON,5710,8690F,PME,89964278900023,O,2025-12-06T08:16:35,Nimes
4118,847958931,SUCLO MONTAGE,5710,8299Z,PME,84795893100010,O,2025-12-06T05:59:15,Nimes
4119,848012910,INTERACTION PACA,5710,7820Z,ETI,84801291000057,O,2025-12-06T05:43:46,Nimes
4120,797659802,ECOLE DE CONDUITE PROVENCE ALPILLES,5499,8553Z,PME,79765980200012,O,2026-03-30T16:00:38,Nimes
4121,798191904,TALK,5499,8122Z,PME,79819190400050,O,2025-12-06T11:32:18,Nimes
4122,794459339,CAP SOLAR 20,5710,3511Z,PME,79445933900063,O,2026-02-12T10:02:02,Nimes
4123,794942680,CAFES NADAL,5499,4711B,PME,79494268000016,O,2025-12-06T05:25:39,Nimes
4124,788396661,EQUIP AUTOS,5710,4614Z,PME,78839666100100,O,2025-12-06T06:33:18,Nimes
4125,785304031,CLAAS TRACTOR SAS,5710,2830Z,ETI,78530403100020,O,2025-12-06T05:43:37,Nimes
4126,814363008,BIKE SHOP,5499,4764Z,PME,81436300800016,O,2026-01-27T11:02:27,Nimes
4127,830840104,AXESS PERMIS,5710,8553Z,PME,83084010400012,O,2025-12-06T05:19:31,Nimes
4128,839912185,FREELAND SERVICES,5710,8299Z,ETI,83991218500080,O,2025-12-06T05:13:45,Clermont-Ferrand
4129,813438249,TESSI DOCUMENTS SERVICES CENTRE DE RELATIONS CLIENTS,5710,8220Z,ETI,81343824900043,O,2025-12-06T05:43:38,Clermont-Ferrand
4130,813679065,TRUCKS SERVICES ET DISTRIBUTION,5710,4519Z,ETI,81367906500017,O,2025-12-06T06:18:33,Clermont-Ferrand
4131,814227351,ECOTOIT,5710,4391B,PME,81422735100131,O,2026-06-09T14:40:10,Clermont-Ferrand
4132,892793613,BLENDE,5710,3511Z,PME,89279361300019,O,2025-12-06T06:17:21,Clermont-Ferrand
4133,889937876,FRANCE DEM,5710,4942Z,PME,88993787600080,O,2025-12-06T05:25:23,Clermont-Ferrand
4134,818407264,LES HOMMES PRESSES,5499,4771Z,PME,81840726400030,O,2025-12-06T06:30:28,Clermont-Ferrand
4135,823470307,SAINT HONORE,5499,1071C,PME,82347030700054,O,2025-12-06T05:51:52,Clermont-Ferrand
4136,824374979,CARCOUET BETAIL,5710,4623Z,PME,82437497900022,O,2026-05-07T11:00:47,Clermont-Ferrand
4137,824977748,MY VAN,5710,4519Z,PME,82497774800014,O,2025-12-06T05:27:03,Clermont-Ferrand
4138,819156373,PYRUS,5499,4771Z,PME,81915637300071,O,2025-12-06T06:27:25,Clermont-Ferrand
4139,907800924,ACXES,5710,7112B,ETI,90780092400017,O,2026-06-19T15:00:25,Clermont-Ferrand
4140,353686934,CAP MAREE ATLANTIQUE,5499,4638A,ETI,35368693400079,O,2025-12-06T06:18:07,Tours
4141,439066044,D2J,5710,8559A,PME,43906604400033,O,2026-03-17T18:19:59,Tours
4142,438069189,LES COUVERTURES LOPEZ,5710,4391B,PME,43806918900126,O,2025-12-06T05:41:02,Tours
4143,562093708,GROUPE LELIEVRE,5710,6430Z,PME,56209370800153,O,2025-12-06T05:28:25,Tours
4144,576450464,CIE COMMERCIALE MANUTENTION PETROLIERE,5710,5210B,ETI,57645046400135,O,2025-12-06T10:08:18,Tours
4145,613720341,ENTREPRISE CASSIER,5710,0812Z,ETI,61372034100122,O,2025-12-06T05:14:22,Tours
4146,478720931,NEODYME,5560,7112B,PME,47872093100052,O,2025-12-06T05:43:45,Tours
4147,790150700,SBA COMPTA GO,5710,6920Z,PME,79015070000066,O,2025-12-06T05:33:05,Tours
4148,811312057,PHILOGERIS SERVICE PUBLIC,5710,8299Z,PME,81131205700060,O,2026-06-10T18:39:46,Tours
4149,808637607,ASSYSTEM INTERNATIONAL,5710,6420Z,ETI,80863760700025,O,2026-06-12T14:31:58,Tours
4150,507959203,ORINOX,5710,7112B,PME,50795920300054,O,2026-04-24T16:31:55,Tours
4151,519020325,MVGROUP,5710,7311Z,ETI,51902032500055,O,2026-07-22T13:11:20,Tours
4152,525170692,ETMCP,5710,6202A,PME,52517069200012,O,2025-12-06T06:03:37,Tours
4153,528553654,ACD,5710,6201Z,PME,52855365400047,O,2025-12-06T05:25:31,Tours
4154,522700608,MARS'O & INES,5710,4778C,PME,52270060800014,O,2025-12-06T06:17:44,Tours
4155,434595278,NEXIOM,5710,6920Z,ETI,43459527800038,O,2025-12-06T06:11:44,Metz
4156,434616546,ATLANTIC INGENIERIE,5710,7112B,ETI,43461654600108,O,2025-12-06T05:25:38,Metz
4157,435123542,AXE SYSTEMS,5710,8299Z,PME,43512354200068,O,2025-12-06T06:26:15,Metz
4158,444293187,EURONET PROPRETE & SERVICES,5710,8121Z,ETI,44429318700035,O,2025-12-06T05:14:46,Metz
4159,582028023,AZ FRANCE,5710,4631Z,ETI,58202802300064,O,2025-12-06T07:26:28,Metz
4160,595820374,ACIAL,5710,3101Z,ETI,59582037400014,O,2025-12-06T07:18:48,Metz
4161,413153255,AUTO-ECOLE HELVETIA,5710,8553Z,PME,41315325500034,O,2025-12-06T07:14:00,Metz
4162,421111519,THEOBALD TRUCKS,5710,4519Z,ETI,42111151900011,O,2025-12-06T05:20:09,Metz
4163,414741843,AB SECURITE SAS,5710,8020Z,PME,41474184300109,O,2025-12-06T05:19:40,Metz
4164,414946681,NALCO FRANCE,5710,4675Z,ETI,41494668100338,O,2025-12-06T07:04:00,Metz
4165,420464877,ADRENALINE,5710,4399D,ETI,42046487700117,O,2026-03-24T15:31:33,Metz
4166,452632268,IESC FORMATION,5710,8559A,PME,45263226800010,O,2025-12-06T05:40:40,Metz
4167,484058664,METZDIS,5710,4711F,ETI,48405866400018,O,2025-12-06T07:27:38,Metz
4168,484763339,SARL AUBRIAT,5710,4329A,PME,48476333900013,O,2025-12-06T05:37:48,Metz
4169,489024281,COVIVIO PROPERTY,5202,6832A,ETI,48902428100136,O,2025-12-06T05:15:10,Metz
4170,405387374,CTP GROUPE CADET,5499,7120B,PME,40538737400037,O,2025-12-06T06:48:46,Metz
4171,809076409,ENRTEC,5710,7112B,PME,80907640900063,O,2026-06-03T11:05:15,Metz
4172,442981403,COOPILOTE,5499,7022Z,PME,44298140300078,O,2026-05-12T14:12:00,Besancon
4173,449639871,SOCIETE COMTOISE D'ASSURANCES EMMANUEL THOMAS,5499,6622Z,PME,44963987100044,O,2025-12-06T06:10:16,Besancon
4174,448456293,GRAY LOCATION,5710,7732Z,ETI,44845629300027,O,2025-12-06T05:21:16,Besancon
4175,437534126,SCP D'AVOCATS CATHERINE BRESSON - ISABELLE CHEVAL,6561,6910Z,PME,43753412600028,O,2025-12-06T07:09:55,Besancon
4176,339560047,APRES VENTE SERVICE,5710,4321A,PME,33956004700088,O,2025-12-06T05:41:31,Besancon
4177,383959541,KS1,5499,4771Z,PME,38395954100053,O,2026-01-27T13:02:50,Besancon
4178,384711909,SOITEC,5599,2611Z,ETI,38471190900034,O,2026-03-10T12:34:14,Besancon
4179,392752663,LORA DISTRIBUTION,5499,4661Z,PME,39275266300014,O,2025-12-06T08:09:14,Besancon
4180,388057523,SARL JULIE R2C,5499,4772A,PME,38805752300069,O,2025-12-06T05:59:28,Besancon
4181,325061844,KRYS GROUP SERVICES EXPANSION,5710,4778A,ETI,32506184401055,O,2026-02-25T09:00:33,Besancon
4182,325720332,ROCHET GROUP,5710,4648Z,PME,32572033200072,O,2025-12-06T07:09:54,Besancon
4183,513348524,BUREAU EUROPEEN D ASSURANCE HOSPITALIERE,5710,6512Z,PME,51334852400069,O,2025-12-06T05:21:26,Besancon
4184,393024344,SARL S B G,5499,4729Z,PME,39302434400011,O,2025-12-06T09:23:10,Orleans
4185,393379870,PROPRETE ENVIRONNEMENT INDUSTRIEL SA,5599,8121Z,ETI,39337987000446,O,2026-04-06T13:16:23,Orleans
4186,527840524,ARTEFACTS,5499,7830Z,PME,52784052400013,O,2026-06-15T15:32:01,Orleans
4187,523309920,OBM ENERGIE,5710,3511Z,PME,52330992000016,O,2025-12-06T06:10:09,Orleans
4188,792730673,VAR FUTUR,5499,6820A,PME,79273067300102,O,2025-12-06T06:15:25,Orleans
4189,810364430,AMA SERVICES,5499,8810A,ETI,81036443000035,O,2026-01-22T04:51:53,Orleans
4190,797421815,PLANETT INTERIM,5710,7820Z,ETI,79742181500631,O,2026-03-12T18:00:30,Orleans
4191,790088017,ESPACE CLOTURE CENTRE,5710,4329B,ETI,79008801700112,O,2025-12-06T09:58:13,Orleans
4192,794712943,N.J.L,5499,4771Z,PME,79471294300156,O,2025-12-06T06:58:19,Orleans
4193,691920474,LE COMPTOIR DU JARDIN,5710,4669C,PME,69192047400034,O,2025-12-06T05:25:14,Orleans
4194,712000439,PARTNAIRE MENUISERIE - SECOND OEUVRE,5710,7820Z,ETI,71200043900133,O,2025-12-06T07:50:31,Orleans
4195,715580221,LES COOPERATEURS DE CHAMPAGNE,5560,6820B,PME,71558022100011,O,2025-12-06T05:20:10,Orleans
4196,552093189,CROUZET RELAYS,5710,2712Z,ETI,55209318900132,O,2026-06-17T13:46:49,Orleans
4197,978034312,LES BERGERS D'ALSACE,5710,4623Z,PME,97803431200014,O,2025-12-06T10:54:26,Mulhouse
4198,979181294,ACCUEIL & GITES,5710,5520Z,PME,97918129400013,O,2025-12-06T05:22:45,Mulhouse
4199,981766355,RS SAUKING,5499,5510Z,PME,98176635500011,O,2025-12-06T06:08:11,Mulhouse
4200,981808975,CABINET DU DOCTEUR MAXIME SONDAG,5485,8621Z,PME,98180897500016,O,2025-12-06T06:06:06,Mulhouse
4201,982399834,ECR ENVIRONNEMENT EST,5710,7112B,PME,98239983400018,O,2025-12-06T05:51:53,Mulhouse
4202,948136908,ACN,5710,4778C,PME,94813690800019,O,2025-12-06T06:31:08,Mulhouse
4203,945550739,GRODWOHL,5710,4771Z,PME,94555073900078,O,2025-12-06T10:10:57,Mulhouse
4204,945551034,G LACK ET CIE,5499,6820B,PME,94555103400016,O,2025-12-06T07:27:38,Mulhouse
4205,945650430,HYDRA,5710,1722Z,PME,94565043000032,O,2025-12-06T11:15:44,Mulhouse
4206,946451655,ELGUY,5499,4799B,PME,94645165500272,O,2026-03-25T13:14:01,Mulhouse
4207,775641459,PHK EVENT,5599,1013A,PME,77564145900059,O,2025-12-06T06:47:07,Mulhouse
4208,777345547,AVAYA FRANCE,5710,8299Z,PME,77734554700437,O,2026-07-07T14:30:28,Mulhouse
4209,500066642,VIVIALYS AMENAGEMENT FONCIER,5710,4110A,ETI,50006664200033,O,2025-12-06T07:07:25,Mulhouse
4210,500078175,N.V.A - NEGOCE VEHICULES AUTOMOBILES SAS,5710,7712Z,ETI,50007817500055,O,2025-12-06T05:17:23,Mulhouse
4211,775745847,TRANSPORTS INTERNATIONAUX KLEYLING,5710,5229B,PME,77574584700043,O,2025-12-06T05:25:05,Mulhouse
4212,503148835,ELECSOL CAMARGUE,5499,3511Z,ETI,50314883500203,O,2025-12-06T07:54:13,Caen
4213,508566833,ATLANTIQUE INGENIERIE RESEAUX,5560,7112B,PME,50856683300010,O,2025-12-11T12:31:27,Caen
4214,512681503,SAMFISOL-1,5499,3511Z,PME,51268150300060,O,2025-12-06T06:30:19,Caen
4215,400791729,SARTHE PALETTES EMBALLAGES,5710,4673A,PME,40079172900116,O,2026-04-09T19:00:36,Caen
4216,344519855,EUROPEENNE CONSEIL COURTAGE EN ASSURANCE,5499,6622Z,PME,34451985500136,O,2025-12-06T06:54:36,Caen
4217,331022772,FIDAL NOTAIRES,5785,6910Z,ETI,33102277200023,O,2026-07-30T18:30:40,Caen
4218,310347869,SAINT CLAIR AUTOMOBILES,5710,4511Z,ETI,31034786900102,O,2025-12-06T05:25:04,Caen
4219,438979387,A LA MARQUISE DE PRESLES,5499,1071D,PME,43897938700018,O,2025-12-06T07:27:31,Caen
4220,559800750,TYCO INTEGRATED FIRE & SECURITY FRANCE,5710,2829B,ETI,55980075000205,O,2025-12-06T05:43:29,Nancy
4221,527504500,CREDISTOR,5710,6492Z,ETI,52750450000135,O,2026-04-03T14:33:01,Nancy
4222,981598725,SELARL DOCTEUR VINCENT PILLOY,5485,8622B,PME,98159872500019,O,2026-03-09T13:11:16,Nancy
4223,775614720,BLOC ET JOB,5710,4673A,ETI,77561472000032,O,2025-12-06T05:25:14,Nancy
4224,823066576,SOLARIS GESTION,5710,6831Z,PME,82306657600047,O,2026-05-13T13:07:53,Nancy
4225,823304191,MILLE ET UNE BIERES,5710,5630Z,ETI,82330419100096,O,2026-03-06T19:01:22,Nancy
4226,832868947,ASSISTANCE LANGUEDOC ROUSSILLON,5710,8121Z,ETI,83286894700017,O,2025-12-06T06:42:00,Poitiers
4227,832926554,THE LOOP,5710,6201Z,PME,83292655400045,O,2025-12-06T05:19:42,Poitiers
4228,838404952,ASSISTANCE ILE DE FRANCE,5710,8299Z,ETI,83840495200015,O,2026-04-13T13:12:04,Poitiers
4229,842301418,SELARL HUSSEINI,5485,8622C,PME,84230141800013,O,2025-12-06T07:00:19,Poitiers
4230,853375442,RDT INGENIEURS FRANCE,5710,7112B,PME,85337544200060,O,2026-03-31T13:17:27,Poitiers
4231,849321989,C.P.E.S. LES CROUZOURETS,5710,3511Z,ETI,84932198900048,O,2025-12-06T05:12:34,Poitiers
4232,850044272,SAS LE FOURNIL AEROPORT,5710,1071C,PME,85004427200019,O,2025-12-06T11:08:19,Poitiers
4233,850181132,KLARA POITIERS SOLAIRE,5710,3511Z,PME,85018113200018,O,2025-12-06T06:29:17,Poitiers
4234,851055319,KASO 2 MAISON ROCHES,5710,4669C,PME,85105531900012,O,2026-05-20T17:31:01,Poitiers
4235,882218571,WORLD SHOES,5499,4772A,PME,88221857100017,O,2026-07-03T13:24:29,Poitiers
4236,879197275,2BP ASSURANCES,5499,6622Z,PME,87919727500040,O,2025-12-06T05:21:47,Poitiers
4237,423890466,MARK WARNER (FRANCE),5499,5510Z,PME,42389046600182,O,2025-12-06T05:22:42,Annecy
4238,501422935,JSA AVOCATS ASSOCIES,5785,6910Z,PME,50142293500012,O,2025-12-06T05:20:28,Annecy
4239,501620959,AGAKING EXPLOITATION,5710,5610C,PME,50162095900228,O,2025-12-06T06:25:33,Annecy
4240,512681123,J.A.N.A.,5499,5610A,PME,51268112300018,O,2025-12-06T10:30:12,Annecy
4241,399864651,RESEAU SWIXIM,5710,6831Z,PME,39986465100019,O,2026-07-20T13:07:02,Annecy
4242,399041086,REGENCE,5710,5510Z,PME,39904108600014,O,2025-12-06T10:01:45,Annecy
4243,402449649,TECHNIC'BOISSONS,5710,4669C,ETI,40244964900035,O,2026-02-05T17:47:22,Annecy
4244,393845870,KHROMA WORLD 13,5499,4334Z,PME,39384587000053,O,2025-12-06T06:25:42,Annecy
4245,408182822,OURAGAN FORMATION,5710,8559A,PME,40818282200051,O,2025-12-06T05:40:47,Annecy
4246,344426143,SARL STOR'AIX,5710,4649Z,PME,34442614300048,O,2026-07-31T10:53:34,Annecy
4247,326520582,CAVES LEON FAVRE VINS EN GROS,5710,4634Z,PME,32652058200056,O,2025-12-06T05:41:09,Annecy
4248,327320123,SOC ANNECIENNE PRET A PORTER,5710,4771Z,PME,32732012300026,O,2025-12-06T06:22:15,Annecy
4249,332126309,KLA-TENCOR FRANCE SARL,5499,3313Z,PME,33212630900142,O,2025-12-10T13:00:52,Annecy
4250,310764816,SA MONT-BLANC SOCIETE ANONYME D'HLM,5599,6820A,PME,31076481600073,O,2025-12-06T05:14:33,Annecy
4251,322828989,LE GRENIER SAVOYARD,5710,4729Z,PME,32282898900101,O,2025-12-06T06:25:50,Annecy
4252,434183273,THE CHANGE GROUP FRANCE SAS,5710,6612Z,PME,43418327300219,O,2025-12-06T05:39:33,Paris
4253,444159164,ASSYSTEM ENGINEERING AND OPERATION SERVICES,5710,7112B,ETI,44415916400193,O,2026-05-20T17:32:37,Paris
4254,570804542,GROUPE LA DEPECHE DU MIDI,5599,5813Z,ETI,57080454200365,O,2025-12-06T06:22:24,Paris
4255,809822935,ALTITUDE INFRASTRUCTURE THD,5710,6190Z,ETI,80982293500296,O,2026-05-29T15:32:09,Paris
4256,804008746,EQUILIBRE,5710,4771Z,PME,80400874600237,O,2025-12-06T06:28:55,Paris
4257,492867783,SERVICES A DOMICILE EN VAL D OISE,5710,9609Z,PME,49286778300085,O,2026-07-27T13:23:13,Paris
4258,451221295,HYDRO BUILDING SYSTEMS FRANCE,5499,4672Z,ETI,45122129500012,O,2026-01-14T16:32:32,Paris
4259,833795818,OLICAT 3,5499,3511Z,PME,83379581800388,O,2025-12-06T08:05:58,Paris
4260,844926311,SEGULA MATRA AUTOMOTIVE,5710,7112B,ETI,84492631100318,O,2025-12-16T10:56:48,Paris
4261,823097183,MGL,5710,4636Z,PME,82309718300185,O,2026-06-19T13:09:57,Paris
4262,827852799,OBSIVOLT EXPLOITATION 66,5499,3511Z,PME,82785279900226,O,2025-12-06T05:12:04,Paris
4263,921026183,MENAGE CLEAN 95,5710,8121Z,ETI,92102618300332,O,2026-06-04T13:16:21,Paris
4264,380681833,PUIG FRANCE,5499,4645Z,ETI,38068183300055,O,2026-07-24T13:32:08,Lyon
4265,392469268,LES SINOPLIES,6901,8710A,ETI,39246926800214,O,2025-12-16T19:02:53,Lyon
4266,750289092,HAWI SEP 1,5499,3511Z,PME,75028909200017,O,2025-12-06T05:12:47,Lyon
4267,794409557,BETON SOLUTIONS MOBILES,5710,2363Z,ETI,79440955700046,O,2026-06-16T12:30:45,Lyon
4268,732037056,SOCIETE DE GESTION PIERRE CARDIN,5710,8299Z,PME,73203705600015,O,2025-12-06T05:43:45,Lyon
4269,979377314,OUEST ENERGIES 9,5710,3511Z,PME,97937731400211,O,2026-05-22T14:30:54,Marseille
4270,881115380,SILVERSUN SDP,5710,3511Z,PME,88111538000175,O,2025-12-06T06:28:10,Marseille
4271,065804569,ETABLISSEMENTS FARSY,5710,4531Z,ETI,06580456900187,O,2025-12-06T07:36:59,Marseille
4272,478969124,APPERTON,5710,8122Z,ETI,47896912400203,O,2026-05-12T14:12:00,Marseille
4273,333974095,POINT MULTI BATTERIES,5710,4532Z,PME,33397409500114,O,2025-12-06T10:00:43,Marseille
4274,429302359,SYNERGIS ENVIRONNEMENT,5710,7112B,PME,42930235900030,O,2025-12-17T16:56:58,Toulouse
4275,414400135,LITTORAL INTERIM,5710,7820Z,ETI,41440013500235,O,2026-06-30T17:31:31,Toulouse
4276,342207099,PEDRETTI DISTRIBUTION,5710,4941B,ETI,34220709900082,O,2025-12-06T06:41:50,Toulouse
4277,513439836,TOULOUSE AVENIR GESTION ENERGIES RENOUVELABLES,5499,4321A,ETI,51343983600166,O,2025-12-06T05:39:55,Toulouse
4278,518707831,BATISOLAIRE 4,5710,3511Z,PME,51870783100492,O,2025-12-06T06:26:08,Toulouse
4279,792115149,BV STORE FR,5710,4649Z,ETI,79211514900025,O,2025-12-06T05:43:30,Toulouse
4280,329597330,CENTRALE INTERNATIONALE DE DISTRIBUTION,5710,4719B,PME,32959733000011,O,2026-05-18T15:00:55,Lille
4281,428672794,LUMINEM,5710,4321A,PME,42867279400024,O,2025-12-06T05:08:32,Lille
4282,537826158,AKISOL,5710,3511Z,PME,53782615800165,O,2025-12-06T05:12:17,Lille
4283,804042299,SERGIC SERVICES HOTELIERS,5710,5510Z,ETI,80404229900011,O,2026-03-13T13:15:48,Lille
4284,388088460,AJP NOUVELLE AQUITAINE,5710,6832A,ETI,38808846000034,O,2026-01-06T18:31:31,Bordeaux
4285,410262653,TRANSPORTS COMBRONDE,5710,4941A,ETI,41026265300018,O,2026-07-17T13:07:19,Bordeaux
4286,404530925,COURMAR,5499,5222Z,PME,40453092500019,O,2026-05-05T13:11:49,Bordeaux
4287,519870380,GREEN SAILS,5710,1512Z,PME,51987038000010,O,2026-05-29T13:07:42,Nantes
4288,451063739,HUAWEI TECHNOLOGIES FRANCE,5710,4652Z,ETI,45106373900119,O,2026-04-28T12:26:20,Nantes
4289,848127163,DSV INTERNATIONAL AIR & SEA FRANCE,5710,5229B,ETI,84812716300014,O,2025-12-06T07:34:46,Nantes
4290,820120657,SELAS AJ UP,5785,6920Z,PME,82012065700201,O,2026-06-18T13:12:42,Nantes
4291,804069086,SONDI,5499,4778C,PME,80406908600010,O,2026-08-21T13:08:44.927,Nantes
4292,403650112,LOGISTIQUE ALAINE,5710,5210B,ETI,40365011200010,O,2026-08-20T13:11:22.313,Nantes
4293,440449916,LIINS,5710,6831Z,ETI,44044991600343,O,2025-12-06T05:25:30,Strasbourg
4294,977887652,GRUNDFOS WATER TREATMENT FRANCE,5710,4673B,ETI,97788765200021,O,2025-12-06T06:21:08,Strasbourg
4295,499925857,UNITED RENTALS S.A.S.,5710,5210B,PME,49992585700090,O,2026-07-24T10:37:01,Strasbourg
4296,499993103,HOBRITOM,5710,4778C,PME,49999310300096,O,2026-07-01T11:00:39,Strasbourg
4297,382986438,PETIT FORESTIER MEUBLES,5710,7739Z,ETI,38298643800093,O,2026-06-17T15:00:57,Strasbourg
4298,401806047,PRO NATURA,5710,4631Z,ETI,40180604700023,O,2025-12-06T06:15:07,Strasbourg
4299,410273338,EP6,5710,4690Z,PME,41027333800039,O,2025-12-06T10:30:33,Strasbourg
4300,410489165,CETIP,5599,6311Z,ETI,41048916500051,O,2025-12-06T05:43:44,Strasbourg
4301,411858046,FOUNTAIN FRANCE,5710,4637Z,PME,41185804600260,O,2025-12-06T10:49:43,Strasbourg
4302,389390949,CLESTRA - ENSEIGNES HAUSERMAN MECANOBLOC,5710,4332B,PME,38939094900201,O,2025-12-06T11:02:23,Strasbourg
4303,385288915,IPAZ,5499,6910Z,PME,38528891500056,O,2026-06-16T07:33:06,Strasbourg
4304,326802402,OSKA PARIS,5499,4771Z,PME,32680240200098,O,2025-12-06T06:22:41,Strasbourg
4305,444719272,FLOWBIRD,5710,2652Z,ETI,44471927200346,O,2025-12-06T05:23:46,Strasbourg
4306,438049843,20 MINUTES FRANCE,5710,5813Z,PME,43804984300271,O,2025-12-06T05:13:27,Strasbourg
4307,444761498,CABESTO,5710,4764Z,PME,44476149800047,O,2025-12-06T06:34:08,Montpellier
4308,390895738,KOESIO OCCITANIE,5710,3312Z,ETI,39089573800222,O,2025-12-06T05:43:36,Montpellier
4309,325156990,AUDILAB MEINELLY,5710,4774Z,ETI,32515699000070,O,2026-05-15T12:31:14,Montpellier
4310,325356079,LES NOUVEAUX CONSTRUCTEURS,5599,4110A,ETI,32535607900153,O,2025-12-06T05:43:28,Montpellier
4311,528902042,G.H.M.,5710,2511Z,ETI,52890204200027,O,2025-12-06T05:14:35,Montpellier
4312,530262658,URBA 11,5202,3511Z,PME,53026265800202,O,2025-12-06T10:41:58,Montpellier
4313,522818665,J&M SCOOTER,5499,4520A,PME,52281866500054,O,2026-04-02T13:24:06,Montpellier
4314,750367617,ARKOLIA INVEST 22,5710,3511Z,PME,75036761700016,O,2025-12-06T09:22:49,Montpellier
4315,712052612,FRANCE HANDLING,5710,5229B,ETI,71205261200116,O,2025-12-06T08:29:16,Montpellier
4316,390513265,SHCB,5710,5629A,ETI,39051326500020,O,2025-12-06T05:25:21,Montpellier
4317,502191554,ALLIANCE EXPERTS SUD-EST,5710,6621Z,PME,50219155400067,O,2025-12-06T11:15:51,Montpellier
4318,811606383,INGENERIA PROJET,5499,8559A,ETI,81160638300131,O,2025-12-06T05:38:12,Montpellier
4319,440305001,BDO EXPERTISE SOCIALE & RH,5710,6920Z,ETI,44030500100040,O,2026-07-10T12:32:54,Rennes
4320,379170889,TANGUY MATERIAUX DISTRIBUTION,5710,4673A,ETI,37917088900297,O,2026-06-26T13:13:25,Rennes
4321,379340151,LMT BISCUITERIES,5710,1072Z,ETI,37934015100131,O,2025-12-06T08:29:15,Rennes
4322,342413150,DISTRILEC,5710,4669A,ETI,34241315000117,O,2025-12-06T05:56:33,Rennes
4323,439055278,NIJI,5710,6201Z,ETI,43905527800162,O,2026-05-15T11:00:37,Rennes
4324,435353743,ATLANTIC VERT,5710,4776Z,PME,43535374300097,O,2025-12-06T05:47:42,Rennes
4325,538309063,ALCOPA AUCTION,5710,6910Z,ETI,53830906300146,O,2026-06-05T13:17:47,Rennes
4326,337947576,PERI-ODE,5710,4762Z,PME,33794757600043,O,2025-12-11T11:37:20,Grenoble
4327,387830045,CABINET GERMAIN ET MAUREAU,5710,6910Z,PME,38783004500028,O,2025-12-06T05:15:21,Grenoble
4328,528286149,PAGE CONSULTING,5499,7022Z,ETI,52828614900042,O,2026-07-30T13:30:21,Grenoble
4329,523942357,SP2 CORUSCANT,5202,3511Z,PME,52394235700097,O,2025-12-06T09:09:01,Grenoble
4330,533910345,IP TRUST,5710,7022Z,PME,53391034500172,O,2025-12-06T05:39:04,Grenoble
4331,792875353,JURIS DIAGNOSTICS IMMOBILIERS,5710,7120B,PME,79287535300106,O,2025-12-06T07:30:48,Grenoble
4332,810436949,RHONE ALPES DRINKS,5710,4725Z,ETI,81043694900046,O,2026-05-28T13:18:37,Grenoble
4333,789581600,ALPES TLC,5710,3832Z,PME,78958160000010,O,2026-03-06T13:00:44,Grenoble
4334,819116823,HBHS - DEPANNAGE RIDEAUX METALLIQUES PARIS,5710,4332B,PME,81911682300017,O,2025-12-06T06:27:09,Grenoble
4335,422349100,LABORATOIRES F. LE HER,5710,4774Z,PME,42234910000046,O,2025-12-06T06:23:13,Rouen
4336,419894142,OLIVIERS ET CO. BOUTIQUES,5499,4729Z,PME,41989414200191,O,2026-04-02T13:28:48,Rouen
4337,420116253,KALIES,5710,7490B,PME,42011625300162,O,2026-06-25T08:51:27,Rouen
4338,489296210,LOCNACELLE ILE DE FRANCE,5710,4399E,ETI,48929621000037,O,2025-12-08T13:01:16,Rouen
4339,485219463,ATELIO,5710,7112B,PME,48521946300091,O,2025-12-06T05:38:19,Rouen
4340,811286566,SELARL D'IMAGERIE MEDICALE CEDRE VAL LORMEL,5485,8622A,PME,81128656600112,O,2026-07-16T14:00:33,Rouen
4341,529170839,RENOVEA,5499,7112B,ETI,52917083900078,O,2025-12-06T05:20:00,Rouen
4342,529389520,SYNERGIE PROPRETE,5710,8121Z,ETI,52938952000014,O,2026-05-06T19:01:13,Rouen
4343,523020287,SILAEXPERT,5710,6202A,ETI,52302028700075,O,2026-04-24T15:00:57,Rouen
4344,798063327,VAP'STATION 1,5710,4778C,PME,79806332700059,O,2026-03-31T08:00:36,Rouen
4345,802170506,BOPOBILOC,5499,7711A,ETI,80217050600124,O,2025-12-06T07:23:42,Rouen
4346,790547335,CB SURFACES,5710,4759A,PME,79054733500121,O,2026-02-13T13:15:36,Rouen
4347,404743908,JUNIOR VISION SAS,5710,4778A,PME,40474390800042,O,2025-12-06T06:30:18,Dijon
4348,391105194,ANALYSE DEBIMETRIE TRACAGE ECOUTE CORREL,5499,7490B,PME,39110519400040,O,2026-06-16T13:12:32,Dijon
4349,452604440,P.H.M IMMOBILIER,5710,7112B,ETI,45260444000043,O,2025-12-06T05:16:29,Dijon
4350,809520588,SENS OF LIFE,5710,7490B,PME,80952058800074,O,2026-01-29T13:22:49,Dijon
4351,504460346,VIENS JOUER A LA MAISON,5710,8552Z,PME,50446034600019,O,2025-12-06T08:03:41,Dijon
4352,504734013,PIEMMA,5499,6820A,PME,50473401300023,O,2025-12-06T06:31:22,Dijon
4353,494052152,SEREA,5499,7490B,PME,49405215200043,O,2026-07-13T20:30:21,Dijon
4354,494654213,SPAS ET WELLNESS,5499,4759B,PME,49465421300029,O,2025-12-06T08:10:10,Dijon
4355,492993431,GO! FORM'ACTION,5710,8559A,PME,49299343100013,O,2026-02-13T09:33:58,Dijon
4356,450674668,JOHANNA,5499,9602A,PME,45067466800014,O,2026-05-19T14:57:59,Dijon
4357,798123030,SERVIMO BOURGOGNE,5710,3700Z,ETI,79812303000016,O,2025-12-06T06:09:46,Dijon
4358,794665729,VIA SYSTEM,5710,4211Z,PME,79466572900016,O,2026-04-06T13:07:41,Dijon
4359,799776679,OPENR,5710,7490B,PME,79977667900026,O,2025-12-06T06:15:43,Dijon
4360,780079216,MOYSE 3D,5710,4399D,PME,78007921600070,O,2025-12-06T06:27:31,Dijon
4361,813446036,HAPPY EXPLOITATION,5499,4776Z,PME,81344603600069,O,2025-12-06T06:24:34,Dijon
4362,899403554,CREATIVE HOMES 49,5710,6831Z,PME,89940355400046,O,2025-12-06T10:50:34,Angers
4363,800891848,DIGITEMIS,5710,6202A,PME,80089184800015,O,2025-12-06T05:15:23,Angers
4364,794787002,HUMANCITY,5499,8810A,PME,79478700200037,O,2025-12-06T11:24:38,Angers
4365,786338657,UNION DES COOPERATIVES AGRICOLES D UTILISATION EN COMMUN DE MATERIEL AGRICOLE DES PAYS DE LA LOIRE,6318,9412Z,PME,78633865700079,O,2025-12-06T05:38:49,Angers
4366,788349694,SCPA JEAN BEUCHER ET AUTRES ASSOCIES,6561,6910Z,PME,78834969400018,O,2025-12-06T05:21:26,Angers
4367,799288501,MEDIACO OUEST,5499,4399E,ETI,79928850100015,O,2025-12-06T06:03:46,Angers
4368,839352077,GI CPC,5710,7820Z,PME,83935207700011,O,2025-12-06T05:59:57,Angers
4369,829751460,PASTA E TRADIZIONE,5710,4781Z,PME,82975146000025,O,2025-12-06T06:41:02,Angers
4370,832952832,SEL ARNAUD CERRUTI,5485,8621Z,PME,83295283200042,O,2025-12-06T05:19:42,Angers
4371,857801534,FRUIDIS,5710,4631Z,ETI,85780153400051,O,2025-12-06T05:25:22,Angers
4372,852228402,LENK INVEST,5710,6820A,PME,85222840200016,O,2026-06-03T14:00:39,Nimes
4373,852575984,EOLIENNES DU PAYS D'AUGE,5710,3511Z,ETI,85257598400061,O,2026-03-03T17:17:18,Nimes
4374,841887128,INTERACTION SUD RHONE,5710,7820Z,ETI,84188712800053,O,2025-12-06T05:23:38,Nimes
4375,853253029,MASTAU IMMO,5710,6619B,PME,85325302900088,O,2025-12-06T06:39:29,Nimes
4376,880260310,LOC PRO OCCITANIE,5710,7711A,PME,88026031000086,O,2025-12-06T05:56:05,Nimes
4377,883792442,DELGER,5499,5610C,PME,88379244200096,O,2025-12-06T05:23:30,Nimes
4378,823864152,MICHEL EQUIPEMENT,5710,4661Z,PME,82386415200017,O,2025-12-06T09:32:00,Nimes
4379,814982930,TJM CONSULTANT AUTOMOBILES,5710,4511Z,PME,81498293000087,O,2026-07-01T13:46:23,Nimes
4380,821234887,SCAFOM-RUX FRANCE,5710,7732Z,PME,82123488700049,O,2025-12-06T05:52:31,Nimes
4381,824972772,APAL MW,5710,7112B,PME,82497277200027,O,2025-12-06T06:14:36,Nimes
4382,827930900,SOLEIL DE BASILE,5710,3511Z,ETI,82793090000143,O,2025-12-06T06:20:51,Nimes
4383,828527960,OHH BON SUSHI,5710,1020Z,PME,82852796000052,O,2026-03-17T13:09:21,Nimes
4384,912040623,AUDIT ENERGETIQUE SOLUTION,5710,7112B,PME,91204062300015,O,2026-04-01T12:46:55,Nimes
4385,909615916,BR NIMES,5710,4646Z,ETI,90961591600014,O,2025-12-06T05:16:20,Nimes
4386,953409950,GUARDON,5710,8010Z,PME,95340995000011,O,2025-12-06T05:39:57,Nimes
4387,887832871,ECLOSON,5710,7022Z,PME,88783287100016,O,2025-12-06T06:56:41,Clermont-Ferrand
4388,301503066,GESTION 4 CONSEIL,5499,6920Z,PME,30150306600047,O,2025-12-06T05:15:08,Clermont-Ferrand
4389,302381645,EUCLID INGENIERIE,5558,7112B,PME,30238164500043,O,2025-12-06T07:32:04,Clermont-Ferrand
4390,057502510,ANTINEA COURTAGE D'ASSURANCES,5710,6622Z,PME,05750251000324,O,2026-06-03T15:07:40,Clermont-Ferrand
4391,313014805,ETABLISSEMENTS BERT,5599,4771Z,PME,31301480500169,O,2025-12-06T06:22:49,Clermont-Ferrand
4392,319960142,CEGI ALFA,5710,5829C,ETI,31996014200077,O,2025-12-06T05:16:17,Clermont-Ferrand
4393,478744584,D 2 C,5499,6820A,PME,47874458400036,O,2025-12-06T10:08:25,Clermont-Ferrand
4394,487605131,R CONFORT,5710,4322B,PME,48760513100050,O,2025-12-06T05:22:04,Clermont-Ferrand
4395,450544911,AMBULANCE TAXI GRANGE,5710,8690A,PME,45054491100099,O,2025-12-06T05:38:12,Clermont-Ferrand
4396,451158745,AR MAEZIOU,5499,6820A,PME,45115874500013,O,2025-12-26T19:00:38,Clermont-Ferrand
4397,489038190,ELLAN AUVERGNE SAS,5710,7712Z,ETI,48903819000018,O,2025-12-06T06:40:45,Clermont-Ferrand
4398,507391993,SMALY,5499,8121Z,PME,50739199300015,O,2026-03-30T15:19:45,Clermont-Ferrand
4399,509286712,UROREP,5485,8622C,PME,50928671200070,O,2025-12-06T11:32:17,Clermont-Ferrand
4400,482614799,LOJELIS,5710,6202A,PME,48261479900138,O,2025-12-06T05:15:10,Clermont-Ferrand
4401,489972406,APLICIT,5710,5829C,PME,48997240600123,O,2026-04-03T10:33:16,Tours
4402,490744315,TOURS BC,5710,5610C,PME,49074431500113,O,2025-12-06T06:22:00,Tours
4403,894507516,IMCL41 IMAGERIE MEDICALE DES CHATEAUX DE LA LOIRE,5785,8622A,PME,89450751600017,O,2025-12-06T11:10:37,Tours
4404,792702359,'LINEO,5710,4690Z,ETI,79270235900102,O,2025-12-06T08:03:41,Tours
4405,790746952,DEVENSYS,5710,6202A,PME,79074695200049,O,2026-07-13T13:14:34,Tours
4406,799858642,TDF SUD OUEST,5710,5520Z,PME,79985864200074,O,2025-12-06T05:43:38,Tours
4407,780108593,SCI LORIENTAISE,6540,6820B,PME,78010859300085,O,2025-12-06T07:37:23,Tours
4408,840844500,KRISTAL,5499,4751Z,PME,84084450000016,O,2026-07-01T13:46:49,Tours
4409,881013114,PEOPLE & BABY CCTVI,5499,8891A,ETI,88101311400015,O,2025-12-06T11:10:21,Tours
4410,821092772,LA GRANDE MAISON YOUNAN HOSPITALITY,5710,5610A,PME,82109277200069,O,2025-12-06T05:48:35,Tours
4411,982773103,LUMIERE,5710,6110Z,ETI,98277310300089,O,2026-02-09T15:33:50,Tours
4412,301862231,KWS FRANCE,5499,4621Z,ETI,30186223100059,O,2026-02-06T13:01:36,Tours
4413,808685200,CENTRE CARDIO-VASCULAIRE LORRAIN CLAUDE BERNARD,5485,8621Z,PME,80868520000012,O,2026-03-19T13:11:14,Metz
4414,503882011,DIGEL FRANCE,5499,4771Z,PME,50388201100011,O,2025-12-06T06:28:01,Metz
4415,509224440,EOLE BRIE CHAMPENOISE,5306,3511Z,PME,50922444000081,O,2025-12-06T05:34:31,Metz
4416,517673224,SWAP,5710,9522Z,PME,51767322400021,O,2026-02-10T13:12:59,Metz
4417,524453107,ANGIODOP,5485,8621Z,PME,52445310700012,O,2025-12-06T05:38:20,Metz
4418,514360551,YRONDEL ENERGIE,5710,3511Z,PME,51436055100071,O,2025-12-06T06:25:17,Metz
4419,515007524,DN & DG,5710,4778A,PME,51500752400017,O,2025-12-06T06:10:17,Metz
4420,753676626,BETONS FEIDT FRANCE,5710,2363Z,PME,75367662600025,O,2025-12-06T08:33:52,Metz
4421,539388173,FCS LAVAGE AUTO,5499,4520A,PME,53938817300012,O,2026-05-25T13:08:12,Metz
4422,451357073,LA CANOPEE,5499,8130Z,PME,45135707300084,O,2025-12-06T05:38:49,Metz
4423,794666453,IMT - PARTNERS,5710,7022Z,PME,79466645300046,O,2025-12-06T05:38:12,Metz
4424,797485356,HOLDING E.G.H.,5499,6630Z,PME,79748535600027,O,2025-12-06T07:30:01,Metz
4425,786080226,NICOLETTA ET CIE,5710,4334Z,PME,78608022600115,O,2025-12-06T05:14:35,Metz
4426,518746771,COIFFURE INO,5499,9602A,PME,51874677100014,O,2025-12-06T05:52:30,Besancon
4427,519293609,SOPEF (SOCIETE DE PRODUCTION D'ELECTRICITE DE FRAISANS),5710,3513Z,PME,51929360900011,O,2026-01-09T13:09:37,Besancon
4428,523988939,RESTAURANT L'ATELIER,5710,5610A,PME,52398893900014,O,2025-12-24T13:08:46,Besancon
4429,524429727,LIFE IS FUN,5499,4771Z,PME,52442972700034,O,2025-12-06T06:24:57,Besancon
4430,752778514,PHD HOLDING,5499,7010Z,PME,75277851400022,O,2025-12-06T11:32:24,Besancon
4431,752874222,KURE BAZAAR,5710,2042Z,PME,75287422200017,O,2025-12-06T05:53:46,Besancon
4432,753047083,AUTOS MOTORS AVENUE,5710,4511Z,ETI,75304708300021,O,2026-04-07T19:00:33,Besancon
4433,751824178,CELINE ET JONATHAN FIVEL,5499,1071C,PME,75182417800030,O,2025-12-06T06:05:21,Besancon
4434,752218164,UGO AND PLAY,5499,9001Z,PME,75221816400032,O,2026-06-02T18:00:30,Besancon
4435,536820236,CENTRALE LAITIERE DE FRANCHE COMTE,6318,4633Z,PME,53682023600050,O,2025-12-06T05:22:33,Besancon
4436,793907783,DEVELOPPEMENT EXPLOITATION FINANCEMENT DANS L'EQUIPEMENT DE LA MAISON,5710,4778C,PME,79390778300013,O,2025-12-06T10:47:06,Besancon
4437,810938811,ACTALAW,5785,6910Z,PME,81093881100017,O,2026-05-19T10:41:09,Besancon
4438,438014227,PARTNAIRE ILE DE FRANCE NORD OUEST,5710,7820Z,ETI,43801422700203,O,2025-12-06T05:13:56,Orleans
4439,577150113,SOCIETE DE TRANSPORTS L'ETOILE ROUTIERE PAYS DE LA LOIRE,5710,4941B,ETI,57715011300089,O,2026-02-13T13:16:23,Orleans
4440,480219898,ALLIANCE SUD OUEST,5499,7820Z,PME,48021989800107,O,2025-12-06T05:20:56,Orleans
4441,951502376,MAD,5710,9321Z,PME,95150237600019,O,2026-06-11T11:31:44,Orleans
4442,981056716,TURONYA,5499,4759B,PME,98105671600062,O,2025-12-06T05:32:33,Orleans
4443,827691528,ADWORK'S 9,5710,7820Z,ETI,82769152800042,O,2025-12-06T05:31:02,Orleans
4444,818016073,ECO FRANCE PARTNERS,5710,4322B,PME,81801607300046,O,2026-02-27T12:54:21,Orleans
4445,820625184,LEAD'UP,5710,3320D,PME,82062518400016,O,2026-03-04T13:08:57,Orleans
4446,806420360,EDITIONS TECHNIQUES POUR L'AUTOMOBILE ET L'INDUSTRIE (ETAI),5710,6391Z,ETI,80642036000174,O,2025-12-06T05:23:19,Orleans
4447,841653553,SAULNIER - PONROY ET ASSOCIES MANDATAIRES JUDICIAIRES,5710,6910Z,PME,84165355300013,O,2025-12-06T05:14:36,Orleans
4448,898746052,GS DISTRIB,5499,4799B,PME,89874605200015,O,2026-06-25T15:31:30,Orleans
4449,793792060,INGSOLS,5710,7112B,PME,79379206000022,O,2026-08-21T17:31:36.307,Orleans
4450,307131854,"SOCIETE ORLEANAISE DE PUBLICATION, D'EDITIONS ET DE PUBLICITE",5499,5813Z,PME,30713185400134,O,2025-12-06T05:22:42,Orleans
4451,381549724,C.A.B. CENTRE ALSACE BETON,5499,2363Z,PME,38154972400015,O,2025-12-06T05:25:21,Mulhouse
4452,339907859,C W L,5499,4634Z,PME,33990785900039,O,2025-12-06T05:57:03,Mulhouse
4453,340039809,SARL AUDITION GUTLEBEN,5499,4774Z,PME,34003980900074,O,2025-12-06T09:26:50,Mulhouse
4454,383745098,HORIZONS,5710,5510Z,PME,38374509800046,O,2025-12-06T05:46:12,Mulhouse
4455,378715775,MARTIN DISTRIBUTION,5710,4711D,PME,37871577500011,O,2025-12-06T06:29:37,Mulhouse
4456,379206212,MAHLE FRANCE SAS,5710,4531Z,ETI,37920621200076,O,2025-12-06T05:56:33,Mulhouse
4457,344022231,CINEST,5499,5914Z,PME,34402223100072,O,2026-02-18T13:13:16,Mulhouse
4458,388178659,BEYSANG ENERGIES,5710,4671Z,PME,38817865900024,O,2025-12-06T05:20:37,Mulhouse
4459,384137857,SIGVARIS,5710,1431Z,ETI,38413785700031,O,2025-12-06T05:25:13,Mulhouse
4460,385114467,TERTIO - S.A.S.U,5710,7311Z,PME,38511446700033,O,2025-12-06T05:14:57,Mulhouse
4461,397622119,COLMAR CUISINE CREATION,5499,4759A,PME,39762211900030,O,2025-12-06T06:20:01,Mulhouse
4462,429960321,A LOUER,5499,6832A,ETI,42996032100025,O,2025-12-06T05:19:30,Caen
4463,424813772,SOTRAFRAN,5499,4399C,PME,42481377200086,O,2025-12-06T06:23:13,Caen
4464,419632286,CLARANET,5710,6311Z,ETI,41963228600078,O,2026-02-16T15:32:21,Caen
4465,377854385,SOMTP NORMANDIE,5710,4663Z,ETI,37785438500038,O,2025-12-06T05:14:21,Caen
4466,378937015,LE VACON VOYAGES NORMANDIE,5599,7911Z,PME,37893701500188,O,2025-12-06T06:34:07,Caen
4467,350279717,C - BOUTIQUES 2,5499,4772B,PME,35027971700036,O,2025-12-06T06:22:58,Caen
4468,428171102,FABRICE JURZAK CONSTRUCTIONS SA,5710,4120A,PME,42817110200067,O,2025-12-06T06:28:08,Caen
4469,428669816,SOFEMAT,5710,4663Z,ETI,42866981600012,O,2026-01-28T13:11:08,Caen
4470,339713869,TALENZ ALTEIS AUDIT,5710,6920Z,ETI,33971386900016,O,2025-12-06T05:14:33,Caen
4471,340721711,C - BOUTIQUES 1,5499,4772B,PME,34072171100042,O,2025-12-06T08:10:03,Caen
4472,389129115,SARL COMPAGNIE DES PERMIS,5499,8553Z,PME,38912911500041,O,2025-12-06T05:39:25,Caen
4473,519126635,PLENITUDE,5710,9603Z,ETI,51912663500027,O,2026-07-15T12:00:25,Caen
4474,515229623,2 LR,5499,4778A,PME,51522962300035,O,2026-07-21T19:00:47,Caen
4475,522305473,ACTILITY,5710,6190Z,PME,52230547300012,O,2026-04-01T08:30:17,Caen
4476,751949868,ACCESSOIRES PIECES AUTOMOBILES 14,5499,4532Z,ETI,75194986800010,O,2025-12-06T06:26:53,Caen
4477,801819483,SECRET MAGIQUE,5499,4778C,PME,80181948300018,O,2025-12-06T06:22:00,Caen
4478,833979370,G R F,5499,6831Z,PME,83397937000057,O,2025-12-06T06:19:55,Nancy
4479,845231356,GREENIZ,5710,6619B,ETI,84523135600138,O,2026-07-03T17:00:24,Nancy
4480,424995785,BAKER BOX,5710,4669B,PME,42499578500146,O,2026-08-11T09:16:30.971,Nancy
4481,394390850,CEDECEL FRANCE,5599,3511Z,PME,39439085000029,O,2026-08-06T09:09:25.904,Nancy
4482,310381116,ANTOINE EST,5710,4941A,ETI,31038111600063,O,2025-12-06T05:25:20,Nancy
4483,317557205,TRANSPORTS QUIL,5710,4941B,ETI,31755720500042,O,2026-07-01T13:46:45,Nancy
4484,380438093,FERNOLLA,5499,4759A,PME,38043809300110,O,2025-12-06T06:22:58,Nancy
4485,883832396,CHARENTE MARITIME BIOGAZ 1,5710,3511Z,ETI,88383239600013,O,2025-12-06T07:57:53,Poitiers
4486,889511713,LIBERATION,5710,5610C,PME,88951171300048,O,2026-04-17T13:14:41,Poitiers
4487,893459842,PANDASUSHI,5710,5610C,PME,89345984200041,O,2026-03-26T13:25:38,Poitiers
4488,891190886,LMG NOTAIRES,5485,6910Z,PME,89119088600012,O,2025-12-06T05:37:57,Poitiers
4489,891754236,DOCTEUR CHLOE DE BEKETCH,5485,8622C,PME,89175423600018,O,2025-12-06T06:04:24,Poitiers
4490,878358886,QUICK FRANCE EXPLOITATION,5710,5610C,ETI,87835888600074,O,2025-12-06T05:16:53,Poitiers
4491,818273773,IEL EXPLOITATION 56,5499,3511Z,PME,81827377300015,O,2025-12-06T06:04:08,Poitiers
4492,823983044,PBA - PETIT BOUCHON AUTHENTIQUE,5499,5610A,PME,82398304400012,O,2025-12-06T07:24:59,Poitiers
4493,814590394,HCL,5710,7022Z,PME,81459039400056,O,2025-12-16T14:31:27,Poitiers
4494,821809571,TECHNIQUE SOLAIRE INVEST 30,5499,3511Z,ETI,82180957100028,O,2025-12-06T06:21:38,Poitiers
4495,820892750,SO KEB,5710,5610C,PME,82089275000028,O,2026-03-18T13:15:10,Poitiers
4496,821229291,AQUITAINE IMMOBILIER STRATEGIES,5499,6831Z,PME,82122929100025,O,2025-12-06T06:10:02,Poitiers
4497,826520132,SODAC DES NATIONS,5710,4511Z,ETI,82652013200026,O,2025-12-06T05:25:31,Poitiers
4498,819998105,PRESTIGE RENCONTRE,5710,9609Z,PME,81999810500053,O,2025-12-06T09:04:23,Poitiers
4499,313861924,ACOBAT,5599,4329A,PME,31386192400063,O,2025-12-06T07:47:10,Annecy
4500,305931321,PROVENCIA-NOVEL,5710,4711D,PME,30593132100049,O,2025-12-06T05:16:17,Annecy
4501,440331452,O'NEILL FRANCE SAS,5710,4771Z,PME,44033145200167,O,2026-03-13T12:01:04,Annecy
4502,438854697,SVI 74,5710,4511Z,ETI,43885469700010,O,2025-12-06T11:12:58,Annecy
4503,439548199,GROUPE ALTHAYS,5710,6202A,PME,43954819900108,O,2025-12-06T05:38:19,Annecy
4504,432152593,MONT-BLANC AUTOMOBILES,5710,4511Z,ETI,43215259300096,O,2025-12-06T10:07:54,Annecy
4505,432863728,CONSTRUCTA PROMOTION,5710,4110A,ETI,43286372800056,O,2025-12-06T05:13:43,Annecy
4506,429320930,RAFFIN & ASSOCIES COURTAGE,5499,6622Z,PME,42932093000028,O,2025-12-06T06:54:52,Annecy
4507,433536190,ACAF,5710,4329B,ETI,43353619000088,O,2025-12-06T06:34:08,Annecy
4508,431226158,2A ANIMATIONS ET ACTIONS COMMERCIALES,5710,8230Z,PME,43122615800126,O,2026-06-30T13:09:59,Annecy
4509,421658048,AUTO MEDITERRANEE,5202,4511Z,ETI,42165804800101,O,2025-12-06T11:12:20,Annecy
4510,424378180,PNA,5710,4511Z,ETI,42437818000014,O,2025-12-06T05:16:18,Annecy
4511,411299977,BUGEY OPTIQUE,5710,4778A,PME,41129997700065,O,2025-12-06T08:16:33,Annecy
4512,411354962,ALTUS,5710,4299Z,PME,41135496200044,O,2026-05-12T13:59:39,Annecy
4513,417610896,ASCIER,5710,4329B,PME,41761089600108,O,2026-02-09T13:11:18,Annecy
4514,889107058,BREIZH SAS,5710,8810A,PME,88910705800071,O,2025-12-06T05:40:11,Paris
4515,479980914,BMVIROLLE,5599,5229A,ETI,47998091400010,O,2026-01-15T19:01:34,Paris
4516,672012168,SOC SELF SERVICE JUMIN,5499,9601B,PME,67201216800015,O,2026-07-27T13:22:41,Paris
4517,400151536,CEMEX BETONS RHONE-ALPES,5710,2363Z,ETI,40015153600754,O,2025-12-06T08:20:54,Paris
4518,402191662,JANUS SAS,5710,7820Z,ETI,40219166200277,O,2026-01-12T12:31:46,Paris
4519,405050071,OUILAB - BIOSMOSE IDF,5785,8690B,PME,40505007100035,O,2026-03-06T19:02:00,Paris
4520,308393354,CARRIERES DE THIVIERS,5710,0812Z,ETI,30839335400011,O,2025-12-06T06:26:52,Paris
4521,429928898,LCS INTERNATIONAL SAS,5710,4642Z,ETI,42992889800353,O,2025-12-06T06:57:25,Paris
4522,433796828,ECOLE DENTAIRE FRANCAISE - ESAD,5710,8559B,PME,43379682800104,O,2026-06-10T11:31:37,Paris
4523,415073758,CLOPI RESEAU,5710,4778C,PME,41507375800401,O,2026-05-28T13:10:36,Paris
4524,521758961,5 SENS RESTAURATION,5499,5629A,PME,52175896100010,O,2026-05-15T05:13:43,Paris
4525,793813940,CSOL 2,5202,3511Z,ETI,79381394000244,O,2025-12-06T10:58:44,Paris
4526,899284269,SPV-TI.04.21,5710,3511Z,ETI,89928426900011,O,2025-12-06T06:00:27,Lyon
4527,326624244,MATIERE,5710,4213A,ETI,32662424400413,O,2026-08-20T18:30:52.642,Lyon
4528,424394807,MONTEIRO,5710,3320A,ETI,42439480700137,O,2026-06-17T13:07:47,Marseille
4529,353859580,ECOSPHERE,5710,7112B,PME,35385958000246,O,2026-03-20T17:46:34,Marseille
4530,523134476,MECOTECH INVEST,5710,3511Z,ETI,52313447600457,O,2025-12-06T06:16:18,Marseille
4531,524072089,SILVYA TERRADE SUD-EST,5710,8559A,ETI,52407208900021,O,2025-12-06T05:37:56,Marseille
4532,581980620,TRAPY PRO,5710,4669A,PME,58198062000123,O,2025-12-06T07:26:36,Toulouse
4533,820399152,DACADI,5710,4772B,PME,82039915200017,O,2025-12-06T05:43:38,Toulouse
4534,843570409,AFD19,5499,3511Z,ETI,84357040900030,O,2025-12-06T06:22:59,Toulouse
4535,570800375,COMPAGNIE INDUSTRIELLE DU ROULEMENT,5499,4669B,ETI,57080037500067,O,2026-08-03T16:00:32.284,Toulouse
4536,315065300,MAX MARA S.A.S.,5710,4771Z,ETI,31506530000024,O,2025-12-06T05:22:12,Toulouse
4537,824901623,V.GAS SUD EST,5710,4671Z,ETI,82490162300010,O,2025-12-06T05:26:29,Lille
4538,514894443,VANDENCASTEELE DISTRIBUTION,5710,4711A,PME,51489444300019,O,2026-08-11T12:56:56.166,Lille
4539,330942053,KEREIS EXPERTISES,5710,6622Z,ETI,33094205300035,O,2026-04-06T13:20:23,Lille
4540,333354645,C.C.V.,5710,4771Z,ETI,33335464500116,O,2025-12-06T07:26:27,Lille
4541,414344721,NORMANDIE DISTRIBUTION SERVICE,5499,4759B,PME,41434472100033,O,2026-07-20T10:32:54,Lille
4542,978629863,MON SERRURIER,5710,4332B,PME,97862986300017,O,2026-05-22T15:41:42,Lille
4543,848290169,EVV,5710,4621Z,ETI,84829016900020,O,2026-03-17T20:14:03,Bordeaux
4544,831676556,NOT'ATLANTIQUE NOTAIRES ASSOCIES,5710,6910Z,PME,83167655600051,O,2026-06-04T13:12:04,Bordeaux
4545,819441411,WORLD FUEL SERVICES FRANCE SAS,5710,4671Z,ETI,81944141100165,O,2025-12-06T06:35:47,Bordeaux
4546,312010820,BBL CARGO,5710,5229B,ETI,31201082000032,O,2026-06-17T13:06:33,Nantes
4547,318827763,COMPTOIR GENERAL DE ROBINETTERIE,5710,4674B,ETI,31882776300042,O,2025-12-06T05:57:03,Nantes
4548,320116916,ENTR TRAVAUX PUBLICS DE L OUEST,5599,4120B,ETI,32011691600281,O,2025-12-06T08:52:27,Nantes
4549,483628764,LITTORAL PLACEMENT,5710,7820Z,ETI,48362876400167,O,2026-04-30T13:31:43,Nantes
4550,308128354,NANTES METROPOLE GESTION EQUIPEMENTS,5515,5221Z,PME,30812835400310,O,2026-03-17T13:10:07,Nantes
4551,512308321,ENVISOL,5710,7112B,PME,51230832100052,O,2026-06-24T08:49:51,Nantes
4552,344660659,L.V. TEC,5710,7732Z,ETI,34466065900097,O,2026-04-15T18:46:43,Nantes
4553,433911948,LOXAM MODULE SAS,5710,7732Z,ETI,43391194800159,O,2026-02-18T17:26:15,Nantes
4554,390144475,REGUS PARIS SA,5710,6820B,ETI,39014447500014,O,2026-02-13T11:35:02,Strasbourg
4555,480772326,REALITES MAITRISE D'OUVRAGE,5710,4110A,ETI,48077232600207,O,2025-12-06T08:45:25,Strasbourg
4556,810836403,VIVIALYS SERVICES,5499,7490B,ETI,81083640300016,O,2026-05-28T13:15:44,Strasbourg
4557,391616737,SERVICE TECHNIQUE TOPOGRAPHIE LASER,5710,4669A,PME,39161673700022,O,2026-07-03T13:14:08,Strasbourg
4558,392131728,ATERNO SA,5710,2751Z,ETI,39213172800066,O,2026-05-27T11:51:10,Strasbourg
4559,517440186,CRELY,5499,4777Z,PME,51744018600016,O,2025-12-06T07:34:46,Strasbourg
4560,518529748,HYDROSCAND,5710,4669B,PME,51852974800171,O,2025-12-10T15:00:55,Strasbourg
4561,514112176,ADI,5710,8559A,PME,51411217600037,O,2026-06-05T18:06:47,Strasbourg
4562,493391114,VIESSMANN FRANCE,5710,4674B,ETI,49339111400011,O,2026-07-23T13:01:29,Strasbourg
4563,755501160,BERNARDAUD,5699,2341Z,ETI,75550116000146,O,2025-12-06T05:43:37,Strasbourg
4564,751232653,M.E.V,5499,4771Z,PME,75123265300012,O,2025-12-06T05:40:03,Strasbourg
4565,734500358,ASTIC EMBALLAGE,5710,4676Z,PME,73450035800118,O,2025-12-06T05:43:29,Strasbourg
4566,736220377,SOCIETE D'AMENAGEMENT FONCIER ET D'ETABLISSEMENT RURAL GRAND EST,5530,4110C,PME,73622037700146,O,2026-07-21T14:32:55,Strasbourg
4567,482972601,AUDITION MAURICE FRERES,5710,4774Z,ETI,48297260100165,O,2026-05-20T11:01:09,Strasbourg
4568,805399821,BUREAUX & CO,5710,8211Z,PME,80539982100018,O,2026-02-23T13:09:27,Montpellier
4569,848861175,EDILIZIACROBATICA FRANCE,5710,4399D,PME,84886117500018,O,2026-04-02T13:17:10,Montpellier
4570,908329022,SILOSUN PV9,5710,3511Z,PME,90832902200176,O,2026-02-18T19:01:52,Montpellier
4571,830059374,ELEVEN PARIS,5710,4771Z,PME,83005937400090,O,2026-08-10T12:30:31.968,Montpellier
4572,304189004,SCP FRANCE,5710,4673B,ETI,30418900400084,O,2026-07-01T13:46:45,Montpellier
4573,321486631,INOPATH,5785,8621Z,PME,32148663100088,O,2026-07-31T14:32:13,Montpellier
4574,317805323,CREOCEAN,5710,7112B,ETI,31780532300100,O,2025-12-06T05:27:10,Montpellier
4575,481951655,BRETAGNE HOME SERVICE,5499,8891A,PME,48195165500101,O,2026-07-23T13:10:08,Rennes
4576,811602903,CAP SOLAR 61,5710,3511Z,PME,81160290300205,O,2026-02-13T16:01:50,Rennes
4577,504720061,HEMO SERVICES,5710,4941B,PME,50472006100101,O,2026-07-08T13:10:33,Rennes
4578,509460770,OMR INFOGERANCE,5710,9511Z,ETI,50946077000019,O,2025-12-06T05:18:42,Rennes
4579,529509101,LEGENDRE GENIE CIVIL,5710,4120B,ETI,52950910100018,O,2026-01-24T11:31:35,Rennes
4580,754014777,MAYERS INGENIERIE & ENVIRONNEMENT,5710,7112B,ETI,75401477700124,O,2025-12-06T10:45:17,Rennes
4581,451399729,OPMOBILITY EXTERIOR FRANCE,5710,2932Z,ETI,45139972900016,O,2026-07-17T17:16:38,Rennes
4582,794482794,CAP SOLAR 09,5710,3511Z,ETI,79448279400045,O,2026-06-05T13:31:09,Rennes
4583,842295685,ARTICONNEX,5710,4673A,PME,84229568500023,O,2026-04-08T14:31:40,Rennes
4584,820465219,CENTRALES VILLAGEOISES DU GRESIVAUDAN,5710,3511Z,PME,82046521900021,O,2025-12-06T05:35:28,Grenoble
4585,852571769,NEMEA CAMPUS,5710,6820B,ETI,85257176900011,O,2025-12-06T05:19:12,Grenoble
4586,389270893,FELIX FAURE AUTOMOBILES,5710,4511Z,ETI,38927089300172,O,2026-08-21T18:06:28.028,Grenoble
4587,315202564,ZIMMER BIOMET FRANCE,5710,4646Z,ETI,31520256400193,O,2025-12-06T07:16:54,Grenoble
4588,064503089,LELY ENVIRONNEMENT,5710,3811Z,ETI,06450308900092,O,2026-06-17T15:24:01,Grenoble
4589,070503446,SPL DU GRESIVAUDAN,5599,9311Z,PME,07050344600125,O,2025-12-09T12:07:03,Grenoble
4590,316655455,SARL IMMOVAC,5710,6832A,PME,31665545500335,O,2025-12-06T05:37:55,Grenoble
4591,321578833,ADRET INGENIEURS ASSOCIES RICHARD MAINGUENAUD - JEAN-PASCAL ROCHE - BENOIT MARAVAL,5499,7112B,PME,32157883300055,O,2025-12-06T05:21:05,Grenoble
4592,301503231,SPL M TAG,5510,4931Z,ETI,30150323100039,O,2025-12-06T09:12:11,Grenoble
4593,831268156,LOSANGE EXPLOITATION,5710,4321A,ETI,83126815600039,O,2025-12-06T07:07:26,Rouen
4594,832912414,DARDENNE AUDITION,5710,4774Z,PME,83291241400071,O,2026-06-12T17:00:37,Rouen
4595,824625933,SARZEDELA,5499,7830Z,PME,82462593300059,O,2025-12-06T05:39:34,Rouen
4596,432371342,CORDON ELECTRONICS,5710,9512Z,ETI,43237134200028,O,2026-08-19T08:10:43.565,Rouen
4597,792541336,SPIL,5710,5210B,ETI,79254133600014,O,2026-08-11T11:01:01.026,Rouen
4598,798234563,VAP'STATION 2,5710,4778C,PME,79823456300061,O,2026-08-10T14:30:50.284,Rouen
4599,485351704,SEAFRIGO LOGISTIQUE,5710,5210B,ETI,48535170400161,O,2026-08-03T20:48:28.475,Rouen
4600,539775494,ALF SHOES,5710,4772A,PME,53977549400070,O,2026-08-06T13:09:58.146,Rouen
4601,399596808,AIP INGENIERIE,5710,7112B,PME,39959680800150,O,2026-08-04T13:06:52.027,Rouen
4602,888107034,ALL INCLUSIVE,5710,7022Z,PME,88810703400017,O,2026-06-30T09:00:50,Rouen
4603,562055244,HEMPEL (FRANCE),5710,4675Z,PME,56205524400510,O,2025-12-06T05:41:31,Rouen
4604,562071423,UNIVAR SOLUTIONS,5710,4675Z,ETI,56207142300528,O,2025-12-06T06:11:52,Rouen
4605,838317501,LES INTREPIDES,5710,4771Z,PME,83831750100016,O,2026-05-13T16:33:28,Dijon
4606,852821206,ACOLYT GROUPE,5710,7022Z,PME,85282120600079,O,2026-05-13T11:35:41,Dijon
4607,845397587,BATIGONE CONTRACTANT GENERAL,5710,7112B,PME,84539758700062,O,2025-12-06T08:12:48,Dijon
4608,850552134,VIGNOBLES SALMANAZAR,5499,1102B,PME,85055213400031,O,2025-12-06T10:49:23,Dijon
4609,817953375,ACADIR,5710,6202A,PME,81795337500067,O,2026-07-08T13:01:17,Dijon
4610,822848487,AGIS,5785,6910Z,PME,82284848700010,O,2025-12-06T05:19:31,Dijon
4611,821149697,HORIZON JOB AGENCE D'EMPLOI,5710,7820Z,ETI,82114969700053,O,2025-12-06T05:37:41,Dijon
4612,917573149,RENCAR AUTOMOBILE,5710,4511Z,PME,91757314900098,O,2026-03-11T13:31:00,Dijon
4613,918191180,AC VIGNES,5710,4675Z,ETI,91819118000010,O,2026-03-04T13:15:21,Dijon
4614,412561706,CORIANCE,5710,3530Z,ETI,41256170600042,O,2026-08-06T09:09:24.506,Dijon
4615,302280755,JACQUET,5710,4399C,ETI,30228075500075,O,2026-05-12T14:11:58,Dijon
4616,016850612,FINANCIA EXPERT,5499,6920Z,ETI,01685061200165,O,2025-12-06T07:04:00,Dijon
4617,017351370,AUDIT GESTION CONSEIL,5710,6920Z,PME,01735137000063,O,2026-06-22T16:00:42,Dijon
4618,844553339,EXPERF CENTRE,5710,4774Z,ETI,84455333900012,O,2025-12-06T05:16:53,Angers
4619,851560151,SCIC VILLAGE DIGITAL,5460,8211Z,PME,85156015100025,O,2025-11-19T08:04:19,Angers
4620,882302607,LGPRO,5710,6832A,PME,88230260700016,O,2025-12-06T11:15:45,Angers
4621,883545295,LAMINAM FRANCE,5710,4676Z,PME,88354529500056,O,2026-03-09T11:35:22,Angers
4622,888682002,ATELIER IMMO,5710,6831Z,PME,88868200200017,O,2026-01-21T14:00:50,Angers
4623,889234423,GLOW UP INVEST,5710,6420Z,PME,88923442300016,O,2026-06-10T21:29:46,Angers
4624,885270314,EURL LMO CONSEILS,5499,9609Z,PME,88527031400010,O,2025-12-06T06:25:36,Angers
4625,885850248,THERMAL CERAMICS DE FRANCE,5710,2314Z,ETI,88585024800091,O,2025-12-06T05:14:59,Angers
4626,821999216,HOLDING GRAMMONT 37,5499,6420Z,PME,82199921600020,O,2026-02-26T15:01:14,Angers
4627,820683787,INDUSTRIAL INVEST,5710,6619B,PME,82068378700031,O,2025-12-06T06:16:19,Angers
4628,827778291,PAVILLON CHRISTIAN,5499,8129A,PME,82777829100035,O,2026-07-07T14:54:41,Angers
4629,652050329,SOC CAVIAR PETROSSIAN,5599,4638B,ETI,65205032900018,O,2025-12-06T05:13:56,Angers
4630,662015072,EFICIO,5710,6920Z,PME,66201507200108,O,2025-12-06T05:39:11,Angers
4631,676250111,VETOQUINOL S.A,5599,2120Z,ETI,67625011100017,O,2025-12-06T06:15:08,Angers
4632,820374676,TELE IMAGERIE DU MAINE,5710,8622A,PME,82037467600014,O,2025-12-06T05:40:19,Angers
4633,920822905,TNG,5710,4646Z,PME,92082290500013,O,2025-12-06T06:33:21,Angers
4634,920853322,MEDALLIANCE,5710,8621Z,PME,92085332200013,O,2026-05-28T12:00:31,Angers
4635,844709139,EXPERTIS BEZIERS,5710,7820Z,PME,84470913900019,O,2026-08-11T12:06:31.253,Nimes
4636,350894044,BIANUCCI MATERIAUX,5710,4673A,PME,35089404400014,O,2026-08-04T13:10:36.670,Nimes
4637,511150765,EOLIENNES DES TROIS ORMES,5710,3511Z,PME,51115076500069,O,2026-08-06T09:09:27.081,Nimes
4638,682030895,EXIDE TECHNOLOGIES SAS,5710,2720Z,ETI,68203089500861,O,2026-08-06T09:09:25.064,Nimes
4639,889419156,SCM OPHTA TOP,6589,6619A,PME,88941915600019,O,2025-12-06T05:21:47,Nimes
4640,893160879,OCTAVE SOLUTIONS AUDITIVES,5499,4774Z,PME,89316087900019,O,2025-12-06T09:31:38,Nimes
4641,880702816,EOLIENNES DE GARINETTE,5710,3511Z,ETI,88070281600054,O,2026-02-10T10:36:55,Nimes
4642,895184463,NK SERVICES,5710,1812Z,PME,89518446300019,O,2026-06-30T16:31:14,Nimes
4643,301853784,LE SARMENT,5710,4759A,PME,30185378400017,O,2026-01-28T13:08:24,Nimes
4644,055802995,SOC PROVENCALE MATERIEL SOUDURE,5710,4669B,PME,05580299500062,O,2025-12-06T06:16:26,Nimes
4645,333747012,HORLOGES PLAIRE,5710,4321A,PME,33374701200057,O,2025-12-06T05:41:02,Clermont-Ferrand
4646,352042345,HARVEST FRANCE,5710,5829C,ETI,35204234500111,O,2025-12-06T06:32:27,Clermont-Ferrand
4647,401224415,SIGMA NET SANTE,5710,4646Z,PME,40122441500026,O,2025-12-06T05:40:25,Clermont-Ferrand
4648,327357570,EXPE SPELEMAT,5710,4791B,PME,32735757000065,O,2025-12-06T10:50:07,Clermont-Ferrand
4649,321591745,SEHCOR GROUPE,5710,4674B,PME,32159174500021,O,2025-12-06T05:44:43,Clermont-Ferrand
4650,305824476,CERCLE ENTREPRISE,5710,7112B,ETI,30582447600124,O,2025-12-06T05:52:29,Clermont-Ferrand
4651,382853802,L ALSACIENNE DE GASTRONOMIE,5499,4722Z,PME,38285380200082,O,2025-12-06T07:36:59,Clermont-Ferrand
4652,440899318,VAL D ALLIER INTERIM,5710,7820Z,PME,44089931800024,O,2025-12-06T07:57:37,Clermont-Ferrand
4653,439521022,VALVERT REGIONALE D ASSAINISSEMENT,5499,3700Z,PME,43952102200053,O,2025-12-06T05:43:21,Clermont-Ferrand
4654,432079168,CONTROLE AUTOMOBILE MARTROIS,5499,7120A,PME,43207916800014,O,2025-12-06T07:34:07,Clermont-Ferrand
4655,424235976,MARBRERIE DABRIGEON,5499,2370Z,ETI,42423597600018,O,2025-12-06T08:03:54,Clermont-Ferrand
4656,411606387,MAISON ET JARDIN,5710,4120A,ETI,41160638700107,O,2025-12-06T07:45:33,Clermont-Ferrand
4657,378530547,FAURE-AUVERGNE,5710,4939A,PME,37853054700017,O,2025-12-06T06:34:07,Clermont-Ferrand
4658,347735664,MEDITERRANEENNE LOGISTIQUE TRANSPORT,5710,4941A,PME,34773566400034,O,2025-12-06T05:37:47,Clermont-Ferrand
4659,350361838,GRAPHIC APPLICATION,5710,7311Z,PME,35036183800021,O,2026-01-15T13:18:22,Clermont-Ferrand
4660,350408183,TRAVAUX PUBLICS ET INDUSTRIELS,5710,7732Z,PME,35040818300050,O,2025-12-06T05:27:10,Clermont-Ferrand
4661,435203450,TOPOCENTER,5710,4652Z,ETI,43520345000240,O,2025-12-06T05:25:13,Clermont-Ferrand
4662,319394797,SALAUN HOLIDAYS,5710,7911Z,ETI,31939479700066,O,2025-12-06T05:25:12,Tours
4663,508334091,THIL CHOCOLATIER,5710,1082Z,ETI,50833409100073,O,2026-03-17T19:49:13,Tours
4664,334148376,BERTUCELLI,5710,4322A,PME,33414837600067,O,2025-12-06T05:22:03,Tours
4665,397889957,VECTEUR SCAN,5710,7112B,ETI,39788995700098,O,2025-12-06T05:38:19,Tours
4666,401813811,RIVAGES EXOTIQUES RIVEX,5499,4729Z,PME,40181381100049,O,2025-12-06T06:39:27,Tours
4667,344946835,AMBULANCES POTTIER,5710,8690A,PME,34494683500016,O,2026-03-19T14:08:12,Tours
4668,310288220,AIA MANAGEMENT DE PROJETS,5710,7112B,ETI,31028822000133,O,2025-12-06T05:43:36,Tours
4669,853706323,LDNE,5710,4778C,PME,85370632300013,O,2025-12-06T11:03:44,Metz
4670,881504302,OFFICESTATION,5710,6820B,PME,88150430200012,O,2026-07-07T05:13:39,Metz
4671,878873348,LA MAISON BLEUE - VAL DE FENSCH,5499,8891A,ETI,87887334800014,O,2025-12-06T07:57:53,Metz
4672,819213448,WEMA AUDIT,5710,6920Z,PME,81921344800015,O,2026-01-19T13:13:16,Metz
4673,828534438,GROUPE CTS,5710,7120A,PME,82853443800019,O,2025-12-06T06:13:26,Metz
4674,907843627,GROUPE GAIA,5710,4759B,PME,90784362700015,O,2025-12-06T06:19:39,Metz
4675,785718776,FLAKTGROUP FRANCE,5710,7112B,ETI,78571877600178,O,2026-08-19T08:12:22.717,Metz
4676,800526774,ACTILOC,5710,7732Z,PME,80052677400024,O,2026-08-19T13:09:50.181,Metz
4677,343525994,PAUL FURNION - SAS,5710,6621Z,PME,34352599400020,O,2026-08-14T15:46:27.609,Metz
4678,838591162,PJ STORE,5710,4771Z,PME,83859116200121,O,2026-08-03T19:32:29.023,Metz
4679,882800196,ECOLE D ENSEIGNEMENT SUPERIEUR CONSULAIRE DE MEURTHE ET MOSELLE,5710,8542Z,PME,88280019600017,O,2026-03-02T10:32:04,Metz
4680,804097285,SPEED VITRE NETTOYAGE MULTI SERVICES,5499,8121Z,PME,80409728500048,O,2025-12-09T09:53:58,Besancon
4681,804647006,MELEA,5499,5610C,PME,80464700600043,O,2025-12-06T05:13:15,Besancon
4682,538496076,DOUCE COMTOISE,5499,1072Z,PME,53849607600018,O,2025-12-06T05:40:55,Besancon
4683,538866278,CEPMA SERVICES,5499,8810A,PME,53886627800012,O,2025-12-06T06:37:25,Besancon
4684,803859503,AU CLAIR DE LA LUNE,5499,8891A,PME,80385950300028,O,2025-12-06T05:12:17,Besancon
4685,794257543,JF RETAIL,5710,4759B,PME,79425754300015,O,2025-12-06T06:20:50,Besancon
4686,794919613,LA MAIN NOIRE,5710,9609Z,PME,79491961300040,O,2026-07-13T11:00:28,Besancon
4687,795151885,ATHEO INGENIERIE,5710,6202A,ETI,79515188500048,O,2026-03-27T13:01:10,Besancon
4688,795178300,ECL DEVELOPPEMENT,5710,7010Z,ETI,79517830000021,O,2025-12-06T05:25:14,Besancon
4689,795190594,DE PAOLIS ET FILS,5499,4399C,PME,79519059400015,O,2025-12-06T06:29:55,Besancon
4690,798707956,S.A.S. PRODEV,5710,7490A,PME,79870795600073,O,2026-02-25T16:07:26,Besancon
4691,799429808,FABADEL EURL,5499,1071D,PME,79942980800014,O,2025-12-06T06:03:46,Besancon
4692,799687298,PARISOT-LA MAURESQUE,5499,5610C,PME,79968729800015,O,2026-03-12T16:00:57,Besancon
4693,791707540,CARROSSERIE DOLE,5499,4520A,PME,79170754000047,O,2025-12-06T06:23:21,Besancon
4694,682820055,ETABLISSEMENTS BONNET,5599,4722Z,PME,68282005500015,O,2025-12-06T06:05:13,Besancon
4695,702820192,MANULOC BFC,5710,7739Z,ETI,70282019200079,O,2025-12-06T05:25:14,Besancon
4696,712820638,TRANSPORTS JEANNERET ET COMPAGNIE,5499,4941A,PME,71282063800013,O,2025-12-06T11:15:37,Besancon
4697,732028436,FROMAGE ET BEURRE,5710,1051C,ETI,73202843600028,O,2025-12-06T06:40:07,Besancon
4698,086980455,SOCIETE JORDENEN,5710,4649Z,PME,08698045500041,O,2025-12-06T05:22:41,Orleans
4699,322367491,TRCC,5710,6920Z,PME,32236749100154,O,2025-12-06T06:57:32,Orleans
4700,332552413,BERNIER ORLEANS,5710,4511Z,ETI,33255241300061,O,2026-07-29T16:31:32,Orleans
4701,332847383,CONFODIS,5710,4669A,PME,33284738300020,O,2025-12-06T06:01:17,Orleans
4702,377623988,TOURAINE ENVIRONNEMENT - LANTANA SAS,5710,8130Z,PME,37762398800062,O,2025-12-06T06:04:36,Orleans
4703,087181269,SOMADO,5710,4649Z,PME,08718126900108,O,2025-12-06T07:30:00,Orleans
4704,401247523,VALMET SAS,5710,3312Z,ETI,40124752300020,O,2025-12-06T07:26:28,Mulhouse
4705,401553326,SUIVIPRO,5499,6832A,PME,40155332600034,O,2026-07-22T16:00:30,Mulhouse
4706,411109937,FERMETURES BERGER,5710,4673A,PME,41110993700036,O,2025-12-06T08:38:31,Mulhouse
4707,412211971,COGNE FRANCE,5710,4672Z,PME,41221197100053,O,2025-12-06T10:49:21,Mulhouse
4708,388890840,FERMETURES TSCHOEPPE JEAN JACQUES,5499,4673A,PME,38889084000035,O,2025-12-31T13:12:30,Mulhouse
4709,389141888,MAGNUM CARGO,5599,5224B,PME,38914188800062,O,2025-12-06T06:12:00,Mulhouse
4710,389780057,DOG FOOD,5499,4638B,PME,38978005700045,O,2025-12-06T05:39:25,Mulhouse
4711,350456372,SA GROUPE COMPTEX,5499,6920Z,PME,35045637200035,O,2025-12-06T06:50:11,Mulhouse
4712,350859310,BOUCHERIE CHARC DE LA VALLEE CHEZ HUBERT,5499,1013B,PME,35085931000012,O,2025-12-06T07:14:30,Mulhouse
4713,351423504,MA LOCATION AUTO,5710,7711A,ETI,35142350400015,O,2025-12-06T05:39:18,Mulhouse
4714,508348604,PRIME ENERGY FRANCE,5499,3511Z,PME,50834860400085,O,2026-01-27T11:01:01,Mulhouse
4715,513930974,ALSACE CONFORT MAISON,5499,3511Z,PME,51393097400011,O,2025-12-06T06:17:51,Mulhouse
4716,511196156,NOUVELLE R,5710,4642Z,PME,51119615600067,O,2026-07-17T16:00:44,Mulhouse
4717,350155958,GRAVIERE DES ELBEN,5599,0812Z,PME,35015595800019,O,2025-12-06T05:25:13,Mulhouse
4718,538542176,DOMINO CARE PEC,5710,7820Z,ETI,53854217600051,O,2026-04-08T14:27:07,Caen
4719,799054721,ASCATEC,5499,7112B,PME,79905472100011,O,2025-12-06T07:09:56,Caen
4720,627050065,ETABLISSEMENTS G. MICHEL,5710,4673A,PME,62705006500010,O,2025-12-06T05:37:48,Caen
4721,663820827,SABLIERES ET CARRIERES DU BESSIN,5599,0812Z,ETI,66382082700017,O,2025-12-06T05:27:02,Caen
4722,788262459,ALFA LAVAL FRANCE & NORTH WEST AFRICA SAS,5710,4669B,ETI,78826245900175,O,2025-12-06T05:43:37,Caen
4723,573650660,ENTREPRISE MORIN SA,5710,4334Z,PME,57365066000216,O,2025-12-06T05:59:28,Caen
4724,530406644,HDM,5499,4771Z,PME,53040664400019,O,2025-12-06T08:10:11,Caen
4725,503611444,JVVB,5499,4754Z,PME,50361144400012,O,2025-12-06T06:26:45,Caen
4726,509835104,ARKOLIA ENERGIES,5710,7112B,ETI,50983510400167,O,2025-12-06T05:16:30,Caen
4727,811993435,DOMETVIE DIVISION SUCCURSALE,5710,4332B,PME,81199343500023,O,2025-12-06T06:32:29,Caen
4728,808508352,MOJOVIDA,5710,7112B,PME,80850835200057,O,2026-07-15T17:31:03,Caen
4729,920508082,L'ATELIER D'AMAYA NORMANDIE,5710,4777Z,PME,92050808200012,O,2026-07-07T05:12:35,Caen
4730,381460690,SARL TRADIBOUCHERIE,5499,4722Z,ETI,38146069000120,O,2026-06-11T16:31:33,Nancy
4731,392396313,TRANS'HIT INTERNATIONAL,5710,5229B,ETI,39239631300190,O,2026-02-16T13:11:12,Nancy
4732,412248155,B2F DEVELOPPEMENT,5710,4520A,ETI,41224815500126,O,2025-12-06T05:51:59,Nancy
4733,827757246,GCA,5499,1419Z,PME,82775724600018,O,2026-01-08T15:28:55,Poitiers
4734,828274860,SEPE AERODIS CHAMBONCHARD,5710,3511Z,ETI,82827486000059,O,2026-03-16T11:31:32,Poitiers
4735,910603497,TEDDY-H,5499,4759A,PME,91060349700017,O,2026-06-05T10:31:53,Poitiers
4736,911148385,FORMAPO,5710,8542Z,ETI,91114838500048,O,2025-12-06T05:41:04,Poitiers
4737,920347994,DOCTEUR DAVID MAROTTE,5485,8622C,PME,92034799400013,O,2025-12-06T05:21:18,Poitiers
4738,812944510,8INVEST,5710,4643Z,PME,81294451000013,O,2026-06-04T17:31:54,Poitiers
4739,905151379,INSTITUT D'EVALUATION MEDICO-LEGALE DE L'OUEST,5485,8621Z,PME,90515137900013,O,2025-12-06T05:39:27,Poitiers
4740,953371200,SASU HADDAD JOUD,5710,5610C,PME,95337120000015,O,2025-12-06T06:26:25,Poitiers
4741,342864485,HYDRO NORMANDIE,5710,4520A,PME,34286448500152,O,2026-08-18T10:00:28.042,Poitiers
4742,530000264,DPF VAD,5499,4761Z,PME,53000026400016,O,2026-08-17T13:08:22.167,Poitiers
4743,360800742,ETABLISSEMENTS GEYER FRERES,5710,1107B,ETI,36080074200056,O,2025-12-06T07:34:45,Annecy
4744,377592613,GROUPE MAURICE ROSSI FINANCE,5710,6420Z,ETI,37759261300089,O,2026-06-01T13:07:16,Annecy
4745,343280665,ID SYSTEMES,5710,5829C,PME,34328066500138,O,2026-02-23T09:55:19,Annecy
4746,341577468,3 D INGENIERIE,5710,7112B,PME,34157746800034,O,2025-12-06T05:59:27,Annecy
4747,352697767,LES VOLETS VERTS,5499,6820A,PME,35269776700056,O,2025-12-06T09:19:21,Annecy
4748,350261152,EUROPEAN BUSINESS CENTER,5710,6820B,PME,35026115200267,O,2025-12-06T05:39:18,Annecy
4749,350372512,CDE,5710,4321A,PME,35037251200037,O,2025-12-06T06:01:39,Annecy
4750,350383881,ARTIS,5710,4120A,ETI,35038388100074,O,2025-12-06T06:21:44,Annecy
4751,351053673,TECHNIDRILL,5710,2892Z,ETI,35105367300064,O,2025-12-06T05:43:44,Annecy
4752,444057236,BPO,5710,4762Z,PME,44405723600028,O,2025-12-06T05:42:44,Annecy
4753,450201728,AUM PIERRE MINASSIAN,5499,7111Z,PME,45020172800018,O,2025-12-06T05:20:00,Annecy
4754,450229794,IDEC HAUTES TECHNOLOGIES,5710,7112B,ETI,45022979400109,O,2026-07-07T13:07:17,Annecy
4755,448734301,JEAN LAIN CARROSSERIE,5710,4520A,ETI,44873430100048,O,2025-12-06T06:16:00,Annecy
4756,392800884,C 18,5499,9329Z,PME,39280088400034,O,2025-12-06T06:21:29,Annecy
4757,389044140,HTC,5710,7112B,PME,38904414000058,O,2025-12-06T05:16:07,Annecy
4758,612036376,LANCEL SOGEDI,5599,4772B,ETI,61203637600558,O,2026-07-03T19:00:35,Paris
4759,622042422,YARA FRANCE,5710,2015Z,ETI,62204242200882,O,2025-12-06T05:24:21,Paris
4760,404681496,PARTNERS FINANCES,5710,6619B,ETI,40468149601016,O,2026-07-23T14:33:05,Paris
4761,398335257,SAS TEXTILES ET CREATIONS PRODUCTION,5710,4751Z,PME,39833525700471,O,2025-12-06T08:38:24,Paris
4762,757501028,HELIAQ,5710,4651Z,ETI,75750102800505,O,2025-12-06T05:14:22,Paris
4763,880120589,DAVAI ENRSPV2,5710,7112B,PME,88012058900010,O,2025-12-06T05:40:19,Paris
4764,387626393,ATLANTIQUE AUTOMATISMES INCENDIE,5710,3320A,ETI,38762639300186,O,2026-08-06T09:09:29.664,Paris
4765,907987010,SAGIPA 1,5710,6622Z,PME,90798701000481,O,2026-08-05T21:31:15.614,Paris
4766,562019190,PRET A PARTIR HPL,5710,7912Z,ETI,56201919000155,O,2026-08-04T13:13:39.802,Paris
4767,324684190,UNIVERS-LOISIRS,5499,9329Z,PME,32468419000030,O,2026-05-28T08:00:25,Paris
4768,334642220,SOCIETE DE TISSAGE DE GERARDMER GARNIER THIEBAUT,5710,1392Z,ETI,33464222000019,O,2025-12-06T05:43:44,Paris
4769,949277180,MEDSOINS SANTE,5710,7729Z,PME,94927718000012,O,2026-08-13T13:10:19.339,Marseille
4770,572621803,DOCKS ELECTRIQUES RHONE DURANCE,5499,4669A,PME,57262180300012,O,2026-08-12T13:06:53.306,Marseille
4771,951683960,AMOK SUN 6,5710,3511Z,PME,95168396000128,O,2025-12-06T06:28:56,Marseille
4772,381591437,SOCIETE D'AFFINAGE ET APPRETS DE METAUX PRECIEUX,5710,3212Z,PME,38159143700136,O,2026-04-29T10:36:30,Marseille
4773,344235569,EFFIPARC SUD EST,5202,5221Z,ETI,34423556900433,O,2025-12-06T10:01:52,Marseille
4774,550801195,CLINIQUE PASTEUR,5599,8610Z,ETI,55080119500011,O,2026-02-26T10:31:42,Toulouse
4775,400313318,MILLET MOUNTAIN GROUP SAS,5710,4642Z,ETI,40031331800026,O,2026-05-29T16:31:52,Lille
4776,321153983,IMALYS,6220,8219Z,PME,32115398300036,O,2025-12-06T10:00:50,Lille
4777,355502295,ENTREPRISE PHILIPPE LASSARAT,5710,4334Z,ETI,35550229500015,O,2025-12-06T06:24:56,Lille
4778,318009651,CABINET DE RADIOLOGIE,6589,8219Z,PME,31800965100106,O,2025-12-06T05:37:24,Bordeaux
4779,459202644,BARON PHILIPPE DE ROTHSCHILD SA,5599,1102B,ETI,45920264400017,O,2026-07-28T10:33:29,Bordeaux
4780,492170899,HOALEN,5710,4642Z,PME,49217089900156,O,2026-07-13T13:10:04,Bordeaux
4781,803649284,OMBELLO,5710,7022Z,ETI,80364928400061,O,2026-01-08T08:14:37,Nantes
4782,572037026,EDMOND DE ROTHSCHILD (FRANCE),5699,6419Z,ETI,57203702600018,O,2025-12-06T06:31:22,Nantes
4783,775609787,LES CAVES DE LA LOIRE,6317,1102B,ETI,77560978700012,O,2026-05-12T14:12:00,Nantes
4784,775722218,PARAGON TRANSACTION,5710,1812Z,ETI,77572221800085,O,2026-01-23T16:01:11,Nantes
4785,811399385,CGE BIJOUTERIE,5710,4777Z,PME,81139938500236,O,2026-08-12T19:31:26.716,Nantes
4786,479918526,HARSCO METALS & MINERALS FRANCE,5710,3312Z,ETI,47991852600035,O,2026-08-06T09:09:24.831,Nantes
4787,399609056,GROUPE CONSEIL ASSURANCES FORMATION,5499,8559A,ETI,39960905600235,O,2026-08-03T09:00:37.979,Nantes
4788,900860479,MENCO PARIS CENTRE EST,5710,7820Z,PME,90086047900139,O,2026-02-06T13:14:53,Strasbourg
4789,904728649,B&B TAKEOVER,5710,5510Z,ETI,90472864900032,O,2026-07-08T11:04:06,Strasbourg
4790,798562450,ENERLIS,5710,7112B,ETI,79856245000014,O,2025-12-06T05:43:38,Strasbourg
4791,675480081,ARTHUR METZ,5710,1102A,ETI,67548008100024,O,2026-01-09T14:00:47,Strasbourg
4792,801333808,PHENIX SAS,5710,4791A,PME,80133380800104,O,2026-08-07T17:34:29.057,Strasbourg
4793,355800681,POIDS LOURD UTILITAIRE SERVICES PLUS,5710,2920Z,ETI,35580068100023,O,2026-08-06T09:09:30.114,Strasbourg
4794,799816491,LA VALLEE,5499,1101Z,PME,79981649100028,O,2026-08-06T13:11:13.636,Strasbourg
4795,847647096,SOLUTIONS 30 ENERGIES,5499,7112B,ETI,84764709600019,O,2026-01-15T17:56:39,Montpellier
4796,378762157,ALPHA SERVICES,5710,4399A,ETI,37876215700089,O,2026-03-11T15:59:23,Montpellier
4797,384735981,SERVICE URBAIN,5710,4399D,ETI,38473598100118,O,2025-12-17T11:56:19,Montpellier
4798,399566140,EDG,5710,8121Z,ETI,39956614000303,O,2025-12-06T05:14:34,Montpellier
4799,409617032,ALTITUDE FORMATION,5499,8559A,PME,40961703200050,O,2026-04-09T17:31:44,Montpellier
4800,389053836,PUIG &FILS,5710,4639B,PME,38905383600034,O,2026-07-06T11:07:50,Montpellier
4801,793084062,PNR,5499,7022Z,PME,79308406200017,O,2025-12-06T05:58:14,Montpellier
4802,351973755,GRAND BLEU,5710,5510Z,ETI,35197375500074,O,2025-12-06T05:16:18,Montpellier
4803,434563367,I P L ISEFAC PARIS LILLE,5710,8542Z,ETI,43456336700037,O,2025-12-06T05:41:09,Montpellier
4804,448600569,LISASUD,5710,4776Z,ETI,44860056900066,O,2025-12-06T05:14:46,Montpellier
4805,790444749,BETEM,5710,7112B,ETI,79044474900010,O,2026-08-18T10:33:41.926,Rennes
4806,417597416,PROFIDA,5710,4771Z,ETI,41759741600011,O,2026-08-01T11:31:48.411,Rennes
4807,499199529,ISOLIFE,5710,5229B,PME,49919952900169,O,2026-07-27T13:10:31,Rennes
4808,477550370,SERENSIA,5710,6201Z,PME,47755037000043,O,2026-06-05T13:06:59,Rennes
4809,488063116,INSTITUT CREAD,5710,8542Z,ETI,48806311600021,O,2025-12-06T11:12:59,Rennes
4810,334382363,PEINTURES INDUSTRIE ET BATIMENT,5710,4673B,PME,33438236300128,O,2025-12-06T09:42:24,Grenoble
4811,320695356,ARC INFORMATIQUE,5710,5829C,PME,32069535600149,O,2025-12-06T11:06:47,Grenoble
4812,500615083,WORK 2000 CONTACTS,5710,7820Z,ETI,50061508300093,O,2026-03-18T13:08:47,Grenoble
4813,501023246,BUREAU D'ETUDES ET DE CONSEILS MOSELLAN,5499,7490B,PME,50102324600017,O,2025-12-06T08:33:44,Grenoble
4814,440875961,J ET G,5710,1071C,PME,44087596100045,O,2025-12-06T06:04:59,Grenoble
4815,954505699,A.E.R,5710,4669A,ETI,95450569900106,O,2025-12-06T11:09:11,Grenoble
4816,956510770,TOUT POUR L'EAU,5599,4752A,PME,95651077000038,O,2026-01-08T13:15:45,Grenoble
4817,392692570,SOBAN CONCEPT LOCATION,5710,7739Z,PME,39269257000014,O,2026-06-12T17:47:18,Grenoble
4818,392970703,ETABLISSEMENTS REDA,5499,4520A,PME,39297070300014,O,2025-12-06T08:29:15,Grenoble
4819,469502561,LEFEBVRE TEXTILE,5710,4641Z,PME,46950256100506,O,2025-12-06T08:52:07,Rouen
4820,488119355,KIDEA SERVICES,5710,9329Z,ETI,48811935500094,O,2025-12-06T07:10:26,Rouen
4821,489804435,MARCK & BALSAN,5710,4616Z,ETI,48980443500043,O,2025-12-06T05:59:43,Rouen
4822,502856065,ACCEDIA CAPITAL,5710,7022Z,ETI,50285606500110,O,2026-07-10T09:18:34,Rouen
4823,395388739,VALOREM,5710,7112B,ETI,39538873900108,O,2025-12-06T05:25:30,Rouen
4824,309891109,OUEST PATHOLOGIE,5785,8622C,PME,30989110900055,O,2026-02-11T15:00:44,Rouen
4825,329132831,AUTO CONCEPT,5710,4511Z,ETI,32913283100051,O,2025-12-06T05:14:21,Rouen
4826,333059806,GROUP-SOLUTIONS,5710,4666Z,PME,33305980600054,O,2025-12-06T05:16:06,Rouen
4827,333172930,CABINET CHAILLOT,5499,6910Z,PME,33317293000039,O,2025-12-06T07:02:08,Rouen
4828,433240991,IMA GIE,6220,6512Z,ETI,43324099100011,O,2026-02-20T15:31:40,Rouen
4829,346950033,SOCIETE FECAMPOISE D'ENTREPRISES ELECTRIQUES,5710,4321B,PME,34695003300032,O,2025-12-06T11:08:33,Rouen
4830,447818857,PROTEC SECURITE PRIVEE,5710,8010Z,ETI,44781885700156,O,2026-06-04T13:00:28,Rouen
4831,382297737,CREATIONS AUTOMOBILES,5710,4511Z,ETI,38229773700019,O,2026-02-19T13:16:02,Rouen
4832,515231603,LEMON HOTELS,5499,5510Z,PME,51523160300256,O,2025-12-06T06:01:18,Rouen
4833,320663917,CORCELLE PEINTURE,5710,4673B,PME,32066391700013,O,2026-04-08T13:13:36,Dijon
4834,489770883,GROUPE VALLIANCE SECURITE,5499,8010Z,PME,48977088300192,O,2025-12-06T05:25:22,Dijon
4835,502315831,ALTUS ENERGY,5710,3314Z,PME,50231583100078,O,2025-12-06T08:29:16,Dijon
4836,351976899,ACTIV,5499,4322A,PME,35197689900168,O,2025-12-06T05:43:36,Dijon
4837,501464374,CALIDRIS,5710,7112B,PME,50146437400070,O,2025-12-09T14:00:53,Dijon
4838,501704969,SATT SAYENS,5710,7112B,PME,50170496900051,O,2026-07-28T16:09:05,Dijon
4839,395373426,APSI,5710,4649Z,PME,39537342600083,O,2025-12-17T14:16:38,Dijon
4840,401952957,BADET CLEMENT,5710,4634Z,ETI,40195295700041,O,2025-12-06T05:14:46,Dijon
4841,407653468,DIAG'DIJON,5499,9602A,PME,40765346800097,O,2026-07-24T13:08:14,Dijon
4842,391918158,GAP FRANCE SAS,5710,4771Z,PME,39191815800638,O,2026-08-11T14:31:38.434,Angers
4843,487697732,GIBOIRE ENTREPRISE ET COMMERCE,5710,6831Z,ETI,48769773200013,O,2026-08-06T15:00:24.688,Angers
4844,882559826,CAPFINANCES 35,5710,6622Z,ETI,88255982600038,O,2025-12-06T09:27:50,Angers
4845,303358238,LUMINO,5710,4941A,ETI,30335823800143,O,2025-12-06T05:43:43,Angers
4846,062200977,SCIC D'HLM GAMBETTA,5560,4110A,ETI,06220097700015,O,2025-12-17T17:00:25,Angers
4847,063200059,SEM DE CONSTR & GESTION LOGEMENTS,5515,6820A,PME,06320005900044,O,2025-12-06T05:15:08,Angers
4848,067200030,ANDRE BOUVET,5710,2223Z,ETI,06720003000087,O,2026-06-03T09:01:37,Angers
4849,071201594,LES VERGERS D'ANJOU,6317,4631Z,PME,07120159400042,O,2026-02-23T12:31:42,Angers
4850,319557815,LOCATION DU LITTORAL,5710,6820B,PME,31955781500044,O,2025-12-06T07:18:41,Nimes
4851,892259011,A CIEL OUVERT LANGUEDOC-ROUSSILLON,5499,4332A,PME,89225901100013,O,2026-07-24T13:56:54,Nimes
4852,494308778,DESTA,5499,4321A,PME,49430877800120,O,2026-07-16T11:35:24,Nimes
4853,495125478,CAPSTAN PYTHEAS,5499,6910Z,PME,49512547800042,O,2026-03-18T10:01:05,Nimes
4854,499380335,LABEUR SERVICES INTERIM,5499,7820Z,PME,49938033500111,O,2026-04-17T14:00:52,Nimes
4855,499424877,SUP PERFORM,5499,8559B,PME,49942487700052,O,2025-12-06T10:03:40,Nimes
4856,488120387,ADELEC,5499,4321A,PME,48812038700060,O,2025-12-06T06:58:33,Nimes
4857,482792967,ALES PIECES SERVICES,5710,4520A,PME,48279296700010,O,2026-05-08T13:06:54,Nimes
4858,483253811,OMNIBIOS,5499,6430Z,PME,48325381100226,O,2025-12-06T06:20:02,Nimes
4859,484132618,L'AMANDINE,5710,1071C,PME,48413261800063,O,2026-04-15T13:09:17,Nimes
4860,484347232,STYLES,5499,6831Z,PME,48434723200049,O,2025-12-06T06:20:25,Nimes
4861,324872894,SOCIETE DE PUBLICITE AUDIOVISUELLE,5710,6010Z,PME,32487289400054,O,2025-12-06T05:43:28,Clermont-Ferrand
4862,528911555,SNOW PARADISE,5710,4764Z,PME,52891155500100,O,2026-05-18T13:01:10,Clermont-Ferrand
4863,513439455,CASA NOVA,5499,4120A,PME,51343945500017,O,2025-12-06T06:25:07,Clermont-Ferrand
4864,518493283,RAMEGIS,5499,3511Z,PME,51849328300015,O,2025-12-06T05:12:31,Clermont-Ferrand
4865,521542878,ETS SERONDE FUNERAIRES,5499,9603Z,PME,52154287800025,O,2025-12-06T05:15:11,Clermont-Ferrand
4866,523145589,AVITAPROD,5499,3511Z,PME,52314558900132,O,2025-12-06T06:29:24,Clermont-Ferrand
4867,752379917,MAXSUN,5499,3511Z,PME,75237991700061,O,2025-12-06T06:50:36,Clermont-Ferrand
4868,531901031,NLCL,5499,4776Z,PME,53190103100025,O,2025-12-06T06:29:09,Clermont-Ferrand
4869,800479693,TRANSPORTS LACROIX MEDICAL,5710,5229B,PME,80047969300015,O,2025-12-06T06:24:34,Clermont-Ferrand
4870,307389965,ALLIANCE BOIS MATERIEL,5710,4669B,PME,30738996500038,O,2025-12-06T05:15:33,Tours
4871,332978188,ENTREPRISE FUNERAIRE DAVID,5499,9603Z,PME,33297818800057,O,2025-12-06T06:14:43,Tours
4872,439906934,VOLKSWIND FRANCE,5710,7112B,ETI,43990693400120,O,2025-12-06T05:25:30,Tours
4873,432388718,AVANCI,5710,7022Z,ETI,43238871800053,O,2026-07-09T13:09:39,Tours
4874,429847411,SESAME DEVELOPPEMENT,5710,4759A,ETI,42984741100015,O,2025-12-06T07:04:54,Tours
4875,389581562,FLOWSERVE SALES INTERNATIONAL,5710,4614Z,ETI,38958156200201,O,2026-06-11T13:33:32,Tours
4876,528537871,APIC PATRIMOINE,5499,6831Z,PME,52853787100063,O,2026-06-18T13:13:22,Tours
4877,518615273,TERRES ET HOMMES,5710,4639B,PME,51861527300068,O,2026-06-23T15:33:25,Tours
4878,521971317,REO,5710,7729Z,PME,52197131700040,O,2025-12-06T08:09:56,Tours
4879,311329403,AXORYS SYSTEMS,5599,7112B,PME,31132940300100,O,2025-12-06T05:52:29,Metz
4880,319619672,EVEL IMMOBILIER,5710,6832A,ETI,31961967200185,O,2025-12-06T05:39:39,Metz
4881,822972220,NEXIOM RH,5710,6920Z,ETI,82297222000013,O,2026-03-16T14:12:46,Metz
4882,902510346,PEPPLER PEINTURES,5710,4752A,PME,90251034600015,O,2025-12-06T06:32:30,Metz
4883,478665540,HEITZ,5499,1071C,PME,47866554000017,O,2025-12-06T06:26:15,Metz
4884,451299598,CERQUAL,5710,7120B,PME,45129959800016,O,2026-06-11T16:27:03,Metz
4885,489835959,DOUMANGE,5499,1071C,PME,48983595900011,O,2025-12-06T06:03:37,Metz
4886,489879288,GLOBAL BUREAUTIQUE,5710,4666Z,ETI,48987928800046,O,2025-12-06T05:25:05,Metz
4887,502571797,GENESIA,5499,9604Z,PME,50257179700104,O,2026-07-16T11:01:05,Metz
4888,479125114,LAGARDE ET MEREGNANI SAS,5710,4334Z,ETI,47912511400013,O,2025-12-06T06:22:50,Metz
4889,492563655,FORETUDE INGENIERIE,5710,7112B,PME,49256365500033,O,2025-12-06T08:00:52,Metz
4890,508837689,JOHN COCKERILL DEFENSE FRANCE,5710,3311Z,ETI,50883768900027,O,2025-12-06T08:05:57,Metz
4891,625480272,STANLEY BLACK & DECKER MANUFACTURING SAS,5710,2573B,ETI,62548027200016,O,2025-12-06T05:14:47,Besancon
4892,642820849,SICA LA CHEVILLOTTE,6532,4623Z,ETI,64282084900015,O,2026-07-01T13:46:47,Besancon
4893,672038288,SETEC TRAVAUX PUBLICS ET INDUSTRIELS,5710,7112B,ETI,67203828800060,O,2026-04-16T19:00:27,Besancon
4894,784316598,SOCIETE FRANCAISE DU PIPE LINE DU JURA,5710,4950Z,PME,78431659800043,O,2025-12-06T05:39:33,Besancon
4895,784393340,MY MONEY BANK,5599,6419Z,ETI,78439334002091,O,2025-12-06T07:02:47,Besancon
4896,398317131,NOLY SAS,5710,3320D,PME,39831713100017,O,2025-12-06T05:25:13,Besancon
4897,572820512,MJ GROUPE,5599,6820B,PME,57282051200307,O,2025-12-06T11:10:20,Besancon
4898,572821247,DOUBS RECYCLAGE,5710,3832Z,ETI,57282124700036,O,2026-06-24T11:26:28,Besancon
4899,494002389,PERINFO,5710,6202A,PME,49400238900042,O,2025-12-06T06:57:32,Besancon
4900,525113692,ATHEZA,5710,6831Z,PME,52511369200012,O,2025-12-06T06:19:04,Besancon
4901,812591469,CABINET IMMOBILIER RIFFIOD,5499,6831Z,PME,81259146900083,O,2026-05-19T13:07:26,Besancon
4902,501636914,PARTNAIRE NPC,5710,7820Z,ETI,50163691400084,O,2025-12-06T10:38:41,Orleans
4903,440403012,PARTNAIRE LES SABLES,5710,7820Z,ETI,44040301200113,O,2025-12-06T05:23:46,Orleans
4904,441291432,ABO ENERGY FRANCE SARL,5499,7112B,ETI,44129143200132,O,2025-12-06T05:19:59,Orleans
4905,485012926,PIERRE VOYAGES,5499,7911Z,PME,48501292600013,O,2025-12-06T06:39:28,Orleans
4906,979250446,OKOU,5710,4799B,PME,97925044600015,O,2025-12-06T05:23:48,Orleans
4907,965284953,CARROSSERIE TROUILLET,5710,2920Z,ETI,96528495300027,O,2025-12-06T05:16:41,Orleans
4908,977664374,LAVERIE DU CENTRE,5710,9601B,PME,97766437400013,O,2026-02-20T15:31:38,Orleans
4909,948279922,AUTOCONTROL,5499,7120A,PME,94827992200017,O,2025-12-06T06:34:25,Orleans
4910,379067390,RISC GROUP,5599,5829C,PME,37906739000284,O,2025-12-06T06:03:37,Orleans
4911,343889309,O.B.M. CONSTRUCTION,5710,4120B,PME,34388930900021,O,2025-12-06T06:34:47,Orleans
4912,344152475,FACTORIA CVL,5710,3312Z,ETI,34415247500028,O,2025-12-06T05:25:29,Orleans
4913,344455902,CRECI MANAGEMENT,5710,7022Z,PME,34445590200108,O,2026-02-12T17:34:20,Orleans
4914,392445334,LAVAL-CROZE-CARPE,6561,6910Z,PME,39244533400056,O,2025-12-06T06:23:44,Orleans
4915,393442611,LE BAZAR DU BIZARRE,5499,4765Z,PME,39344261100181,O,2025-12-06T08:17:44,Orleans
4916,397715467,ANTENOR,5710,7022Z,ETI,39771546700098,O,2026-07-29T13:57:33,Orleans
4917,552010969,IDEAL STANDARD FRANCE,5710,4673B,ETI,55201096900467,O,2025-12-06T08:29:16,Mulhouse
4918,529718280,SO MULHOUSE,5710,8559A,ETI,52971828000033,O,2025-12-06T05:37:48,Mulhouse
4919,498478304,DRIFTSHOP,5499,4532Z,PME,49847830400047,O,2025-12-06T06:25:25,Mulhouse
4920,793063488,LOGISTIQUE JUNG WITTELSHEIM,5710,5210B,ETI,79306348800019,O,2026-02-11T12:00:46,Mulhouse
4921,794114462,SYNELIENCE,5710,6202A,PME,79411446200037,O,2025-12-06T05:39:56,Mulhouse
4922,676980535,HEINRICH BOCK ET CIE,5710,2361Z,PME,67698053500022,O,2025-12-06T05:25:31,Mulhouse
4923,343108957,CONFORT 2000,5499,4754Z,PME,34310895700014,O,2025-12-06T08:20:54,Mulhouse
4924,348982307,PIP GLOBAL SAFETY FRANCE,5710,4669B,ETI,34898230700186,O,2026-04-16T14:31:20,Mulhouse
4925,349289306,JUDICIA CONSEILS,5585,6910Z,PME,34928930600087,O,2025-12-06T06:13:01,Mulhouse
4926,349898825,ATC AVIATION SERVICES,5599,5229B,ETI,34989882500063,O,2025-12-06T05:13:55,Mulhouse
4927,328384078,AU VILLAGE ITALIEN,5499,1073Z,PME,32838407800015,O,2025-12-17T13:13:46,Mulhouse
4928,775673981,SOCIETE DES DEPOTS DE PETROLE COTIERS,5710,5210B,PME,77567398100012,O,2026-06-03T11:05:14,Caen
4929,824124127,LES EOLIENNES CITOYENNES 11,5710,3511Z,PME,82412412700013,O,2026-05-29T11:32:08,Caen
4930,841088420,SERPOLLET ILE DE FRANCE,5710,4312A,ETI,84108842000028,O,2025-12-06T05:43:46,Caen
4931,831241849,DESFEUX,5499,8553Z,PME,83124184900015,O,2026-06-16T11:00:36,Caen
4932,839504123,LIBERTE 2,6220,8299Z,PME,83950412300077,O,2025-12-06T05:12:04,Caen
4933,880207824,ALTERNATIV'EMPLOI 14,5202,7820Z,PME,88020782400017,O,2025-12-06T05:54:26,Caen
4934,849960554,RO VAP,5710,4778C,PME,84996055400012,O,2025-12-06T06:17:13,Caen
4935,845317353,CARAVELLE,5710,4778C,PME,84531735300058,O,2025-12-06T05:12:48,Caen
4936,877999987,CHANGE TOUR EIFFEL,5710,6612Z,PME,87799998700010,O,2025-12-06T05:39:27,Caen
4937,878913052,A.T.L,5710,4520A,PME,87891305200014,O,2025-12-06T06:25:44,Caen
4938,914520366,MAB RECEPTION,5710,5610C,PME,91452036600016,O,2026-06-30T13:15:43,Caen
4939,948008933,BUREAU REGIONAL D'ENQUETES PRIVEES,5499,8030Z,PME,94800893300012,O,2026-07-29T17:47:42,Caen
4940,881257851,SAS GREEN HOUSE,5710,4729Z,PME,88125785100116,O,2026-08-18T09:07:11.615,Caen
4941,305463176,SEDEJE,5499,4772A,PME,30546317600159,O,2025-12-06T09:15:23,Caen
4942,315083444,CAMAR,5710,4669C,PME,31508344400051,O,2025-12-06T11:22:26,Caen
4943,329164396,M.F.G.P.,5499,4399D,PME,32916439600015,O,2025-12-09T05:10:01,Nancy
4944,338185762,TREDI,5710,3822Z,ETI,33818576200162,O,2025-12-06T05:46:12,Nancy
4945,432464402,EURL PAUCLESIMAC,5499,4771Z,PME,43246440200093,O,2025-12-06T10:04:55,Nancy
4946,438016909,REFLET COMMUNICATION,5710,7311Z,PME,43801690900055,O,2025-12-06T05:13:43,Nancy
4947,414143404,LDLS,5499,9601B,PME,41414340400013,O,2025-12-06T10:31:47,Nancy
4948,922487194,ASSISTANCE LORRAINE,5710,8122Z,ETI,92248719400016,O,2026-08-06T09:09:30.103,Poitiers
4949,889407615,SPH,5710,6201Z,PME,88940761500059,O,2025-12-06T06:21:08,Poitiers
4950,884878497,CF INVESTIGATIONS,5710,8030Z,PME,88487849700012,O,2026-02-02T16:53:04,Poitiers
4951,887496420,SAS HOLDING JOPH,5710,3511Z,PME,88749642000043,O,2026-06-15T17:32:10,Poitiers
4952,887651495,OPTRA,5710,6920Z,PME,88765149500038,O,2025-12-06T06:05:15,Poitiers
4953,894184423,VENDEE BIOGAZ 2,5710,3511Z,ETI,89418442300016,O,2025-12-06T06:16:48,Poitiers
4954,301309605,SMACL ASSURANCES,6411,6512Z,PME,30130960500410,O,2025-12-06T05:20:55,Poitiers
4955,068500206,HUSQVARNA CONSTRUCTION PRODUCTS FRANCE,5710,4663Z,ETI,06850020600245,O,2026-05-19T19:00:23,Poitiers
4956,389198680,ACB LES ARTS DE FACADE,5499,2599B,PME,38919868000024,O,2025-12-06T07:38:58,Annecy
4957,389724931,SOCIETE D'IMPORTATION ET DE VENTE DE MATERIEL,5710,4663Z,ETI,38972493100024,O,2025-12-06T07:19:50,Annecy
4958,382301281,ALPES MOTORS SA,5710,4511Z,ETI,38230128100012,O,2026-01-06T13:17:33,Annecy
4959,527983324,BF PARTICIPATIONS,5710,3511Z,PME,52798332400023,O,2025-12-06T06:27:16,Annecy
4960,510157225,A.M.D. - ASSISTANCE MANIS DEPANNAGE,5499,4334Z,PME,51015722500010,O,2025-12-06T08:29:16,Annecy
4961,515130524,MP SPORT,5710,4764Z,PME,51513052400041,O,2025-12-06T06:17:36,Annecy
4962,529589814,PHILICOT SAVOIE MONT BLANC,5710,1091Z,ETI,52958981400019,O,2025-12-06T05:25:31,Annecy
4963,521185454,ESCALE PROVENCE,5499,4789Z,PME,52118545400076,O,2025-12-06T06:26:23,Annecy
4964,524077849,ADM CREATIIONS,5710,4690Z,PME,52407784900064,O,2025-12-06T05:56:34,Annecy
4965,752375535,NAEVA,5499,3832Z,PME,75237553500107,O,2026-01-23T13:37:22,Annecy
4966,531887958,SAVY,5499,4775Z,PME,53188795800019,O,2025-12-06T05:52:07,Annecy
4967,532229135,BLACKSHEEP,5710,7711A,PME,53222913500043,O,2026-05-20T13:12:45,Annecy
4968,332495068,HAYS,5710,7820Z,ETI,33249506800279,O,2026-07-03T11:35:10,Paris
4969,095580429,PETIT BOY SA,5710,4642Z,PME,09558042900017,O,2025-12-06T05:38:11,Paris
4970,775618945,4MURS,5599,4753Z,ETI,77561894501500,O,2026-07-07T08:56:20,Paris
4971,381476845,LE FROID,5710,4669C,ETI,38147684500221,O,2025-12-06T05:57:27,Paris
4972,344206511,BLUE GREEN,5202,9311Z,ETI,34420651100588,O,2026-07-02T17:27:13,Paris
4973,393148531,LOCAMOD,5710,7732Z,PME,39314853100337,O,2025-12-06T07:35:30,Paris
4974,398486993,LIBRAIRIES DU SAVOIR,5710,4761Z,PME,39848699300056,O,2025-12-06T06:28:54,Paris
4975,410881148,BBL TRANSPORT,5710,5229B,ETI,41088114800077,O,2026-06-30T09:32:22,Paris
4976,388867426,COFIDIM,5710,4110A,ETI,38886742600180,O,2026-02-16T19:01:51,Paris
4977,389585233,CHANGEUR FRANCE INTERNATIONAL SA,5599,6419Z,PME,38958523300783,O,2025-12-06T07:23:25,Paris
4978,542079355,LA BOVIDA SA,5599,4669C,ETI,54207935500740,O,2026-01-12T18:36:01,Paris
4979,343056958,JOHNSON CONTROLS INDUSTRIES,5710,3320B,ETI,34305695800048,O,2025-12-06T07:45:40,Paris
4980,878450055,VENUS,5710,3511Z,PME,87845005500255,O,2025-12-06T05:13:03,Lyon
4981,392118071,ASTR'IN LOGISTIQUE,5710,5210B,ETI,39211807100019,O,2026-08-19T08:08:40.315,Lyon
4982,389632969,DOMASUD,5710,4120A,PME,38963296900215,O,2025-12-06T06:27:15,Marseille
4983,330698747,ARTS ET TECHNIQUES - ARTEC,5499,5914Z,PME,33069874700186,O,2026-01-05T15:01:30,Marseille
4984,513906198,VOLTAFRANCE 10,5710,3511Z,ETI,51390619800488,O,2025-12-06T06:22:00,Marseille
4985,789586542,D.F.I. INTERIM & RECRUTEMENT,5710,7820Z,PME,78958654200019,O,2026-04-28T08:30:22,Toulouse
4986,493678916,CLF,5710,7112B,ETI,49367891600088,O,2026-06-03T11:05:14,Toulouse
4987,716420484,UNION MODERNE DE DISTRIBUTION - UMODIS,5558,4711C,PME,71642048400744,O,2026-05-21T13:09:28,Toulouse
4988,523350007,MECOSUN INVEST,5499,3511Z,PME,52335000700481,O,2025-12-06T07:26:36,Toulouse
4989,791735236,PHEBUS INVEST 03,5710,3511Z,ETI,79173523600014,O,2025-12-06T06:16:28,Toulouse
4990,831009691,SCIC-SAS CITOY'ENR,5710,3511Z,PME,83100969100062,O,2025-12-06T07:10:27,Toulouse
4991,852544253,ED23,5710,3511Z,PME,85254425300010,O,2025-12-06T06:06:20,Toulouse
4992,841616717,MRS AQUITAINE OCCITANIE,5710,5629A,ETI,84161671700200,O,2026-02-13T15:28:12,Toulouse
4993,621620921,CONFISERIE DU ROY RENE,5710,1082Z,PME,62162092100075,O,2026-07-30T11:00:52,Lille
4994,418182374,ATAL,5599,3101Z,PME,41818237400029,O,2025-12-06T06:29:45,Lille
4995,489088971,ICADEMIE,5710,8559A,ETI,48908897100093,O,2026-06-11T13:31:00,Lille
4996,809018609,ELUX GROUPE,5710,7912Z,PME,80901860900036,O,2025-12-06T06:11:20,Lille
4997,507966729,CAP INTERIM FRANCE,5710,7820Z,PME,50796672900299,O,2025-12-06T07:44:55,Lille
4998,515402188,OKKO HOTELS,5710,5510Z,PME,51540218800129,O,2026-06-17T13:07:28,Lille
4999,520566860,BOGGI FRANCE,5499,4771Z,PME,52056686000042,O,2026-07-31T13:30:44,Lille
5000,493485924,BULLE DE LINGE,5710,9601A,ETI,49348592400127,O,2025-12-06T05:20:10,Lille
5001,378329668,BESSON FRERES,5599,6820B,PME,37832966800255,O,2025-12-06T05:38:03,Bordeaux
5002,803217934,M.J.KANOU,5710,8810A,PME,80321793400113,O,2026-01-28T13:09:27,Bordeaux
5003,333087039,TGS FRANCE AUDIT,5710,6920Z,ETI,33308703900132,O,2026-02-03T18:46:34,Nantes
5004,501530299,ELICIO FRANCE,5710,8299Z,ETI,50153029900202,O,2026-05-18T07:00:21,Nantes
5005,676920234,TRANSPORTS RENE MADRIAS,5710,4941A,ETI,67692023400041,O,2025-12-06T05:25:31,Strasbourg
5006,494938871,FRACHT FRANCE,5710,5229B,PME,49493887100071,O,2025-12-06T05:16:08,Strasbourg
5007,495245359,SOCIETE DU PARC EOLIEN DU CANTON DU QUESNOY,5710,3511Z,ETI,49524535900130,O,2025-12-06T05:25:31,Strasbourg
5008,499154557,F.INITIATIVES,5710,7022Z,ETI,49915455700205,O,2026-05-28T17:26:40,Strasbourg
5009,497930164,EKKOIA,5499,7112B,ETI,49793016400106,O,2025-12-06T08:24:40,Strasbourg
5010,507642247,MURS &FONDS,5499,6820B,PME,50764224700062,O,2025-12-06T05:25:31,Strasbourg
5011,441583135,NEXT FORMATION,5710,8559A,ETI,44158313500047,O,2026-06-15T14:31:15,Strasbourg
5012,315042481,ETABLISSEMENTS DESCHAMPS SA,5599,7820Z,PME,31504248100236,O,2025-12-06T08:21:09,Strasbourg
5013,439628892,JULIE DIFFUSION,5710,4771Z,PME,43962889200119,O,2026-05-28T13:11:43,Strasbourg
5014,422588285,BELGACOM INTERNATIONAL CARRIER SERVICES FRANCE SAS,5710,6190Z,PME,42258828500011,O,2025-12-06T08:03:54,Strasbourg
5015,453453060,ABER PROPRETE AZUR,5710,8121Z,ETI,45345306000205,O,2025-12-09T13:10:30,Montpellier
5016,471801506,L'ATELIER ST PAUL,5499,4759A,PME,47180150600133,O,2025-12-06T06:30:50,Montpellier
5017,521777623,ATOUT BOX CASTELNAU,5710,6820B,PME,52177762300013,O,2026-05-07T13:00:49,Montpellier
5018,490364247,GRAP'SUD,6317,1101Z,ETI,49036424700018,O,2026-06-03T11:05:14,Montpellier
5019,752387753,PARC SOLAIRE EV24,5710,3511Z,ETI,75238775300169,O,2025-12-06T05:16:41,Montpellier
5020,483576591,POINT FINANCES,5499,6492Z,PME,48357659100166,O,2026-06-04T19:00:43,Montpellier
5021,399309749,BRINK'S FORMATION,5499,8559A,ETI,39930974900113,O,2025-12-06T05:39:47,Rennes
5022,330772849,MORTIER CONSTRUCTION,5710,4120A,ETI,33077284900106,O,2026-06-19T13:09:25,Rennes
5023,322148230,BRET-NET,5710,8121Z,ETI,32214823000251,O,2025-12-06T09:14:17,Rennes
5024,306246182,ELCIMAI INGENIERIE,5710,7112B,ETI,30624618200084,O,2026-04-10T17:56:33,Rennes
5025,333321636,SHARP BUSINESS SYSTEMS FRANCE,5710,4666Z,ETI,33332163600586,O,2025-12-18T12:01:08,Rennes
5026,432108561,ALAMO,5710,7112B,ETI,43210856100213,O,2026-06-15T17:01:16,Rennes
5027,424474609,MADE IN DESIGN,5710,4791B,ETI,42447460900049,O,2026-05-26T10:26:42,Rennes
5028,410829477,OXALIS,5560,8299Z,PME,41082947700216,O,2025-12-06T05:25:04,Rennes
5029,413508961,SCM IMAGERIE MEDICALE GCN,6589,6619A,PME,41350896100013,O,2025-12-06T05:38:42,Rennes
5030,342101037,SARL ESPACE TONIC,5710,7721Z,PME,34210103700071,O,2025-12-06T06:12:53,Grenoble
5031,394225320,E S P A C S (EQUIPEMENT - SERRURERIE - PORTAILS -AUTOMATISMES - CLOTURE - SECURITE),5499,4329B,PME,39422532000040,O,2025-12-06T05:43:44,Grenoble
5032,397759689,AGATE,5485,7112A,PME,39775968900011,O,2025-12-06T08:10:59,Grenoble
5033,389371816,ANSYS FRANCE,5710,5829C,ETI,38937181600056,O,2025-12-06T05:14:58,Grenoble
5034,350039418,MEDIANE SYSTEME,5710,7112B,ETI,35003941800032,O,2025-12-06T05:15:21,Grenoble
5035,326493426,ORTHOPEDIE CENTRALE,5499,4774Z,PME,32649342600018,O,2025-12-06T06:15:59,Grenoble
5036,348646910,RELIANCE,5599,7820Z,PME,34864691000011,O,2025-12-06T05:20:55,Grenoble
5037,438716946,SINARI OBC,5710,5829A,ETI,43871694600027,O,2025-12-06T05:15:22,Grenoble
5038,589806462,VERSAILLES VOYAGES,5710,7911Z,ETI,58980646200075,O,2025-12-06T06:39:28,Rouen
5039,493708549,PROLINAIR,5710,5229B,ETI,49370854900263,O,2025-12-06T05:36:28,Rouen
5040,900900903,SELARL NEURO MADININA,5485,8622B,PME,90090090300080,O,2025-12-06T05:22:05,Rouen
5041,775702673,KARCHER SAS,5710,4669B,ETI,77570267300069,O,2026-06-12T13:47:14,Rouen
5042,819477365,SIGESS CLD,5499,4730Z,ETI,81947736500020,O,2025-12-06T05:43:30,Rouen
5043,824485270,NORMANDIE CONSEIL MEDIAS,5710,7312Z,ETI,82448527000097,O,2025-12-06T06:30:51,Rouen
5044,844151753,FINANCENER,5710,6619B,ETI,84415175300093,O,2026-03-30T16:32:26,Rouen
5045,345046791,ENTREPRISE CLUB S.A.,5710,4120B,ETI,34504679100074,O,2025-12-06T05:33:04,Dijon
5046,331566430,ECONOCOM PRODUCTS & SOLUTIONS,5710,4651Z,ETI,33156643000384,O,2025-12-06T08:05:28,Dijon
5047,313966269,TRANSPORTS DENOUAL SA,5710,4941A,PME,31396626900026,O,2025-12-06T11:22:04,Dijon
5048,328024187,REFRESCO FRANCE,5710,1107B,ETI,32802418700010,O,2025-12-06T05:26:45,Dijon
5049,431235258,INTERPOOL RESEAU,5710,5229B,PME,43123525800016,O,2025-12-06T07:54:13,Dijon
5050,419855747,GESCALL,5710,8211Z,PME,41985574700046,O,2026-03-23T16:01:32,Dijon
5051,341712461,P.B. REGNIER,5499,4675Z,PME,34171246100027,O,2025-12-06T05:43:28,Dijon
5052,379418999,INITIATIVES D'ENTREPRISES ET SERVICES,5499,8299Z,ETI,37941899900098,O,2026-04-03T11:59:22,Dijon
5053,330233057,GUIU IP,5710,6910Z,PME,33023305700034,O,2025-12-06T06:41:58,Dijon
5054,449472588,EDEN,5499,8553Z,PME,44947258800010,O,2025-12-06T05:29:02,Dijon
5055,450279724,NOVACAMBIOS-FRANCE BUREAU DE CHANGE SAS,5710,6612Z,PME,45027972400113,O,2025-12-06T05:40:03,Dijon
5056,444538425,SAINT HERBLAIN AUTOMOBILES DISTRIBUTION,5710,4511Z,ETI,44453842500018,O,2026-03-13T12:31:43,Dijon
5057,340321561,AXIOM INTERNATIONAL,5710,4623Z,PME,34032156100078,O,2025-12-06T08:33:36,Dijon
5058,389536087,MENUISERIE EBENISTERIE DU FOULTOT,5710,4332A,PME,38953608700023,O,2025-12-06T06:52:10,Dijon
5059,311853857,TELELEC RESEAUX,5710,4222Z,ETI,31185385700077,O,2025-12-06T05:14:57,Angers
5060,312911845,LOG XL VETEMENTS,5499,7010Z,ETI,31291184500070,O,2025-12-06T05:24:55,Angers
5061,822921904,SAS BOUCHAUD,5710,2420Z,PME,82292190400014,O,2025-12-06T05:41:32,Angers
5062,837502368,INTERACTION THEDRA EST,5710,7820Z,ETI,83750236800074,O,2025-12-06T06:48:55,Angers
5063,892255076,ENVIE AUTONOMIE PAYS DE LA LOIRE,5710,4774Z,PME,89225507600010,O,2025-12-06T05:21:37,Angers
5064,739202166,OMNIUM CONSTRUCTIONS DEVELOP LOCATIONS,5710,4110A,ETI,73920216600024,O,2026-02-19T16:01:09,Angers
5065,910730878,SL2B,5710,3832Z,PME,91073087800030,O,2026-03-12T13:10:04,Angers
5066,494168503,DUNE CONCEPT,5499,4771Z,PME,49416850300014,O,2025-12-06T10:34:37,Angers
5067,494915366,ECOLE DE CONDUITE GRAND OUEST PAR ABREVIATION E.C.G.O,5499,8553Z,PME,49491536600012,O,2025-12-06T05:40:18,Angers
5068,453339897,MAESTRO SYNDIC,5710,6832A,ETI,45333989700036,O,2025-12-06T05:39:33,Angers
5069,451483085,RESOLUTION,5499,4661Z,PME,45148308500028,O,2025-12-06T08:30:06,Angers
5070,484146899,CAPEB SOLUTIONS,5710,7022Z,PME,48414689900014,O,2025-12-06T06:05:28,Angers
5071,489401588,PRO CULTURE EQUIPEMENT,5710,4661Z,ETI,48940158800012,O,2026-01-28T10:00:27,Angers
5072,503063851,ATAE,5499,7120B,PME,50306385100037,O,2025-12-06T05:22:43,Angers
5073,502447386,BOUVIER SIGNALETIQUE,5710,4329B,PME,50244738600058,O,2026-03-16T13:12:23,Nimes
5074,503870354,DATTERBERG,5710,4313Z,ETI,50387035400019,O,2026-02-19T13:07:38,Nimes
5075,508639309,ALOHA KIDS,5499,4771Z,PME,50863930900014,O,2025-12-06T06:22:00,Nimes
5076,508856267,PROVOLOC,5710,4511Z,PME,50885626700010,O,2025-12-06T07:55:22,Nimes
5077,490593860,ETHNIC'S SARL,6540,6820B,PME,49059386000029,O,2025-12-06T08:09:49,Nimes
5078,315270637,ETS JEAN MARTIN,5710,1085Z,PME,31527063700012,O,2026-06-09T15:26:36,Nimes
5079,339442477,LABORATOIRE VILLANOVA,5499,3250A,PME,33944247700065,O,2026-05-25T13:09:39,Nimes
5080,412561789,SARL TOURNAIRE,5499,4771Z,PME,41256178900071,O,2025-12-06T08:33:36,Nimes
5081,403873581,FIDUCIE AUDIT ET CONSEIL,5710,6920Z,PME,40387358100124,O,2025-12-06T05:58:06,Nimes
5082,399790054,ARTERRIS INNOVATION,5710,8299Z,ETI,39979005400031,O,2025-12-06T06:29:23,Nimes
5083,398875112,APPLE-WAY,5710,4639B,PME,39887511200037,O,2025-12-06T05:58:36,Nimes
5084,399146992,MCA,5599,7430Z,PME,39914699200017,O,2026-07-28T14:53:43,Nimes
5085,402143747,SUN DEVELOPPEMENT,5499,4520A,PME,40214374700051,O,2025-12-06T05:52:06,Nimes
5086,407753680,SOCIETE D'EXPERTISES ET DE CONSEILS EN COUVERTURE SECC,5710,7112B,PME,40775368000138,O,2025-12-06T05:40:25,Nimes
5087,918190927,ECEMA,5710,8559A,ETI,91819092700064,O,2025-12-06T09:45:25,Clermont-Ferrand
5088,842242661,MBM NET,5499,4520A,PME,84224266100010,O,2025-12-06T06:27:25,Clermont-Ferrand
5089,832610661,S3N,5710,4771Z,PME,83261066100064,O,2025-12-06T10:21:28,Clermont-Ferrand
5090,851105817,ABC DEMENAGEMENTS HEXA DEM,5499,4942Z,PME,85110581700015,O,2025-12-06T05:58:30,Clermont-Ferrand
5091,918993478,ADELY,5499,8121Z,PME,91899347800018,O,2025-12-06T06:09:39,Clermont-Ferrand
5092,904729217,SH SUD OUEST,5710,5510Z,ETI,90472921700011,O,2025-12-06T06:12:56,Clermont-Ferrand
5093,982752685,ARVERN'ENERGIES SOLUTIONS,5710,4321A,PME,98275268500015,O,2026-06-04T17:00:22,Clermont-Ferrand
5094,451858385,FUGAM,5710,4791B,PME,45185838500045,O,2026-08-06T09:09:30.220,Clermont-Ferrand
5095,305490922,OFFICE DE PROTECTION DE L'HABITAT,5710,4120A,PME,30549092200088,O,2025-12-06T06:19:19,Clermont-Ferrand
5096,307337931,SCP TERRIOU RADIGON FURLANINI,6561,6910Z,PME,30733793100066,O,2025-12-06T05:40:32,Clermont-Ferrand
5097,311383145,ETABLISSEMENTS GUILLON,5710,4673A,PME,31138314500027,O,2025-12-06T05:37:47,Clermont-Ferrand
5098,538491622,DAVRICOURT,5710,7112B,PME,53849162200030,O,2025-12-06T05:22:14,Tours
5099,538645375,FLORNOY FERRI,5710,6630Z,ETI,53864537500097,O,2026-02-26T10:01:22,Tours
5100,790920482,ESPACE CONDUITE 37,5499,8553Z,PME,79092048200011,O,2025-12-06T08:25:44,Tours
5101,794486514,FREE DISTRIB,5710,4690Z,PME,79448651400100,O,2025-12-06T07:50:16,Tours
5102,679804930,OERLIKON BALZERS FRANCE,5710,2561Z,PME,67980493000098,O,2025-12-06T05:13:28,Tours
5103,634800759,AUTO TOURS,5710,7711A,PME,63480075900082,O,2025-12-06T06:55:30,Tours
5104,786094730,TERRYLOIRE,6317,4631Z,PME,78609473000037,O,2025-12-06T05:25:31,Tours
5105,493016257,DIAG HABITAT,5499,7120B,PME,49301625700021,O,2026-01-30T16:59:28,Tours
5106,498855907,DUOTEX,5499,4771Z,PME,49885590700016,O,2025-12-06T06:55:37,Tours
5107,602062572,JOHNSON CONTROLS FRANCE,5710,7112B,ETI,60206257200360,O,2026-04-15T10:30:28,Tours
5108,500483599,FAB GROUP,5710,7022Z,PME,50048359900071,O,2026-02-20T15:31:45,Tours
5109,509096491,IPER EOL ESTL,5710,3511Z,ETI,50909649100089,O,2025-12-06T05:16:19,Metz
5110,490647880,ARPENT CONSEILS,5485,7112A,PME,49064788000049,O,2026-04-13T16:39:05,Metz
5111,382403632,L'YSER,5710,6820B,ETI,38240363200096,O,2026-02-10T13:18:04,Metz
5112,382431377,WESTAFLEX-BATIMENT,5710,2599B,ETI,38243137700086,O,2025-12-06T05:14:57,Metz
5113,430313098,SULZER ENSIVAL MORET FRANCE,5710,2813Z,ETI,43031309800013,O,2025-12-06T10:50:33,Metz
5114,501440473,DIAGONAL SABBATINI,5499,9602A,PME,50144047300079,O,2026-02-25T14:31:01,Metz
5115,395203995,ESPACE PROMOTION,5710,4110A,ETI,39520399500059,O,2025-12-06T05:58:06,Metz
5116,398040840,SPECTRUM SARL,5499,4662Z,PME,39804084000033,O,2025-12-06T05:14:46,Metz
5117,401898457,NTT FRANCE,5710,6202B,ETI,40189845700189,O,2025-12-06T05:14:34,Metz
5118,402347991,INGESS INGENIERIE ET GESTION,5499,5610A,PME,40234799100067,O,2025-12-06T05:39:11,Metz
5119,345055842,VERRISSIMA INDUSTRIE,5710,2312Z,PME,34505584200032,O,2026-03-31T15:18:56,Metz
5120,332127240,SADAP,5599,4939A,ETI,33212724000221,O,2026-03-31T13:11:21,Metz
5121,309610061,DNV FRANCE,5499,7120B,ETI,30961006100306,O,2025-12-06T05:17:53,Metz
5122,310634696,ACTEA,5710,2223Z,ETI,31063469600036,O,2025-12-06T07:18:41,Metz
5123,322134073,GENESSENCE,5710,4645Z,ETI,32213407300145,O,2026-04-29T18:15:34,Metz
5124,333612505,LORRAINE MONUMENTS,5710,9603Z,PME,33361250500011,O,2025-12-06T08:03:54,Metz
5125,441421781,AFK BY ENERGIES,5710,4671Z,PME,44142178100010,O,2025-12-06T08:20:55,Metz
5126,822783874,MELUSINE,5710,1413Z,PME,82278387400016,O,2025-12-06T05:12:48,Besancon
5127,493427470,EC'LOR FRANCHE-COMTE,5710,6920Z,PME,49342747000049,O,2026-06-25T19:00:38,Besancon
5128,979367794,ABC SUITE DIGITAL,5710,4666Z,PME,97936779400018,O,2025-12-06T07:25:37,Besancon
5129,949806012,LSMB IMMOBILIER,5710,6831Z,PME,94980601200017,O,2026-06-24T13:07:53,Besancon
5130,949815450,MACOSIS EXPERTISE CONSEIL,5710,6920Z,PME,94981545000026,O,2025-12-06T06:14:14,Besancon
5131,901778100,BINOCLES & CO,5710,4778A,PME,90177810000015,O,2025-12-06T06:32:46,Besancon
5132,913176392,IMPACT,5710,7112B,PME,91317639200029,O,2026-02-12T13:10:37,Besancon
5133,917943730,3 L,5499,4669A,PME,91794373000015,O,2025-12-06T05:19:52,Besancon
5134,814670972,PB RESTAURATION,5499,5610C,PME,81467097200011,O,2025-12-06T05:42:38,Besancon
5135,401988233,G.L. SERVICES,5710,4520A,PME,40198823300011,O,2025-12-06T06:25:06,Orleans
5136,399982792,TECHNORD FRANCE,5499,3320C,PME,39998279200067,O,2026-06-25T13:57:08,Orleans
5137,350618443,DMG MORI FRANCE,5710,4662Z,ETI,35061844300047,O,2025-12-06T07:04:00,Orleans
5138,351222369,SOLOGNE DEMENAGEMENTS,5710,4941C,PME,35122236900057,O,2025-12-06T05:19:59,Orleans
5139,383858313,DUHAMEL FINE ART,5710,4779Z,PME,38385831300059,O,2025-12-06T05:17:12,Orleans
5140,447862475,ETOILE ROUTIERE LOGISTIQUE,5710,5210A,ETI,44786247500053,O,2025-12-06T09:58:05,Orleans
5141,479972994,FORAFRANCE,5710,4221Z,PME,47997299400079,O,2026-03-16T14:31:42,Orleans
5142,423632736,TOURELLES IMMOBILIER SARL,5710,6831Z,PME,42363273600017,O,2026-06-15T13:10:17,Orleans
5143,330763004,TPC TECHNIQUES DE PRODUCTION EN CONDITIONNEMENT,5558,8292Z,PME,33076300400059,O,2025-12-06T09:32:35,Orleans
5144,333621134,ORLANE,5710,4645Z,PME,33362113400076,O,2026-01-02T16:33:20,Orleans
5145,523565653,TERRA EXPERTIS,5710,7112B,ETI,52356565300038,O,2026-07-02T11:30:52,Orleans
5146,793197260,LES PETITS JEUNES,5499,5610C,PME,79319726000029,O,2025-12-06T06:29:55,Orleans
5147,794145631,COMEVA,5710,6190Z,ETI,79414563100014,O,2025-12-06T05:15:23,Orleans
5148,342442621,CICHY MANUTENTION,5710,4669B,ETI,34244262100062,O,2025-12-06T05:26:53,Orleans
5149,343127585,LES CRUDETTES,5710,1039A,ETI,34312758500036,O,2025-12-06T05:47:42,Orleans
5150,348967910,ALCIAT - JURIS,5485,6910Z,PME,34896791000046,O,2025-12-06T11:32:16,Orleans
5151,352007108,MAG'PLUS,5499,4669C,PME,35200710800033,O,2025-12-06T05:40:02,Orleans
5152,348336421,A..Z RECEPTIONS,5499,5621Z,PME,34833642100071,O,2025-12-06T05:37:47,Mulhouse
5153,353119498,SEBO,5710,4778A,PME,35311949800015,O,2025-12-06T11:07:32,Mulhouse
5154,438713810,ROSSI,5710,1071C,PME,43871381000036,O,2025-12-06T05:21:54,Mulhouse
5155,439318304,VIRAGE DEVELOPPEMENT SARL,5499,7312Z,PME,43931830400235,O,2025-12-06T05:20:09,Mulhouse
5156,439578527,BUCHINGER VOLAILLES,5710,4632C,PME,43957852700046,O,2026-05-12T14:12:00,Mulhouse
5157,431292960,SOGEQUARE,5710,7022Z,PME,43129296000140,O,2026-06-02T10:31:53,Mulhouse
5158,432689107,INTER PNEUS IMPORT EXPORT,5499,4532Z,PME,43268910700055,O,2025-12-06T06:23:45,Mulhouse
5159,429582331,L C I LOOS CHAUDIERES INDUSTRIELLES,5710,4669B,PME,42958233100089,O,2026-06-03T11:05:13,Mulhouse
5160,434076535,AUTOPROG,5710,6201Z,PME,43407653500047,O,2026-02-12T22:01:03,Mulhouse
5161,448459529,BOULANGERIE PATISSERIE PERRIN,5499,1071C,PME,44845952900021,O,2026-04-15T16:00:48,Mulhouse
5162,448556522,LE SAPHIR,5499,4722Z,PME,44855652200028,O,2025-12-06T06:20:57,Mulhouse
5163,448894527,ACACIAS,5710,4778A,PME,44889452700069,O,2025-12-06T06:22:24,Mulhouse
5164,311640007,RAGUES,5710,4531Z,ETI,31164000700028,O,2025-12-06T05:43:43,Caen
5165,331565499,SARL A ROBINE,5499,4322B,PME,33156549900042,O,2026-04-28T07:21:59,Caen
5166,377937222,SOFRILOG SUD EST,5710,5210A,ETI,37793722200091,O,2025-12-06T06:27:23,Caen
5167,440272789,ATREL,5710,9511Z,ETI,44027278900072,O,2026-05-13T16:33:00,Caen
5168,501587554,ON ASSURE,5499,6622Z,PME,50158755400012,O,2025-12-06T05:41:23,Caen
5169,441330032,STATION DE LAVAGE DE LA SPHERE,5710,4520A,PME,44133003200042,O,2025-12-06T06:22:42,Caen
5170,952740389,PAMKO,5710,9521Z,PME,95274038900012,O,2025-12-06T06:06:43,Caen
5171,954048799,PLANCY ENERGIE,5710,3511Z,ETI,95404879900017,O,2025-12-06T06:16:39,Caen
5172,418905501,QUADRIPLUS GROUPE,5710,7112B,PME,41890550100031,O,2026-07-03T16:17:27,Nancy
5173,404866840,GO FORMATIONS,5710,8553Z,PME,40486684000071,O,2026-01-28T10:00:23,Nancy
5174,809629595,DALLMAYR CAFE DE TRADITION,5499,5610C,ETI,80962959500012,O,2025-12-06T06:18:17,Nancy
5175,789517984,DYNAUTO,5499,4520A,PME,78951798400017,O,2025-12-06T10:53:49,Nancy
5176,317166197,ABC FEU,5710,4329B,ETI,31716619700085,O,2026-07-16T16:31:36,Poitiers
5177,312516065,NEUVIL PNEUS,5710,4532Z,PME,31251606500017,O,2025-12-06T06:15:07,Poitiers
5178,317781607,MOREIRA-SANCHEZ,5499,4771Z,PME,31778160700013,O,2025-12-06T08:18:40,Poitiers
5179,320723281,COUSIN TRAITEUR,5710,5621Z,PME,32072328100053,O,2025-12-06T05:25:12,Poitiers
5180,840460364,TECHNIQUE SOLAIRE INVEST 45,5499,3511Z,ETI,84046036400028,O,2025-12-06T05:12:04,Poitiers
5181,842282733,TOUTOLERON SAS,5710,4651Z,PME,84228273300018,O,2025-12-06T05:53:47,Poitiers
5182,851078154,EXPERT CONSEIL DU BATIMENT,5499,4391B,PME,85107815400040,O,2025-12-06T06:59:57,Poitiers
5183,849689310,VIENNE BIOGAZ,5710,3511Z,ETI,84968931000027,O,2025-12-06T06:25:44,Poitiers
5184,788519700,A A Z PROPRETE,5499,4942Z,PME,78851970000017,O,2025-12-06T05:39:41,Poitiers
5185,821614609,CYFOX,5202,4711B,PME,82161460900047,O,2025-12-06T05:35:28,Poitiers
5186,910537182,DEUX SEVRES BIOGAZ 4,5710,3521Z,PME,91053718200016,O,2025-12-06T11:15:46,Poitiers
5187,910537349,DEUX SEVRES BIOGAZ 6,5710,3521Z,PME,91053734900011,O,2025-12-06T10:07:12,Poitiers
5188,494923873,FUN OUTDOOR,5410,9329Z,PME,49492387300058,O,2026-06-25T08:31:56,Poitiers
5189,499270643,SELARL FREDERIC BLANC - MJO - MANDATAIRES JUDICIAIRES,5485,6910Z,PME,49927064300046,O,2025-12-06T05:21:16,Poitiers
5190,500114558,GROUPE Y CONSEIL,5710,6920Z,PME,50011455800058,O,2025-12-06T05:43:45,Poitiers
5191,802122598,SONAURA,5499,4754Z,PME,80212259800054,O,2025-12-06T07:50:46,Annecy
5192,805204153,AQUILA RH,5710,7820Z,ETI,80520415300607,O,2026-04-16T18:31:31,Annecy
5193,538404666,MMADDAMM CHAMOTTE,5499,2341Z,PME,53840466600017,O,2025-12-06T05:54:02,Annecy
5194,808629521,OPHTAMOLAC,5785,8622C,PME,80862952100010,O,2025-12-06T08:39:44,Annecy
5195,809071855,EKYOG,5710,4771Z,PME,80907185500294,O,2026-07-27T10:00:29,Annecy
5196,803010578,CHIRURGIE VASCULAIRE DU LAC,5485,8622B,PME,80301057800018,O,2026-07-27T13:21:05,Annecy
5197,794315655,DTVG,5499,5610C,PME,79431565500041,O,2026-02-27T13:18:09,Annecy
5198,795069632,ERISTE,5499,6820B,PME,79506963200011,O,2025-12-06T07:07:41,Annecy
5199,792131450,H.C. ALP,5710,8299Z,ETI,79213145000019,O,2025-12-06T10:04:11,Annecy
5200,792399305,DOMO SOLARIS,5710,2825Z,PME,79239930500020,O,2025-12-17T09:00:33,Annecy
5201,800766040,RH DIFFUSION,5710,4771Z,PME,80076604000052,O,2025-12-06T06:23:38,Annecy
5202,800837379,ORADEO FRANCE SAS,5710,7820Z,PME,80083737900042,O,2026-06-24T13:11:17,Annecy
5203,442278453,RG FRANCE,5710,4669B,ETI,44227845300141,O,2026-06-11T12:30:42,Paris
5204,439206368,SETCARGO INTERNATIONAL,5710,5229B,ETI,43920636800433,O,2026-05-06T13:27:15,Paris
5205,432685808,PARTNAIRE 2023,5710,7830Z,ETI,43268580800235,O,2026-07-13T17:56:31,Paris
5206,569801897,KSB SAS,5710,2813Z,ETI,56980189700632,O,2025-12-23T13:00:39,Paris
5207,421251836,TITANOBEL,5710,2051Z,ETI,42125183600019,O,2025-12-06T05:20:09,Paris
5208,810019380,GDSOL 57,5710,3511Z,ETI,81001938000106,O,2026-01-21T11:00:31,Paris
5209,738205269,CANON FRANCE,5710,7733Z,ETI,73820526901882,O,2025-12-06T06:13:17,Paris
5210,848171583,THERMIQUE SOLUTIONS INDUSTRIE COMMERCE 2,5202,3530Z,ETI,84817158303327,O,2025-12-06T05:13:30,Paris
5211,790849889,SCH II,5202,3511Z,PME,79084988900288,O,2025-12-06T06:21:07,Paris
5212,834338295,RENTSCAPE,5710,7711A,PME,83433829500191,O,2025-12-06T05:25:14,Paris
5213,851421016,JILITI,5710,6203Z,ETI,85142101600367,O,2026-07-27T10:31:45,Paris
5214,882576788,AQUITAINE ENERGY 3,5710,3511Z,PME,88257678800013,O,2025-12-06T05:38:50,Paris
5215,817867641,WEBFORCE3,5710,8559A,PME,81786764100026,O,2025-12-06T05:19:51,Paris
5216,827475864,ORANGE CONCESSIONS,5710,6110Z,ETI,82747586400340,O,2025-12-06T05:17:03,Paris
5217,905149738,SH,5710,9609Z,PME,90514973800122,O,2026-05-29T19:00:50,Paris
5218,542061015,CABINET LOISELET PERE FILS ET DAIGREMONT,5599,6832A,ETI,54206101500484,O,2026-08-19T14:30:45.100,Paris
5219,495354805,ACOFORM,5710,8559A,PME,49535480500253,O,2026-07-28T17:34:39,Marseille
5220,813272432,MONT-BLANC,5710,3511Z,ETI,81327243200176,O,2025-12-06T06:23:30,Marseille
5221,880761549,TS007BOUE,5710,3511Z,PME,88076154900166,O,2025-12-06T05:12:49,Marseille
5222,539123943,REST'O'FRAIS ATTITUDE,5499,5629B,PME,53912394300125,O,2026-08-24T18:31:33.797,Toulouse
5223,880392089,A2G,5710,9602B,PME,88039208900012,O,2025-12-06T05:22:53,Toulouse
5224,788561504,IDEL ZEN,5499,8211Z,PME,78856150400010,O,2025-12-06T05:38:20,Toulouse
5225,901660795,CNDO NATION II,5710,4676Z,PME,90166079500013,O,2025-12-06T08:10:04,Lille
5226,839047206,TELEMEDICAL SOLUTION,5785,8621Z,PME,83904720600017,O,2026-07-21T12:31:35,Lille
5227,852365741,BIG MAMMA RESTAURANTS FRANCE,5710,5610A,ETI,85236574100028,O,2025-12-06T05:13:45,Lille
5228,891043291,FRANCE ETUDES & SOLUTIONS,5710,7120B,ETI,89104329100014,O,2026-06-18T20:31:36,Lille
5229,884798711,RETAIL EVOLUTION,5710,4771Z,PME,88479871100013,O,2025-12-06T08:08:54,Lille
5230,908486574,PARTNAIRE 2022,5710,7820Z,ETI,90848657400183,O,2025-12-06T06:13:34,Lille
5231,432865483,SEL CHIRURGIE DE LA MAIN ET DU PIED,5485,8621Z,PME,43286548300023,O,2026-08-21T16:33:17.289,Lille
5232,466500816,ETABLISSEMENTS JULES DHENIN,5710,4531Z,PME,46650081600197,O,2026-03-23T17:31:34,Lille
5233,497765768,FORVIS MAZARS AVOCATS,5710,6910Z,PME,49776576800252,O,2026-03-24T13:11:08,Lille
5234,377970132,DUFFAU,5710,4669B,PME,37797013200017,O,2026-06-10T10:00:23,Bordeaux
5235,410307615,DEMECO ENTREPRISES,5499,4942Z,ETI,41030761500014,O,2025-12-12T14:00:48,Nantes
5236,347602716,CDE NEGOCES,5710,4673A,ETI,34760271600115,O,2026-06-18T11:31:44,Nantes
5237,445262470,PIMENT INTERIM,5710,7820Z,ETI,44526247000245,O,2026-07-31T10:00:29,Nantes
5238,432105914,BRANGEON ENVIRONNEMENT,5710,3811Z,ETI,43210591400019,O,2026-04-22T05:11:08,Nantes
5239,538112582,H.P.P. AGENCES,5499,7911Z,PME,53811258200134,O,2026-01-12T10:01:35,Nantes
5240,342857273,FINANCIERE MEESCHAERT,5699,6619B,ETI,34285727300300,O,2025-12-06T06:24:00,Strasbourg
5241,342901253,CNPP ENTREPRISE,5499,8559A,ETI,34290125300050,O,2025-12-06T05:19:49,Strasbourg
5242,330320045,INDUSTRIE NOUVELLE RECUPERATION REPARTIO,5710,4673A,ETI,33032004500157,O,2026-03-09T13:02:01,Strasbourg
5243,392362448,BOSCH HOME COMFORT COOLING AND HEATING SAS,5710,4669C,ETI,39236244800194,O,2026-04-20T14:07:33,Strasbourg
5244,324938786,TECSOL,5710,7112B,PME,32493878600047,O,2025-12-06T06:09:11,Strasbourg
5245,518086863,PHOTOFIVE,5710,3511Z,ETI,51808686300157,O,2026-07-30T15:01:07,Strasbourg
5246,530319961,CFL CARGO FRANCE,5599,4920Z,PME,53031996100096,O,2025-12-06T05:56:27,Strasbourg
5247,792905457,ENERGIES ENTRE TILLE ET VENELLE,5710,3511Z,ETI,79290545700133,O,2025-12-06T06:33:53,Strasbourg
5248,698501442,FIBA,5710,6920Z,PME,69850144200090,O,2025-12-06T10:04:56,Strasbourg
5249,539749457,LE COEUR D'ALSACE,5710,1085Z,PME,53974945700187,O,2026-03-13T16:11:13,Strasbourg
5250,548501360,ALSACE HABITAT,5515,6820A,ETI,54850136000034,O,2025-12-06T08:16:19,Strasbourg
5251,404536922,ITS GROUP,5710,6203Z,ETI,40453692200192,O,2025-12-06T05:38:27,Strasbourg
5252,752950493,SAG ENTREPRISE,5499,8211Z,PME,75295049300029,O,2025-12-06T08:12:48,Montpellier
5253,892276114,DEMATHIEU BARD GENIE CIVIL,5710,4299Z,ETI,89227611400113,O,2026-03-09T16:04:21,Montpellier
5254,817686454,GTD,5499,9609Z,PME,81768645400015,O,2025-12-06T05:25:31,Montpellier
5255,819186933,PDS RIVIERA,5499,4771Z,PME,81918693300068,O,2026-03-19T13:07:38,Montpellier
5256,912641644,GROUPE ENERGIE DE FRANCE,5710,4322B,PME,91264164400022,O,2025-12-06T10:50:48,Montpellier
5257,791676489,CED,5710,4690Z,PME,79167648900135,O,2026-08-14T13:08:23.602,Montpellier
5258,892073636,HOME VERT,5499,4120B,PME,89207363600128,O,2026-06-22T18:00:32,Montpellier
5259,310998109,PASINI,5710,4673A,ETI,31099810900055,O,2026-07-03T13:08:27,Montpellier
5260,487751620,GAUTIER MEYERS CONSULTING COMPANY,5499,7022Z,PME,48775162000112,O,2025-12-06T05:19:21,Montpellier
5261,420360091,GIE GAMBETTA IMMOBILIER,6220,8299Z,PME,42036009100011,O,2025-12-06T05:43:29,Montpellier
5262,422502526,CAUX LOC,5499,7732Z,PME,42250252600011,O,2025-12-06T05:38:49,Montpellier
5263,512197526,SOLAIRE GRAND SUD,5710,3511Z,PME,51219752600456,O,2025-12-06T09:32:29,Montpellier
5264,381080225,KEYSIGHT TECHNOLOGIES FRANCE,5710,6202A,ETI,38108022500257,O,2026-06-04T13:21:19,Rennes
5265,386620165,PRECIA,5699,2829A,ETI,38662016500186,O,2025-12-06T05:43:36,Rennes
5266,523448371,AFC GROUPE,5710,8559A,PME,52344837100055,O,2025-12-06T06:09:30,Rennes
5267,639200484,ROMI BRETAGNE,5710,3832Z,ETI,63920048400173,O,2026-02-25T12:01:32,Rennes
5268,778128462,SOC D'EQUIPEMENT MANUTENT TRPT,5599,2920Z,ETI,77812846200034,O,2025-12-06T05:13:28,Rennes
5269,390355873,PIL'VITE,5710,4777Z,PME,39035587300493,O,2026-04-23T13:57:09,Rennes
5270,812311165,NEXT & GO,5710,7711A,PME,81231116500011,O,2025-12-06T05:19:11,Rennes
5271,433774486,VIVERIS SYSTEMES,5710,6202A,ETI,43377448600016,O,2026-04-15T16:07:00,Grenoble
5272,444108187,ACE GROUP,5710,7820Z,PME,44410818700154,O,2025-12-06T06:10:40,Grenoble
5273,530841188,FONCTION:SUPPORT,5710,7022Z,PME,53084118800150,O,2026-02-06T15:00:26,Grenoble
5274,390275006,JUGAND AUTOS,5710,4511Z,PME,39027500600034,O,2025-12-06T06:50:35,Grenoble
5275,453174054,CENTRE MEDICAL OPHTALMOLOGIQUE POINT VISION GRENOBLE,5785,8622C,PME,45317405400065,O,2025-12-06T07:48:28,Grenoble
5276,515198406,ICOSA,5710,6910Z,PME,51519840600032,O,2025-12-30T09:00:30,Grenoble
5277,529066326,IMMO DE FRANCE RHONE ALPES,5710,6832A,ETI,52906632600099,O,2025-12-06T06:13:18,Grenoble
5278,493440416,LOCA RECEPTION,5710,7739Z,ETI,49344041600094,O,2025-12-06T06:22:33,Grenoble
5279,750338543,VOIX PUBLIQUE,5710,7021Z,PME,75033854300119,O,2025-12-06T06:34:16,Grenoble
5280,539664532,ESCALE CONSEIL 26,5710,7810Z,PME,53966453200014,O,2025-12-06T05:22:34,Grenoble
5281,451264188,RUE DE L'ATELIER,5710,7410Z,PME,45126418800025,O,2026-05-13T18:33:21,Grenoble
5282,800903874,KLOPE'ONE,5499,4778C,PME,80090387400074,O,2025-12-06T06:29:02,Grenoble
5283,780707220,CAISSE AGRICOLE DE DEPOTS ET PRETS-CADP,6595,6419Z,PME,78070722000080,O,2025-12-06T05:38:27,Rouen
5284,848144572,NOVAGRI,5710,4661Z,ETI,84814457200015,O,2025-12-06T06:08:11,Rouen
5285,885144030,DIGITAL INSURE,5710,6622Z,ETI,88514403000131,O,2026-08-04T17:30:50.945,Rouen
5286,334735230,PARTNAIRE 59,5710,7820Z,ETI,33473523000206,O,2025-12-06T11:07:18,Rouen
5287,972200661,TECHNOSOL,5710,7112B,PME,97220066100015,O,2025-12-06T05:22:24,Rouen
5288,500040829,HOMESERVE ENERGIES SERVICES NORMANDIE,5710,4322B,ETI,50004082900011,O,2026-01-12T15:00:34,Rouen
5289,340057702,RECOLIA RECOUVREMENT,5710,6910Z,PME,34005770200102,O,2025-12-06T05:39:54,Rouen
5290,378738736,TEXTILE DIFFUSION,5499,4771Z,PME,37873873600016,O,2025-12-06T06:22:24,Rouen
5291,401666490,DOMAINE POULLAIN,6599,6430Z,PME,40166649000016,O,2025-12-06T06:23:36,Rouen
5292,410072177,SOCIETE HOTELS ECONOMIQUES D'ISNEAUVILLE,5710,5510Z,PME,41007217700091,O,2026-04-06T13:20:49,Rouen
5293,542750278,DE D ARGENT SOC,5599,4771Z,PME,54275027800013,O,2025-12-06T08:16:19,Rouen
5294,382119758,ATS ENGINEERING,5710,7112B,PME,38211975800094,O,2026-07-24T13:18:15,Dijon
5295,528302862,SG2I,5710,6202A,PME,52830286200016,O,2025-12-06T10:30:34,Dijon
5296,513822619,ISOLE PLUS ENERGIES,5710,4329A,PME,51382261900039,O,2025-12-06T05:47:42,Dijon
5297,530069640,BONAPARTE GRAND EST,5710,6831Z,PME,53006964000049,O,2026-04-02T19:01:19,Dijon
5298,534730775,LES PARADIS DE JULES ET JULIETTE,5499,8891A,PME,53473077500077,O,2025-12-06T05:12:47,Dijon
5299,534760517,ATER ENVIRONNEMENT,5710,7112B,PME,53476051700027,O,2026-06-12T19:29:49,Dijon
5300,811034883,ADELYA TEXTILE CARE,5710,4644Z,ETI,81103488300017,O,2025-12-06T11:07:56,Dijon
5301,789538618,SPORT MANAGEMENT SYSTEM,5710,7022Z,PME,78953861800032,O,2025-12-06T05:39:56,Dijon
5302,791961204,VILLES VIVANTES,5710,7111Z,PME,79196120400116,O,2026-07-01T11:00:57,Dijon
5303,778563130,SELAS ADIDA ET ASSOCIES,5785,6910Z,PME,77856313000021,O,2025-12-06T05:41:17,Dijon
5304,493985964,MB BOUTIQUES,5499,4729Z,PME,49398596400045,O,2025-12-06T05:12:46,Dijon
5305,811426824,SPA AUTO,5710,4520A,PME,81142682400017,O,2025-12-06T05:23:38,Dijon
5306,812176147,DOMAINE DEVENEY MARS,5710,4634Z,PME,81217614700047,O,2025-12-06T05:21:17,Dijon
5307,813946621,RV INVESTISSEMENTS,5499,4511Z,PME,81394662100022,O,2025-12-06T05:14:10,Dijon
5308,504976960,LA BOITE A TRUC,5499,4778C,PME,50497696000063,O,2025-12-06T05:28:25,Angers
5309,492240452,AAP TITI SERVICES (ACCOMPAGNEMENT & ASSISTANCE A LA PERSONNE TITI SERVICES),5560,8810A,ETI,49224045200069,O,2025-12-06T07:07:41,Angers
5310,452223753,IMPACT SALES ET MARKETING,5710,7311Z,ETI,45222375300057,O,2025-12-06T05:25:21,Angers
5311,452548746,SOMTP OUEST,5710,4663Z,ETI,45254874600034,O,2025-12-06T05:14:34,Angers
5312,452645948,ORIUM,5710,5229B,ETI,45264594800103,O,2025-12-06T07:04:01,Angers
5313,508536349,SICHAR'M,5499,4772A,PME,50853634900030,O,2025-12-06T06:17:12,Angers
5314,490744968,OUEST PROTHESES,5710,3250A,ETI,49074496800051,O,2025-12-06T05:44:36,Angers
5315,448969667,ENVERGURE ANGERS,5499,4511Z,ETI,44896966700048,O,2026-07-09T16:21:13,Angers
5316,400066981,LA BLC,5499,4771Z,PME,40006698100061,O,2025-12-06T06:41:08,Angers
5317,399067081,ANTOINE IMMOBILIER,5710,6831Z,PME,39906708100030,O,2025-12-06T05:17:12,Angers
5318,401892724,SOCIETE NOVICE,5499,4771Z,PME,40189272400048,O,2025-12-06T10:39:03,Angers
5319,408481729,GENDROT ET FILS,5499,7420Z,PME,40848172900015,O,2026-07-24T13:10:32,Angers
5320,327004875,FUSEAU,5710,4690Z,ETI,32700487500040,O,2026-05-20T13:10:23,Angers
5321,305461063,RBL-REI,5710,7112B,ETI,30546106300086,O,2025-12-06T05:43:06,Angers
5322,331645515,AMARINE,5710,6622Z,PME,33164551500023,O,2025-12-06T05:40:54,Nimes
5323,309813525,ISOTEC INVEST,5710,6420Z,PME,30981352500032,O,2025-12-06T05:53:45,Nimes
5324,322376906,KARDOL SA,5710,6202A,PME,32237690600044,O,2025-12-06T08:09:48,Nimes
5325,439973173,INTERSTOVES FRANCE,5710,4669B,ETI,43997317300057,O,2025-12-06T06:03:45,Nimes
5326,432347433,SA SUCADO,5710,4778C,PME,43234743300018,O,2025-12-06T06:29:15,Nimes
5327,414890665,AIRWAYS COLLEGE,5710,8559A,PME,41489066500014,O,2025-12-06T05:20:56,Nimes
5328,449920131,FTP LABO,5499,4669C,PME,44992013100033,O,2025-12-06T05:37:48,Nimes
5329,428732283,IDEA PROVENCE,5710,6621Z,PME,42873228300018,O,2025-12-06T06:05:13,Nimes
5330,428769160,EOLIENNES GALERNE,5710,3511Z,ETI,42876916000105,O,2025-12-06T05:43:29,Nimes
5331,434981023,ECOLE DE CONDUITE FRANCAISE CHERRI,5710,8553Z,PME,43498102300014,O,2025-12-06T07:50:07,Nimes
5332,334748647,SOCIETE COOPERATIVE AGRICOLE UNI-VERT,6317,4631Z,PME,33474864700032,O,2025-12-06T05:15:55,Nimes
5333,316420322,SOCIETE D'ETUDES DE REVISION ET D'EXPERTISE COMPTABLES,5710,6920Z,PME,31642032200026,O,2025-12-06T05:22:42,Clermont-Ferrand
5334,321761686,CENTRE ETOILE AUTOMOBILES,5710,4511Z,ETI,32176168600013,O,2025-12-06T05:43:51,Clermont-Ferrand
5335,300821774,SOC EMPIRE DISTRIBUTION FILM,5599,5914Z,PME,30082177400084,O,2025-12-06T11:09:55,Clermont-Ferrand
5336,334111812,CUIRS PLUS BASTER,5499,4771Z,PME,33411181200056,O,2025-12-06T06:19:28,Clermont-Ferrand
5337,330366824,CONSTEL,5710,7112B,PME,33036682400077,O,2025-12-06T05:19:09,Clermont-Ferrand
5338,380321711,SOC DES GRANDS GARAGES D AUVERGNE,5710,4511Z,ETI,38032171100034,O,2025-12-06T06:23:36,Clermont-Ferrand
5339,380465971,SYSTRA FONCIER,5710,7112B,ETI,38046597100147,O,2025-12-06T07:24:49,Clermont-Ferrand
5340,921727970,LES HALLES OBE,5710,5610C,PME,92172797000011,O,2025-12-06T06:17:53,Clermont-Ferrand
5341,817553142,CAP FAMILY,5710,8891A,PME,81755314200016,O,2025-12-06T06:29:02,Tours
5342,823945241,CHAVIGNY INDUSTRIE,5710,2361Z,ETI,82394524100011,O,2025-12-06T06:48:55,Tours
5343,866800329,INTERIEUR GRAND OUEST,5710,4759A,ETI,86680032900090,O,2026-01-07T10:17:21,Tours
5344,878676063,REGIESOLAIRE,5710,4321A,ETI,87867606300018,O,2026-04-02T13:30:06,Tours
5345,316514769,AALBERTS SURFACE TECHNOLOGIES SAS,5710,2561Z,ETI,31651476900041,O,2025-12-06T05:16:39,Tours
5346,301351722,SOCIETE D'EXPLOITATION DES ETABLISSEMENTS J. VEYNAT,5710,4941A,ETI,30135172200014,O,2025-12-24T13:31:33,Tours
5347,423385830,S AND J ENTERTAINMENT,5499,4649Z,PME,42338583000017,O,2025-12-06T05:19:30,Metz
5348,410632053,HALOA,5499,6202A,PME,41063205300048,O,2025-12-06T07:38:58,Metz
5349,414983585,THOME,5710,4531Z,ETI,41498358500095,O,2026-02-26T14:00:54,Metz
5350,411995574,ORAKIN LORRAINE,5499,8553Z,ETI,41199557400018,O,2026-06-18T14:32:14,Metz
5351,353829203,SARL AGENCE CONNESSON ASSOCIES,5499,5610C,PME,35382920300028,O,2025-12-06T06:28:54,Metz
5352,364801472,OPTIQUE SAINT LOUIS,5499,4778A,PME,36480147200101,O,2025-12-06T06:25:16,Metz
5353,370800575,FILOR AVOCATS,5485,6910Z,PME,37080057500109,O,2026-07-24T13:18:11,Metz
5354,349685404,SOLOTRA,5710,4941A,ETI,34968540400130,O,2026-05-12T14:11:59,Metz
5355,353309552,VALEUR ET PATRIMOINE,5599,6619A,PME,35330955200019,O,2025-12-06T10:30:48,Metz
5356,449559905,SOLODISS - SOCIETE LORRAINE DE DISTRIBUTION SPECIALISEE,5710,4332A,PME,44955990500061,O,2025-12-06T11:09:26,Metz
5357,828415323,A.G.M.,5710,4647Z,ETI,82841532300017,O,2025-12-06T05:41:10,Besancon
5358,817675846,MICRO CRECHE 1 2 3 SOLEIL,5710,8891A,PME,81767584600056,O,2025-12-06T06:19:46,Besancon
5359,818047987,AGILIANCE AUDIT,5710,6920Z,PME,81804798700016,O,2025-12-06T05:40:26,Besancon
5360,823010962,OZ,5710,7311Z,ETI,82301096200012,O,2026-03-05T19:00:33,Besancon
5361,823882246,DOUBS OUEST ENERGIES 1,5710,3511Z,PME,82388224600049,O,2025-12-06T05:29:36,Besancon
5362,812731149,GEOIDE CRYPTO&COM,5710,5829A,PME,81273114900017,O,2025-12-06T05:38:36,Besancon
5363,812832921,DOUZE&ASSOCIES,5710,4120A,PME,81283292100066,O,2025-12-06T06:24:02,Besancon
5364,813469343,XAUDIO,5499,4774Z,PME,81346934300012,O,2025-12-06T06:27:32,Besancon
5365,820557627,OFFICE IMMOBILIER,5499,6831Z,PME,82055762700032,O,2025-12-06T06:25:35,Besancon
5366,841048473,SERPOLLET CENTRE EST,5710,4222Z,ETI,84104847300042,O,2026-01-22T19:46:03,Besancon
5367,841280498,MAX MOBEL BESANCON,5710,4759A,PME,84128049800012,O,2025-12-06T06:32:21,Besancon
5368,830713376,VITALITY INTERIM,5710,7820Z,PME,83071337600036,O,2025-12-06T05:38:43,Besancon
5369,832599880,ALMAVA,5499,4778C,PME,83259988000016,O,2025-12-06T06:17:13,Besancon
5370,353824808,CHROME NETTOYAGE 41-45,5710,8121Z,ETI,35382480800029,O,2025-12-06T10:55:07,Orleans
5371,449220722,AURLANE,5599,4673B,PME,44922072200093,O,2025-12-06T05:25:38,Orleans
5372,444757611,MARICHAL LOGISTICS,5710,5229B,ETI,44475761100108,O,2026-07-27T17:31:37,Orleans
5373,447675125,KALI'AIR,5710,7112B,PME,44767512500051,O,2025-12-06T09:31:52,Orleans
5374,431807957,VOXTEL,5710,6202A,PME,43180795700052,O,2025-12-06T09:06:57,Orleans
5375,443554589,SOTRADIS PROVENCE,5710,5210A,ETI,44355458900038,O,2025-12-06T08:51:23,Orleans
5376,534192075,MH FRANCE,5499,4791A,PME,53419207500065,O,2025-12-06T10:09:34,Orleans
5377,513465005,CENTRE-OUEST INTERNATIONAL CAMPUS,5710,8542Z,PME,51346500500074,O,2025-12-06T05:19:31,Orleans
5378,537599003,ALLIUM BEAUCE COMPANY,5499,8292Z,PME,53759900300036,O,2025-12-06T07:10:27,Orleans
5379,437661168,JH DISTRIBUTION,5710,4752A,PME,43766116800025,O,2025-12-06T06:11:12,Mulhouse
5380,437981863,FRINGALE,5499,5610C,PME,43798186300016,O,2025-12-06T05:15:10,Mulhouse
5381,443186085,COMPETENCES PLURIELLES,5499,8559A,PME,44318608500058,O,2025-12-06T05:39:40,Mulhouse
5382,443812086,SELARL CHIRURGIE MAIN MEMBRE SUPERIEUR,5485,8622C,PME,44381208600017,O,2025-12-06T07:59:33,Mulhouse
5383,443982038,FLEX-N-GATE FRANCE,5710,2932Z,ETI,44398203800020,O,2025-12-06T05:25:05,Mulhouse
5384,444194815,VINUM,5499,4725Z,PME,44419481500023,O,2025-12-06T05:50:52,Mulhouse
5385,534337431,SYLVIE MORANO,5499,8690F,PME,53433743100017,O,2025-12-06T06:21:38,Mulhouse
5386,534986351,OXI GOLD,5499,4777Z,PME,53498635100011,O,2025-12-06T06:25:08,Mulhouse
5387,512973132,AU BON SOLEIL,5499,3511Z,PME,51297313200016,O,2025-12-06T07:12:07,Mulhouse
5388,537120412,IMPRIMERIE SCHRAAG SOC,5710,1812Z,PME,53712041200060,O,2026-05-07T12:01:00,Mulhouse
5389,529890477,BG COUTURE,5499,9529Z,PME,52989047700027,O,2025-12-06T06:18:08,Mulhouse
5390,530596949,BC GROUPE SARL,5499,4673A,PME,53059694900012,O,2025-12-06T07:18:03,Mulhouse
5391,592056303,LEONI WIRING SYSTEMS FRANCE,5710,4531Z,ETI,59205630300064,O,2025-12-06T05:25:14,Mulhouse
5392,413036336,AS FORMATION,5499,8559A,PME,41303633600084,O,2025-12-06T08:07:51,Mulhouse
5393,420778557,FM TELECOM,5499,4754Z,PME,42077855700066,O,2025-12-06T10:32:24,Mulhouse
5394,418682670,DIEHL METERING SAS,5710,2651B,ETI,41868267000025,O,2025-12-06T05:14:09,Mulhouse
5395,500097084,FORENSOL,5710,4313Z,PME,50009708400049,O,2025-12-06T05:41:32,Caen
5396,914315577,GROUPEMENT D'INTERET ECONOMIQUE TO 17,6220,8622C,PME,91431557700066,O,2025-12-24T12:01:05,Caen
5397,381633684,RESTO-SPORT,5499,5610A,PME,38163368400018,O,2025-12-06T05:38:03,Caen
5398,382637411,POMPES FUNEBRES J.P ROUGEREAU,5710,9603Z,PME,38263741100010,O,2025-12-06T07:04:00,Caen
5399,383336260,BAIE OUEST,5710,4332A,ETI,38333626000096,O,2025-12-06T05:38:11,Caen
5400,394581714,SARL ALPHA,5499,4778A,PME,39458171400018,O,2025-12-06T06:26:44,Caen
5401,384684262,DISTRI DRINKS,5710,4799B,PME,38468426200072,O,2025-12-06T06:24:56,Caen
5402,410196349,CODIMA.T.P.,5710,7732Z,PME,41019634900071,O,2025-12-06T05:39:33,Caen
5403,402682769,ELLAN,5710,7711B,ETI,40268276900094,O,2025-12-06T10:14:40,Caen
5404,350440921,SOCIETE DE CARRIERES DE TERRASSEMENT ET D'AMENAGEMENT,5499,0812Z,ETI,35044092100038,O,2025-12-06T08:25:36,Caen
5405,322939240,JONATHAN MAGASIN COOPERATIF BIOLOGIQUE,5460,4711D,PME,32293924000063,O,2025-12-06T06:15:59,Caen
5406,443120423,SERRURERIE SAINT LOISE,5499,4332B,PME,44312042300043,O,2025-12-06T09:34:38,Caen
5407,722042850,ECOLE PRIVEE HOTESSES ACCUEIL TUNON,5202,8559B,PME,72204285000114,O,2025-12-06T07:26:21,Nancy
5408,833037161,APREX,5710,6201Z,PME,83303716100019,O,2026-04-13T13:08:43,Nancy
5409,815091764,DIGITAL BUSINESS SCHOOL,5710,8559A,PME,81509176400044,O,2025-12-06T09:49:08,Nancy
5410,478348477,ETHIMO PATRIMOINE,5499,7022Z,PME,47834847700116,O,2025-12-06T10:50:09,Poitiers
5411,454075052,PSM CONSEIL,5499,7311Z,PME,45407505200034,O,2025-12-06T05:41:31,Poitiers
5412,487720377,"EXPERTISES, CONSEILS, SYNERGIES",5710,6920Z,PME,48772037700018,O,2025-12-06T05:38:56,Poitiers
5413,488346180,SUD-OUEST ENVIRONNEMENT INGENIERIE CONSEIL,5499,7112B,PME,48834618000067,O,2025-12-06T11:22:27,Poitiers
5414,497862797,ENTREPRISE NOUVELLE VERS UNE INSERTION ECONOMIQUE ENVIRONNEMENT ET EMPLOI,5560,3832Z,PME,49786279700063,O,2026-05-19T16:01:05,Poitiers
5415,497961532,SOLIRIS,5499,4322B,PME,49796153200023,O,2025-12-06T10:01:53,Poitiers
5416,450492830,NEMOPOLIS,5710,6202A,PME,45049283000051,O,2025-12-06T06:02:46,Poitiers
5417,483161972,LE PARADOU,5499,6820B,PME,48316197200052,O,2026-07-08T12:33:11,Poitiers
5418,483171153,K7,5499,4771Z,PME,48317115300016,O,2025-12-06T05:17:02,Poitiers
5419,484031018,VOLONIA EXPERTISES,5485,6831Z,PME,48403101800050,O,2025-12-06T06:30:19,Poitiers
5420,484268347,CLAIMO,5710,4110A,ETI,48426834700024,O,2025-12-06T07:19:26,Poitiers
5421,502294747,VA DEVELOPPEMENT,5710,8129B,ETI,50229474700014,O,2026-06-25T13:11:36,Poitiers
5422,504211707,GDSOLAIRE,5710,4778C,ETI,50421170700717,O,2025-12-06T06:18:08,Poitiers
5423,504213174,EQUIPE INGENIERIE,5499,7112B,PME,50421317400072,O,2025-12-06T05:39:33,Poitiers
5424,492360607,JOUBERT OLERON,5499,9602A,PME,49236060700021,O,2025-12-06T05:34:14,Poitiers
5425,578204927,SOCIETE CONSTANTIN,5599,4759A,PME,57820492700078,O,2025-12-06T06:28:16,Annecy
5426,488792961,EQUILIBRE AMENAGEMENT ET DEVELOPPEMENT,5485,7111Z,PME,48879296100028,O,2025-12-06T05:41:31,Annecy
5427,811885615,LOCNATUR',5710,4778C,PME,81188561500013,O,2025-12-06T06:22:26,Annecy
5428,812118255,ATS COMMUNICATION,5499,4321A,PME,81211825500015,O,2026-04-01T14:16:21,Annecy
5429,493968317,SYNALCOM,5710,9511Z,PME,49396831700013,O,2025-12-06T06:52:11,Annecy
5430,951699271,POP PLAGE,5710,5610A,PME,95169927100015,O,2026-07-07T13:15:09,Annecy
5431,901739151,COMPTOIR DES VINS DE SAVOIE,5710,4634Z,PME,90173915100016,O,2025-12-06T05:15:47,Annecy
5432,918330184,EWP SAS,5710,6920Z,PME,91833018400014,O,2026-01-28T04:33:30,Annecy
5433,824397376,CREA CARRELAGE,5710,4673B,PME,82439737600032,O,2026-05-12T13:08:01,Annecy
5434,819996596,MON LIT ET MOI,5499,4759A,PME,81999659600170,O,2025-12-06T06:24:02,Annecy
5435,492783394,HVM PIZZA,5499,5610C,ETI,49278339400488,O,2026-08-07T13:00:34.820,Paris
5436,980952360,AQUILA STRATEGIE,5499,8030Z,PME,98095236000116,O,2026-08-04T13:07:29.610,Paris
5437,334140167,ATELIER DE PRODUCTION ET DE CREATION,5710,1512Z,ETI,33414016700084,O,2026-08-06T09:09:28.598,Paris
5438,893081489,DAVAI ENRSPV5,5710,3511Z,PME,89308148900013,O,2025-12-06T09:42:49,Paris
5439,897639829,WILSAM,5710,4771Z,ETI,89763982900018,O,2025-12-06T06:22:44,Paris
5440,830248951,DENTECH IDF NORD,5710,4646Z,PME,83024895100113,O,2025-12-06T06:17:13,Paris
5441,745720276,CAFES FOLLIET,5710,1083Z,ETI,74572027600542,O,2026-06-16T13:07:36,Paris
5442,488530759,ACTION DEVELOPPEMENT LOISIR,5710,9311Z,ETI,48853075900387,O,2025-12-06T06:23:29,Paris
5443,483209383,APPLE RETAIL FRANCE EURL,5499,4741Z,ETI,48320938300288,O,2026-02-10T18:33:07,Paris
5444,452936321,EPICURIA,5710,4752A,ETI,45293632100010,O,2026-01-13T13:26:16,Paris
5445,399399344,INOVIE BIO-CLINIC,5785,8690B,ETI,39939934400197,O,2026-05-04T14:31:43,Paris
5446,424761419,OVH,5710,6311Z,ETI,42476141900045,O,2025-12-06T05:25:30,Paris
5447,354008005,CORBEILLE D OR,5710,4777Z,PME,35400800500291,O,2026-07-21T14:31:55,Paris
5448,323253583,LIGERIENNE GRANULATS,5710,0812Z,ETI,32325358300013,O,2025-12-06T05:11:03,Paris
5449,750318297,HAWI SEP 5,5499,3511Z,PME,75031829700017,O,2025-12-06T07:46:11,Lyon
5450,390461440,SOROFI,5710,4674B,ETI,39046144000013,O,2026-05-04T10:35:29,Lyon
5451,889966792,INNED4,5710,3511Z,PME,88996679200018,O,2025-12-06T06:20:26,Marseille
5452,481272631,OPTIQUE RICHARD,5710,4778A,PME,48127263100013,O,2025-12-06T05:13:43,Marseille
5453,433185121,EXAIL,5710,2651A,ETI,43318512100129,O,2026-01-15T17:01:56,Marseille
5454,507450930,VIVASON ALPHA,5710,4774Z,PME,50745093000130,O,2026-02-09T14:31:28,Toulouse
5455,491347712,F.G.M.,5710,4778C,PME,49134771200011,O,2025-12-06T05:52:14,Toulouse
5456,529280703,HYDRONEO SOLAR 1,5499,3511Z,PME,52928070300339,O,2025-12-06T10:18:40,Toulouse
5457,420950024,DINH VAN,5710,4648Z,ETI,42095002400018,O,2025-12-06T06:03:07,Lille
5458,475485132,ETS PETITPREZ ET LAMBAERE,5710,9601B,PME,47548513200652,O,2025-12-06T06:22:16,Lille
5459,501737407,ECNV,5710,4520A,PME,50173740700038,O,2025-12-06T06:20:25,Lille
5460,343946711,CROCODILE RESTAURANTS,5710,5610A,ETI,34394671100029,O,2026-06-16T15:32:21,Lille
5461,331431650,DELEPLANQUE SOC,5499,4724Z,PME,33143165000182,O,2025-12-06T05:25:29,Lille
5462,418364709,FREECOM SAS,5710,4742Z,PME,41836470900158,O,2025-12-06T06:21:06,Lille
5463,351251665,NYKY FRANCE,5710,4771Z,PME,35125166500045,O,2026-07-01T15:44:42,Lille
5464,392975637,A.F.C.I,5710,8559A,PME,39297563700043,O,2026-02-11T18:31:57,Lille
5465,809703598,AG FRANCE,5710,4771Z,PME,80970359800148,O,2026-05-08T13:13:07,Lille
5466,441818465,SYNTECH RESEARCH FRANCE,5710,7219Z,PME,44181846500011,O,2025-12-06T06:13:10,Bordeaux
5467,404128761,JEREM,5499,4771Z,PME,40412876100131,O,2026-05-28T20:30:38,Bordeaux
5468,414885061,RESSOURCE MARCHAND DE COULEURS DECORATION,5710,4752A,PME,41488506100146,O,2025-12-06T06:16:00,Nantes
5469,487803777,VALEMO,5710,7112B,ETI,48780377700035,O,2026-03-26T12:47:03,Nantes
5470,749891214,HELLIO SOLUTIONS,5710,4120A,ETI,74989121400134,O,2026-01-28T04:33:21,Nantes
5471,871800074,MADIC,5710,3320B,ETI,87180007400316,O,2026-05-19T17:31:42,Nantes
5472,392258018,L'TUR,5499,7911Z,ETI,39225801800168,O,2025-12-06T05:43:51,Strasbourg
5473,500253802,WEMA INTERNATIONAL GROUPE,5710,6920Z,PME,50025380200010,O,2026-07-27T13:23:54,Strasbourg
5474,518071121,PHOTOWERKE PROVENCE,5710,3511Z,ETI,51807112100132,O,2025-12-06T10:41:13,Strasbourg
5475,901306068,ORTHATLANTIC RHONE-ALPES,5785,8690E,PME,90130606800015,O,2025-12-06T06:03:54,Strasbourg
5476,775658354,AGENCE FRANCE PRESSE,6901,6391Z,ETI,77565835400011,O,2025-12-06T05:25:31,Strasbourg
5477,823947486,1KUBATOR OPERATIONS,5710,8299Z,PME,82394748600010,O,2025-12-06T10:47:36,Strasbourg
5478,825176233,VIVIALYS HABITAT INTERMEDIAIRE,5710,4110A,ETI,82517623300013,O,2025-12-06T08:33:52,Strasbourg
5479,878631498,AB - AUDITION,5710,4646Z,PME,87863149800010,O,2025-12-06T11:15:38,Strasbourg
5480,907986798,GIE FRANCE HOSTELS,6220,6820A,PME,90798679800102,O,2025-12-06T05:34:32,Strasbourg
5481,812530566,BATIGERE DEVELOPPEMENT IMMOBILIER,6220,7490B,PME,81253056600031,O,2026-08-25T12:32:49.168,Strasbourg
5482,411364243,SARL R.E.A.L,5499,4730Z,PME,41136424300021,O,2026-08-11T07:02:50.900,Strasbourg
5483,878623164,SINARI PSX,5710,6201Z,ETI,87862316400018,O,2026-08-04T13:19:35.353,Strasbourg
5484,315065698,SOLLASE SOBLINTER,5710,7732Z,PME,31506569800153,O,2025-12-06T07:34:44,Strasbourg
5485,399387117,E2M,5710,4321A,PME,39938711700092,O,2025-12-06T05:41:02,Montpellier
5486,328252671,OC RESIDENCES,5710,4120A,ETI,32825267100180,O,2025-12-06T06:28:23,Montpellier
5487,432480598,DIDEROT EDUCATION CAMPUS,5499,8542Z,PME,43248059800163,O,2026-01-08T13:10:57,Montpellier
5488,410089866,LONILEAD,5710,4759B,PME,41008986600017,O,2026-06-12T15:30:54,Montpellier
5489,513900688,ACTEM'OTEL,5499,5510Z,ETI,51390068800013,O,2026-03-13T13:07:47,Montpellier
5490,529591372,EPSILON SOL,5499,3511Z,ETI,52959137200121,O,2025-12-06T06:40:46,Montpellier
5491,530018639,EUROFIBER FRANCE,5710,6110Z,ETI,53001863900191,O,2026-07-27T13:26:35,Montpellier
5492,825318728,WPNB,5710,4742Z,PME,82531872800052,O,2026-03-04T12:00:28,Rennes
5493,853950285,LNA PARIS,5710,1413Z,PME,85395028500017,O,2026-02-09T13:15:02,Rennes
5494,411777071,HEMON-CAMUS,5710,6832A,PME,41177707100019,O,2026-08-12T13:31:30.536,Rennes
5495,848273199,CAP SOLAR 77,5710,3511Z,ETI,84827319900176,O,2026-08-12T18:16:20.303,Rennes
5496,900613803,DEDALE AND CO,5710,9321Z,PME,90061380300015,O,2026-08-03T13:09:54.434,Rennes
5497,305392797,SARL N.R.J.,5710,4941B,ETI,30539279700158,O,2026-04-02T13:28:35,Rennes
5498,317238061,BOUCHERS SERVICES,5710,1011Z,ETI,31723806100228,O,2025-12-06T09:04:08,Rennes
5499,308972553,SA AURAY PNEUMATIQUES,5710,4531Z,ETI,30897255300017,O,2025-12-06T06:05:57,Rennes
5500,333455400,CGI FRANCE INGENIERIE,5710,6202A,ETI,33345540000189,O,2026-06-29T16:30:51,Rennes
5501,319648036,ASSISTANCE URGENCE - LA MALOUINE,5499,8690A,PME,31964803600048,O,2025-12-06T07:50:06,Rennes
5502,799044094,AUDIOLIS,5710,4774Z,PME,79904409400016,O,2026-05-28T13:21:24,Grenoble
5503,832378608,COMPTOIR NATIONAL DE L'OR SAVOIE ISERE DROME,5710,4778C,PME,83237860800034,O,2025-12-06T06:29:03,Grenoble
5504,837150366,HORIBA FRANCE SAS,5710,2651B,ETI,83715036600222,O,2025-12-06T11:07:55,Grenoble
5505,879412864,SOLAVI,5499,3511Z,PME,87941286400016,O,2025-12-06T09:04:16,Grenoble
5506,883934606,3B,5710,2363Z,PME,88393460600020,O,2025-12-06T05:43:22,Grenoble
5507,891728057,GIE RSM RHONE-ALPES,6220,6920Z,PME,89172805700011,O,2025-12-06T05:43:30,Grenoble
5508,878715770,BEST PRICE,5499,4759B,PME,87871577000029,O,2025-12-06T06:30:03,Grenoble
5509,908455702,HARDIS TECH SERVICES,5710,6201Z,ETI,90845570200021,O,2026-06-03T11:05:16,Grenoble
5510,913181491,PRIOSUR,5710,7112B,PME,91318149100014,O,2025-12-06T05:39:34,Grenoble
5511,900068156,MCD AUTOMOBILE,5499,4532Z,PME,90006815600067,O,2026-08-10T13:37:05.162,Grenoble
5512,390722999,SPHEREA POWER & INSTRUMENTATION,5710,2790Z,ETI,39072299900062,O,2026-08-06T09:09:23.903,Grenoble
5513,404051153,AWT,5710,3821Z,PME,40405115300108,O,2026-08-06T13:12:05.683,Grenoble
5514,880682653,MOUV & LOG,5710,4942Z,PME,88068265300063,O,2026-04-15T13:08:13,Grenoble
5515,524938768,LUVAL,5710,5610C,PME,52493876800065,O,2025-12-06T06:20:58,Rouen
5516,430095802,AIP,5499,7111Z,PME,43009580200103,O,2026-04-29T13:10:58,Rouen
5517,443348396,SARL THERMI CLIM,5499,7112B,PME,44334839600054,O,2026-07-28T13:12:41,Rouen
5518,480833649,NORMAND'IMMO,5499,6831Z,PME,48083364900084,O,2025-12-06T06:25:17,Rouen
5519,811607019,CS COMLANDI,5710,4649Z,PME,81160701900031,O,2025-12-29T13:02:13,Rouen
5520,511233942,SOLI,5710,5610A,PME,51123394200172,O,2026-07-01T17:32:13,Rouen
5521,505244624,ALBIK,5499,4730Z,PME,50524462400035,O,2025-12-06T07:57:37,Rouen
5522,508142411,ARKA LOCATION,5710,7711A,PME,50814241100091,O,2026-01-23T17:00:48,Rouen
5523,498609791,EPC DEMOSTEN,5710,4311Z,ETI,49860979100039,O,2025-12-06T05:41:17,Rouen
5524,509579108,PLUG INDUSTRY,5499,4669B,PME,50957910800101,O,2025-12-06T05:41:24,Rouen
5525,493263297,JPL DEMENAGEMENT,5499,4942Z,PME,49326329700035,O,2026-04-23T11:41:09,Dijon
5526,493349682,HOWDEN SANTE CONSEIL ET GESTION,5710,6420Z,PME,49334968200093,O,2026-06-09T14:33:17,Dijon
5527,818247579,BROKER AUDIOLOGIE,5499,4774Z,PME,81824757900019,O,2026-07-23T17:00:22,Dijon
5528,823092457,ECIG EST DEVELOPPEMENT,5499,4778C,PME,82309245700097,O,2025-12-06T06:28:02,Dijon
5529,844250290,EPANOUISSEMENT PAR INTEGRATION D'INNOVATIONS EN INFRASTRCUTURES,5710,7022Z,PME,84425029000013,O,2025-12-06T11:15:45,Dijon
5530,837839356,HINTZY DISTRIBUTION,5710,4673B,PME,83783935600016,O,2025-12-06T05:20:01,Dijon
5531,851196097,MOOVEO ENERGIES,5710,3312Z,PME,85119609700022,O,2026-03-17T11:30:21,Dijon
5532,908312523,BYBLOS HUMAN SECURITY GRAND-EST,5710,8010Z,ETI,90831252300016,O,2025-12-06T08:33:53,Dijon
5533,908315377,ENERGIE LIFE,5499,4322B,PME,90831537700014,O,2025-12-06T07:59:28,Dijon
5534,898622030,SCAN GLOBAL LOGISTICS,5710,5229B,ETI,89862203000069,O,2025-12-06T05:15:58,Dijon
5535,904764222,GATICA IMMOBILIER,5499,5520Z,PME,90476422200017,O,2025-12-06T10:05:27,Dijon
5536,982715989,FAUPIN,5710,4661Z,ETI,98271598900017,O,2026-08-25T14:59:22.610,Dijon
5537,881945224,MOBIVI,5710,4511Z,PME,88194522400023,O,2026-08-19T08:20:04.553,Dijon
5538,379848005,FROMAGERIE JACQUES DELIN,5710,1051C,PME,37984800500078,O,2026-08-10T12:00:21.880,Dijon
5539,839236254,SARL APPORE,5499,7112B,PME,83923625400059,O,2026-08-07T13:08:09.419,Dijon
5540,307963397,TOUILLER ORGANISATION,5710,9511Z,PME,30796339700053,O,2025-12-06T05:16:50,Angers
5541,440716645,AIRIS PAYS DE LOIRE,5710,4110C,ETI,44071664500138,O,2025-12-06T05:41:16,Angers
5542,422804468,SARL MDS,5710,5229A,PME,42280446800102,O,2025-12-06T06:17:12,Angers
5543,419784400,ALHYANGE - SOCOTEC SMART SOLUTIONS,5710,7112B,PME,41978440000212,O,2026-03-25T17:31:45,Angers
5544,410532196,BARENTZ FRANCE SAS,5710,4675Z,ETI,41053219600079,O,2025-12-06T08:05:56,Angers
5545,414773226,EVENDAY - SRN,5499,5621Z,ETI,41477322600017,O,2025-12-06T05:19:59,Angers
5546,411821283,J2F SERVICES,5499,4669B,PME,41182128300040,O,2025-12-06T07:48:12,Angers
5547,417921566,SERVICES FUNERAIRES CITEAU,5710,9603Z,PME,41792156600010,O,2026-04-24T13:10:12,Angers
5548,377714100,AJP IMMOBILIER,5499,6831Z,PME,37771410000270,O,2026-02-16T17:34:49,Angers
5549,349284422,NOVEO,5710,7490B,PME,34928442200061,O,2026-07-15T13:00:52,Angers
5550,349773697,GROUPE SALMON ARC EN CIEL,5710,4642Z,PME,34977369700017,O,2026-07-01T13:46:45,Angers
5551,341125540,ANOVO,5599,9512Z,PME,34112554000037,O,2025-12-06T11:08:33,Angers
5552,341873610,PROCIVIS OUEST PROMOTEUR,5710,4110A,PME,34187361000065,O,2025-12-06T05:16:06,Angers
5553,323470427,BECOUZE,5710,6920Z,PME,32347042700051,O,2025-12-06T05:19:29,Angers
5554,391506219,PREMIUM AUTO DISTRIBUTION,5710,4511Z,ETI,39150621900107,O,2025-12-06T05:14:08,Nimes
5555,384192951,GENERALE SERVICES FRANCAIS DE TRAITEMENT,5710,4391B,PME,38419295100158,O,2025-12-06T05:16:40,Nimes
5556,384226239,PROVENCE CEVENNES IMMOBILIER,5499,6831Z,PME,38422623900018,O,2025-12-06T06:57:32,Nimes
5557,392993648,BOTTERO PATRIMOINE,5710,6622Z,PME,39299364800030,O,2025-12-06T08:26:54,Nimes
5558,393132154,SEGURET DISTRIBUTION,5499,4649Z,PME,39313215400021,O,2025-12-06T11:32:08,Nimes
5559,381707991,SA CERENE SERVICES,5710,7112B,PME,38170799100109,O,2025-12-06T08:11:50,Nimes
5560,511169559,LE FOURNIL DE PLASCASSIER,5499,1071C,PME,51116955900032,O,2026-06-26T13:07:13,Nimes
5561,518688080,DIATECH,5499,7120B,PME,51868808000127,O,2025-12-06T05:57:12,Nimes
5562,518959077,CAP SOLAR MONTELIMAR,5499,3511Z,PME,51895907700539,O,2026-02-12T10:01:09,Nimes
5563,530039486,SARL AUBERT & SUNN,5499,3511Z,ETI,53003948600051,O,2025-12-06T06:16:01,Nimes
5564,523207793,CENTRALE SOLAIRE ORION 4,5710,3511Z,ETI,52320779300093,O,2025-12-06T06:22:43,Nimes
5565,523809713,S.C.I. LES HALLES,6540,6820B,PME,52380971300051,O,2025-12-06T05:39:26,Nimes
5566,524007911,MARTEL ENERGY,5202,3511Z,PME,52400791100075,O,2025-12-06T07:26:36,Nimes
5567,531589141,SOSOGOOD,5499,4781Z,PME,53158914100021,O,2026-02-19T13:07:56,Nimes
5568,788735629,AUTO DISTRIBUTION PARIS,5710,4511Z,ETI,78873562900073,O,2025-12-06T05:25:22,Nimes
5569,804803682,S.G.C. ENERGIES,5710,7112B,PME,80480368200017,O,2025-12-06T06:07:18,Nimes
5570,797530334,ELLA,5710,4771Z,PME,79753033400045,O,2025-12-06T06:30:51,Nimes
5571,808775613,MAYANE RESILIENCE CENTER,5710,7219Z,PME,80877561300041,O,2025-12-06T05:59:36,Nimes
5572,799165089,VAL VAP,5710,4778C,PME,79916508900050,O,2026-06-22T12:06:52,Nimes
5573,949948715,AUTO-ECOLE MONTLHERY,5499,8553Z,PME,94994871500030,O,2025-12-06T07:51:10,Clermont-Ferrand
5574,977453158,LISAIA JEWELS II,5710,4751Z,PME,97745315800015,O,2025-12-06T06:18:18,Clermont-Ferrand
5575,807502638,KDL,5499,8553Z,PME,80750263800016,O,2025-12-06T06:04:45,Clermont-Ferrand
5576,500061411,LAUBA 2007 SARL,5499,6820A,PME,50006141100053,O,2025-12-06T05:35:03,Clermont-Ferrand
5577,381745991,LABORATOIRE LESCUYER,5710,4791B,ETI,38174599100053,O,2026-01-22T19:01:23,Clermont-Ferrand
5578,382946879,DOMES PHARMA,5699,7010Z,ETI,38294687900055,O,2025-12-06T06:55:36,Clermont-Ferrand
5579,392600458,JARDIVERT,5499,4776Z,PME,39260045800021,O,2025-12-06T11:11:42,Clermont-Ferrand
5580,329404149,EATON SAS,5710,2812Z,ETI,32940414900208,O,2025-12-06T05:16:28,Tours
5581,329980387,SOCIETE COOPERATIVE DES ARTISANS PROFESSIONNELS DE L'AUTOMOBILE D'INDRE ET LOIRE,5553,4531Z,PME,32998038700024,O,2026-06-15T13:10:31,Tours
5582,339255267,AMBULANCES BARTHES,5710,8690A,PME,33925526700173,O,2026-01-06T15:31:40,Tours
5583,380276204,LLH ET ASSOCIES,5710,7320Z,PME,38027620400050,O,2025-12-06T05:39:47,Tours
5584,775716053,BIJOUTERIE LANDREAU SA,5710,4777Z,PME,77571605300019,O,2025-12-06T08:17:23,Tours
5585,379538622,RESQUASER,5499,5629B,PME,37953862200034,O,2025-12-06T06:02:45,Tours
5586,384626578,EKSAE,5710,5829A,ETI,38462657800262,O,2026-01-06T14:33:28,Tours
5587,392081535,EUROBOUCHERIE,5202,4722Z,PME,39208153500222,O,2026-03-03T12:01:02,Metz
5588,393363189,HYDRO ELECTRIQUE DE MOSELLE,5710,3511Z,PME,39336318900076,O,2025-12-06T10:51:58,Metz
5589,381429018,SARL TRADIVIANDE,5499,4722Z,ETI,38142901800132,O,2026-06-09T16:31:32,Metz
5590,381716620,POMPES FUNEBRES L.H.R.,5499,9603Z,PME,38171662000046,O,2025-12-06T07:38:36,Metz
5591,385360821,C.G. MULLER,5499,9602B,PME,38536082100016,O,2025-12-06T05:20:27,Metz
5592,529478943,AS ADVENTURE FRANCE,5710,4764Z,PME,52947894300044,O,2025-12-06T06:40:31,Metz
5593,521181644,WIN VOICE,5499,4778C,PME,52118164400027,O,2025-12-06T11:06:12,Metz
5594,530781053,EPICAP,5710,4669C,PME,53078105300026,O,2025-12-06T10:04:10,Metz
5595,531704807,ART COLOR,5710,4673A,PME,53170480700019,O,2026-07-07T08:00:34,Metz
5596,801870957,SGP SUPPORTS,5710,7010Z,ETI,80187095700017,O,2025-12-06T05:43:38,Metz
5597,539221929,SOCIETE D'EXPLOITATION EOLIENNE MOMERSTROFF II,5710,3511Z,PME,53922192900091,O,2025-12-06T08:26:48,Metz
5598,790150213,MT-DEVELOPPEMENT,5710,4511Z,PME,79015021300052,O,2025-12-06T11:06:12,Metz
5599,800157091,TECHNI CONSEIL HABITAT,5499,7112B,PME,80015709100011,O,2025-12-06T08:00:39,Metz
5600,844257618,NOUVEAU SAS,5710,4391B,PME,84425761800018,O,2026-07-27T10:46:52,Besancon
5601,834296105,PREDIMED,5710,6201Z,PME,83429610500010,O,2025-12-06T05:39:19,Besancon
5602,833193295,PHILIPPE FERMETURES,5710,4332A,PME,83319329500015,O,2025-12-06T11:22:28,Besancon
5603,833702582,PASSION AUTOMOBILES KODO,5710,4511Z,ETI,83370258200010,O,2025-12-06T05:13:29,Besancon
5604,837710466,BOIS DES SAULX ENR,5710,3511Z,PME,83771046600017,O,2025-12-06T06:18:49,Besancon
5605,879483600,YSB,5499,1083Z,PME,87948360000026,O,2026-01-19T13:09:15,Besancon
5606,875650533,SAS COEURDOR,5710,2561Z,ETI,87565053300016,O,2025-12-06T07:07:25,Besancon
5607,847604642,BAPLA,5499,3299Z,PME,84760464200011,O,2025-12-06T06:16:28,Besancon
5608,946850906,ORGANISATION TRAVAUX INDUSTRIE PETROLE,5599,6820B,PME,94685090600250,O,2025-12-06T08:02:37,Besancon
5609,948313705,MOLOSA,5499,5610A,PME,94831370500014,O,2026-02-17T19:01:02,Besancon
5610,702003898,LES APPLICATIONS INDUSTRIELLES ET NAUTIQUES - AIN,5710,2920Z,PME,70200389800062,O,2026-08-24T09:00:34.475,Besancon
5611,672014099,TREFIMETAUX SAS,5710,2444Z,ETI,67201409900507,O,2026-08-11T15:31:30.639,Besancon
5612,423242361,LVB,5710,4778A,PME,42324236100032,O,2025-12-06T05:52:07,Orleans
5613,452780711,SULLY FUNERAIRE PEZIN SARL,5710,9603Z,PME,45278071100019,O,2025-12-06T05:41:09,Orleans
5614,483911897,DEEVEA CONSEILS,5710,6622Z,PME,48391189700104,O,2025-12-06T05:37:48,Orleans
5615,478342579,BEG INGENIERIE,5710,7112B,ETI,47834257900032,O,2025-12-06T09:56:50,Orleans
5616,481910495,C.T.A. FLEURY SARL,5499,7120A,PME,48191049500011,O,2026-02-23T18:31:29,Orleans
5617,482183035,ASSADIA IDF 2,5710,8810A,ETI,48218303500120,O,2026-03-02T10:36:38,Orleans
5618,811102714,LES COCCINELLES DE SOLOGNE,5499,8891A,PME,81110271400011,O,2025-12-06T11:10:44,Orleans
5619,502406432,CENTRE VAL SERVICE,5710,8121Z,ETI,50240643200109,O,2025-12-06T05:26:29,Orleans
5620,510609191,ASF CONSULTING,5710,7112B,PME,51060919100091,O,2026-03-02T13:00:53,Orleans
5621,499693174,SARL AJPC,5499,4730Z,PME,49969317400033,O,2025-12-06T07:12:07,Orleans
5622,491698288,ADEKA,5499,9609Z,PME,49169828800017,O,2026-02-19T10:00:35,Orleans
5623,493216451,WISSEN,5710,8559A,PME,49321645100119,O,2025-12-06T06:06:41,Orleans
5624,753226430,ACENSI SANA,5710,6202A,ETI,75322643000100,O,2026-02-26T11:31:48,Orleans
5625,749927109,NATURE BOIS CONCEPT,5710,4791A,PME,74992710900050,O,2025-12-06T05:27:03,Orleans
5626,422986976,SELARL GRADIENT CABINET DE RADIOLOGIE,5485,8621Z,PME,42298697600013,O,2025-12-06T10:08:48,Mulhouse
5627,414913848,FSB INVEST,5499,6420Z,PME,41491384800035,O,2026-07-08T16:00:30,Mulhouse
5628,414962399,MARKEN,5710,5229B,ETI,41496239900062,O,2025-12-06T06:18:16,Mulhouse
5629,419315221,ATELIERS VILLES ET PAYSAGES,5710,7112B,PME,41931522100145,O,2025-12-06T07:45:33,Mulhouse
5630,419687231,SYSTANCIA,5710,5829C,PME,41968723100052,O,2025-12-06T05:47:42,Mulhouse
5631,419896790,REMI OSTERMANN GEOMETRE EXPERT ASSOCIE,6577,7112A,PME,41989679000013,O,2025-12-06T07:22:33,Mulhouse
5632,424751733,AXIOME MANUFACTURE,5499,3212Z,PME,42475173300041,O,2025-12-06T05:15:34,Mulhouse
5633,404768913,C.F.R. CONSULTANTS,5499,8559A,PME,40476891300059,O,2025-12-06T05:39:25,Mulhouse
5634,390655504,ESPADON,5499,6820B,PME,39065550400046,O,2025-12-06T08:11:28,Mulhouse
5635,484182308,PREFERENCE,5499,5610A,PME,48418230800011,O,2025-12-06T05:37:40,Mulhouse
5636,484249552,PTM SECURITE,5710,9529Z,PME,48424955200023,O,2025-12-06T06:24:41,Mulhouse
5637,453132748,DIAGONALE CONSEIL,5499,8559A,PME,45313274800089,O,2025-12-06T11:32:08,Mulhouse
5638,453726317,DEPANNAGES PRIMUS,5710,5221Z,PME,45372631700036,O,2025-12-06T05:25:30,Mulhouse
5639,489334516,RENOVATION MACHINES INDUSTRIELLES,5710,3312Z,PME,48933451600064,O,2025-12-06T11:11:20,Mulhouse
5640,313140642,TRANSPORTS JMS,5710,4941A,PME,31314064200072,O,2025-12-06T06:01:54,Caen
5641,338642820,TAUPIN SAS,5710,4671Z,ETI,33864282000025,O,2026-05-27T15:00:30,Caen
5642,539876086,DOUCALINOU,5499,8891A,PME,53987608600015,O,2025-12-06T05:12:47,Caen
5643,542109301,GAN SA,5699,6622Z,PME,54210930101456,O,2025-12-06T08:19:58,Caen
5644,555950070,BARIAU LECLERC SAS,5710,4941A,ETI,55595007000105,O,2025-12-06T05:15:22,Caen
5645,349186791,ROSAY TECHNIQUES COUVERTURES,5710,4391B,ETI,34918679100035,O,2025-12-06T07:32:04,Caen
5646,350062436,PHL SA,5710,4519Z,PME,35006243600018,O,2025-12-06T06:08:09,Caen
5647,335338893,MANUCO SERVICES,5710,4669B,PME,33533889300043,O,2025-12-06T08:52:06,Caen
5648,335620241,CANSON,5710,1712Z,ETI,33562024100133,O,2025-12-06T05:25:04,Caen
5649,338081102,ONTEX FRANCE SAS,5710,4645Z,ETI,33808110200083,O,2026-05-12T14:11:59,Caen
5650,352870372,JCL,5499,4520A,PME,35287037200096,O,2025-12-06T06:24:24,Caen
5651,353238728,COMPTOIR DES ECONOMIES D'ENERGIES,5499,4322A,PME,35323872800052,O,2025-12-06T05:19:20,Caen
5652,449825587,RKP OPTIC,5710,4778A,PME,44982558700032,O,2025-12-06T06:28:08,Caen
5653,444613772,BARIAU LECLERC LOCATIONS,5710,7711A,ETI,44461377200029,O,2025-12-06T05:39:40,Caen
5654,431810860,REPSCO PROMOTION,5710,7311Z,ETI,43181086000095,O,2026-07-30T19:51:51,Caen
5655,652044991,VALLOUREC TUBES FRANCE,5710,2420Z,ETI,65204499100345,O,2026-04-30T13:31:36,Nancy
5656,918842956,SPECIALIZED FRANCE S.A.S.,5710,4649Z,PME,91884295600016,O,2025-12-06T05:42:16,Nancy
5657,384355285,SOGELINK ENGINEERING,5710,6201Z,ETI,38435528500113,O,2026-08-24T15:32:06.641,Nancy
5658,892130808,LOR-RACHIS,5785,8621Z,PME,89213080800017,O,2025-12-06T11:15:46,Nancy
5659,316854363,DELTA POMPAGE,5710,4399C,ETI,31685436300017,O,2025-12-09T08:25:08,Nancy
5660,320736291,DISTRI-BOISSONS MANGENOT,5499,4799B,PME,32073629100016,O,2026-06-10T17:46:38,Nancy
5661,492438155,CABINET GORRY ET ASSOCIES AUDIT ET CONSEIL,5499,6920Z,PME,49243815500037,O,2025-12-06T05:37:48,Poitiers
5662,508302213,SECURITE PREMIUM FORMATION,5499,8559B,PME,50830221300055,O,2025-12-06T06:13:49,Poitiers
5663,452023856,M.G.M,5499,5610C,PME,45202385600027,O,2025-12-06T06:32:28,Poitiers
5664,480897081,SINENSIS MEDICALES ABREV SINEM,5785,8621Z,PME,48089708100026,O,2025-12-06T07:23:26,Poitiers
5665,420758609,DAOUT-PERRIN SARL,5499,8690A,PME,42075860900044,O,2025-12-06T08:12:25,Poitiers
5666,434627766,CIGEC,5710,4322B,PME,43462776600026,O,2025-12-06T05:17:13,Poitiers
5667,428950513,CBS,5710,6201Z,ETI,42895051300138,O,2026-03-13T11:34:14,Poitiers
5668,333857506,COQUEMAS,5499,1071C,PME,33385750600054,O,2025-12-06T11:32:16,Poitiers
5669,334042991,A.I. GROUP,5710,4675Z,PME,33404299100052,O,2025-12-06T07:38:43,Poitiers
5670,334119203,SSV ENVIRONNEMENT,5710,7739Z,ETI,33411920300183,O,2025-12-06T06:18:23,Poitiers
5671,351909213,LOIRE ATLANTIQUE BOWLING,5710,9329Z,PME,35190921300057,O,2025-12-06T10:43:54,Poitiers
5672,412548943,ROMEVA,5710,4778C,PME,41254894300056,O,2026-03-10T13:31:29,Poitiers
5673,398493346,EXTERNALISE EXTERNALISATION ADM & COMPTA,5499,7022Z,PME,39849334600066,O,2025-12-06T11:32:16,Poitiers
5674,398728063,ARCO MARKETING,5710,4649Z,ETI,39872806300056,O,2026-03-18T13:15:11,Poitiers
5675,820750040,VALUE IT,5710,6202A,PME,82075004000033,O,2025-12-06T05:37:41,Annecy
5676,831058722,GROUPE ALLO COPY,5710,8219Z,PME,83105872200016,O,2025-12-06T06:26:46,Annecy
5677,839756657,ACHILLE DEPANNAGE SERRURERIE,5710,4332B,PME,83975665700020,O,2026-01-09T09:47:52,Annecy
5678,843384249,PIECES AUTOS RUMILLY,5710,4532Z,PME,84338424900010,O,2026-01-09T13:14:39,Annecy
5679,834125965,SYAN'ENR,5515,7112B,PME,83412596500022,O,2025-12-06T05:19:42,Annecy
5680,880169560,PACCALY LOCATION,5499,5510Z,PME,88016956000039,O,2026-07-07T17:37:31,Annecy
5681,848933024,AUBERT SERVICES,5499,4322A,PME,84893302400012,O,2025-12-06T05:39:19,Annecy
5682,792636755,LES PTITS CAILL'OUX,5499,8891A,PME,79263675500011,O,2025-12-06T05:12:32,Annecy
5683,801250697,ROSA,5710,9601B,PME,80125069700068,O,2025-12-06T06:40:31,Annecy
5684,907840607,NCYC,5710,9319Z,PME,90784060700036,O,2025-12-06T06:23:31,Annecy
5685,325520955,YNDA ALPES,5710,4634Z,ETI,32552095500064,O,2026-08-11T12:00:36.230,Annecy
5686,302458344,STYL'MONDE,5699,2229A,PME,30245834400033,O,2026-08-06T09:09:24.535,Annecy
5687,978800142,CIFEA LAB,5710,6311Z,PME,97880014200017,O,2026-08-05T21:31:12.807,Annecy
5688,305375289,PPP MONOD,5710,4673B,PME,30537528900033,O,2026-03-11T09:00:50,Annecy
5689,307420893,SAVOIE VOLAILLES PERNOUD,5710,4722Z,PME,30742089300058,O,2025-12-06T05:13:55,Annecy
5690,445103658,SODEREV TOUR,5710,5520Z,ETI,44510365800362,O,2025-12-06T05:20:09,Paris
5691,334765062,LORFLEX,5710,4674B,ETI,33476506200131,O,2025-12-06T10:53:34,Paris
5692,523822112,DG HOLIDAYS,5499,5510Z,ETI,52382211200018,O,2025-12-06T06:50:20,Paris
5693,532516424,CLOP & CO,5710,4649Z,PME,53251642400746,O,2026-06-08T13:31:09,Paris
5694,790659098,YZICO,5710,6920Z,ETI,79065909800293,O,2026-04-17T14:00:32,Paris
5695,582064663,BERLITZ FRANCE,5710,8559A,PME,58206466300575,O,2025-12-06T05:22:23,Paris
5696,493390991,BARTHELEMY AVOCATS,5385,6910Z,PME,49339099100013,O,2026-04-14T19:01:00,Paris
5697,837651033,LES EXPERIENCES DE TAILLEVENT,5710,5621Z,PME,83765103300016,O,2026-08-13T13:11:13.655,Paris
5698,480731769,M ENERGIES SERVICE,5710,4322B,ETI,48073176900083,O,2026-08-05T11:30:27.801,Paris
5699,310967146,BLD,5710,4777Z,ETI,31096714600633,O,2026-03-03T17:31:40,Paris
5700,440235273,FED,5710,7820Z,ETI,44023527300131,O,2026-07-01T17:31:15,Paris
5701,950009373,L'EAU VIVE,5202,4729Z,ETI,95000937300156,O,2025-12-06T05:12:46,Lyon
5702,902661107,MERCURE,5710,3511Z,PME,90266110700091,O,2025-12-06T05:21:37,Lyon
5703,813023215,ALLIANCE CONSEIL,5499,9609Z,PME,81302321500029,O,2026-01-23T17:17:01,Lyon
5704,908422793,AJ INITIATIVE,5710,8121Z,PME,90842279300020,O,2026-07-27T13:20:32,Lyon
5705,891806044,SOLPROJET1,5710,7112B,ETI,89180604400014,O,2026-08-17T12:00:44.652,Lyon
5706,393112131,LAUCRIS,5499,6820B,PME,39311213100049,O,2025-12-06T05:41:16,Marseille
5707,696921345,ETABLISSEMENTS PASTOR,5710,4674B,PME,69692134500018,O,2025-12-06T10:08:18,Marseille
5708,393602685,TOD'S FRANCE,5710,4772A,ETI,39360268500223,O,2025-12-06T08:16:33,Marseille
5709,572061885,FRISQUET SA,5599,2521Z,ETI,57206188500065,O,2025-12-06T05:43:37,Marseille
5710,493473003,RIA FRANCE,5710,6619B,ETI,49347300300280,O,2026-07-27T13:23:49,Marseille
5711,622720878,E.T.P.M. DE TRAVAUX PUBLICS MULTIPLES,5710,4222Z,ETI,62272087800033,O,2025-12-06T05:20:10,Toulouse
5712,823676788,MJB,5499,9602B,PME,82367678800016,O,2025-12-06T05:39:56,Toulouse
5713,808317366,GLOBAL HABITAT,5499,4332A,PME,80831736600173,O,2026-03-27T13:17:23,Toulouse
5714,844327973,COTE BASQUE CARDIOLOGIE,5785,8622C,PME,84432797300013,O,2026-03-27T13:22:00,Toulouse
5715,696780428,BODYCOTE,5710,2561Z,ETI,69678042800426,O,2026-07-15T10:31:52,Lille
5716,404360505,TRANSCAT FRANCE,5710,4941A,ETI,40436050500063,O,2025-12-06T05:43:44,Lille
5717,823629902,ABRAHAM PERE ET FILS,5499,4334Z,PME,82362990200011,O,2025-12-06T10:56:42,Lille
5718,819466756,TSE,5710,7112B,PME,81946675600023,O,2026-01-06T10:00:34,Lille
5719,807489745,ARTES TOURISME,5710,5510Z,PME,80748974500164,O,2025-12-06T05:41:17,Lille
5720,919005439,POP MART FRANCE,5710,4765Z,PME,91900543900014,O,2026-07-20T13:14:14,Lille
5721,527898498,FRANCE PIECE MENAGER,5710,4754Z,PME,52789849800011,O,2025-12-06T08:34:37,Bordeaux
5722,799457296,AUTO VITRAGE NOUVELLE AQUITAINE,5710,4520A,PME,79945729600025,O,2026-02-26T14:01:24,Bordeaux
5723,889687935,TECHNIQUE SOLAIRE INVEST 58,5710,3511Z,ETI,88968793500011,O,2026-01-06T12:31:39,Nantes
5724,824560544,AJP IMMOBILIER 33,5499,6831Z,PME,82456054400010,O,2025-12-06T05:25:31,Nantes
5725,953401346,ESS INVEST 1,5710,3511Z,ETI,95340134600010,O,2025-10-31T15:33:59,Nantes
5726,478390149,GM CONSULTANT CONSEIL,5710,6621Z,ETI,47839014900027,O,2026-03-04T15:02:13,Nantes
5727,334413804,SINARI TMS ENTREPRISE,5710,5829C,ETI,33441380400025,O,2025-12-06T05:14:45,Strasbourg
5728,329402507,NOVAGRAAF TECHNOLOGIES,5599,6910Z,PME,32940250700167,O,2025-12-06T05:40:40,Strasbourg
5729,414324251,EDUCATIONAL PROGRAMS MASTER FRANCE,5710,8559A,ETI,41432425100068,O,2025-12-06T05:40:40,Strasbourg
5730,392244935,ENVIRO-CONSEIL ET TRAVAUX,5710,3821Z,ETI,39224493500020,O,2025-12-06T05:16:29,Strasbourg
5731,500710702,FOSSIL STORES FRANCE,5710,4777Z,PME,50071070200282,O,2026-03-05T11:01:12,Strasbourg
5732,921589156,TEAM COMPETENCES,5710,7820Z,PME,92158915600030,O,2025-12-06T05:22:44,Strasbourg
5733,979451150,ETCETERRA,5710,9522Z,PME,97945115000010,O,2026-03-27T13:39:20,Strasbourg
5734,951457589,DOCTEUR FATINE MANIANI,5485,8621Z,PME,95145758900020,O,2025-12-06T06:13:04,Strasbourg
5735,340273911,NEWLOC,5710,9002Z,PME,34027391100172,O,2026-06-04T13:13:02,Strasbourg
5736,378774350,TRANSPORT MARITIME ET TRANSIT,5710,5020Z,PME,37877435000011,O,2026-03-18T13:00:47,Strasbourg
5737,793441114,VOL-V FONCIERE 2,5710,6420Z,PME,79344111400113,O,2025-12-06T11:08:41,Montpellier
5738,722034592,VERALLIA FRANCE,5710,2313Z,ETI,72203459200278,O,2025-12-06T05:26:28,Montpellier
5739,821884806,BENEZET LOCATION,5499,7711A,ETI,82188480600018,O,2025-12-06T05:38:57,Montpellier
5740,755500121,CHAMPEAU,5710,1623Z,PME,75550012100156,O,2025-12-06T05:51:44,Montpellier
5741,775604655,COOP APPROVISIONNEMENT MARAICHER NANTAIS,6317,4675Z,PME,77560465500065,O,2025-12-06T10:38:56,Rennes
5742,500144761,ST MICHEL MAGASINS,5710,4724Z,ETI,50014476100011,O,2025-12-06T05:32:24,Rennes
5743,392780763,ALTA CONSTRUCTIONS,5710,2361Z,PME,39278076300018,O,2025-12-06T05:14:08,Rennes
5744,384675559,RANCIERE MODE,5710,4772A,PME,38467555900213,O,2025-12-06T11:07:39,Rennes
5745,399970615,MIIP - MADE IN IP,5710,6910Z,PME,39997061500254,O,2025-12-06T06:34:47,Rennes
5746,412245292,TELETECH INTERNATIONAL,5710,8220Z,ETI,41224529200054,O,2025-12-06T06:12:00,Rennes
5747,515331346,ETEX FRANCE EXTERIORS,5710,2365Z,ETI,51533134600087,O,2025-12-06T05:38:43,Rennes
5748,432764124,ATLANTIC BATTERIES,5710,4531Z,PME,43276412400074,O,2026-05-01T13:11:01,Rennes
5749,058500547,GANDY,5710,4772B,PME,05850054700011,O,2025-12-06T06:27:31,Grenoble
5750,070501275,TORNIER,5710,3250A,ETI,07050127500021,O,2025-12-06T05:16:39,Grenoble
5751,499103596,HRP - HOLDING RHODANIENNE DU PNEUMATIQUE,5710,4531Z,ETI,49910359600221,O,2026-06-15T17:26:42,Grenoble
5752,489979609,SELURL DOCTEUR MARC MICHEL BRU,5485,8621Z,PME,48997960900026,O,2025-12-06T07:18:02,Grenoble
5753,503265803,QUARK INGENIERIE,5710,7112B,PME,50326580300117,O,2025-12-06T05:39:41,Grenoble
5754,479140220,AUXO ACTION & DEVELOPPEMENT,5710,7022Z,PME,47914022000043,O,2025-12-06T05:51:36,Grenoble
5755,500736376,HOUILLE BLANCHE DE BELLEDONNE,5710,3511Z,PME,50073637600079,O,2025-12-06T05:56:04,Grenoble
5756,409101706,UPERGY,5599,4669A,PME,40910170600375,O,2026-03-06T17:47:06,Grenoble
5757,339383465,GIMBERT SURGELES,5710,4639A,PME,33938346500103,O,2026-04-03T11:01:18,Grenoble
5758,518997929,DEVELOPPEMENT RH FB,5499,7820Z,PME,51899792900121,O,2026-04-27T21:00:23,Rouen
5759,493416952,RENT'SERVICES,5499,8553Z,PME,49341695200015,O,2025-12-06T05:37:48,Rouen
5760,451385926,LEFRANC SAS,5710,4669B,PME,45138592600014,O,2025-12-06T06:11:44,Rouen
5761,848093514,FRANCE CODE,5710,8553Z,PME,84809351400026,O,2025-12-06T05:37:49,Rouen
5762,833540115,YSEO SAS,5710,4621Z,ETI,83354011500015,O,2025-12-06T05:25:31,Rouen
5763,879798411,FASTROAD TT,5710,7820Z,PME,87979841100010,O,2025-12-06T05:43:30,Rouen
5764,819036948,PARAPHARMACIE PAS CHERE,5499,4645Z,PME,81903694800019,O,2025-12-06T05:40:34,Rouen
5765,821407277,LYSALTO,5710,7830Z,ETI,82140727700192,O,2026-01-28T11:36:47,Rouen
5766,821589793,SEPTENTRI LOC,5499,7711A,PME,82158979300016,O,2025-12-06T11:32:09,Rouen
5767,825322019,EPICERIE MADAME,5710,4711B,PME,82532201900076,O,2026-01-27T11:01:36,Rouen
5768,819596040,ECO WORLDWIDE SOLUTIONS,5710,8122Z,PME,81959604000017,O,2026-04-02T13:09:03,Rouen
5769,906580105,GROUPE LB,5710,4120B,ETI,90658010500052,O,2025-12-06T10:38:26,Rouen
5770,402267322,IMAGINE EDITIONS,5710,5829C,ETI,40226732200038,O,2026-08-06T18:30:48.514,Dijon
5771,413350240,PRALUS BEAUJOLAIS BOURGOGNE,5499,1071D,PME,41335024000011,O,2026-08-03T13:07:49.697,Dijon
5772,015851363,ENTREPRISE DIJONNAISE SOC,5599,6420Z,PME,01585136300059,O,2025-12-06T08:08:45,Dijon
5773,036380046,BICHOT SA,5699,1102B,ETI,03638004600023,O,2025-12-06T11:09:25,Dijon
5774,305081796,ORCOM DIJON,5499,6920Z,ETI,30508179600057,O,2026-07-07T09:00:43,Dijon
5775,331533182,VEGA INFORMATIQUE,5710,5829C,PME,33153318200084,O,2025-12-06T05:20:55,Dijon
5776,333583755,FIMUREX CENTRE EST,5710,2593Z,ETI,33358375500033,O,2025-12-06T05:15:33,Dijon
5777,333583953,BOURGOGNE VITI SERVICE,5710,4618Z,PME,33358395300075,O,2025-12-06T05:26:19,Dijon
5778,347684102,NEOFORM INDUSTRIES,5710,3102Z,ETI,34768410200051,O,2025-12-06T05:25:21,Angers
5779,348390626,AMCOR FLEXIBLE CAPSULES FRANCE,5710,2592Z,ETI,34839062600292,O,2025-12-06T05:43:28,Angers
5780,330232935,VAL DE LOIRE AUTOMOBILE,5710,4511Z,ETI,33023293500107,O,2025-12-06T06:41:58,Angers
5781,449077403,PLANETT LOGISTIQUE ORLEANS,5710,7820Z,ETI,44907740300151,O,2025-12-06T05:25:21,Angers
5782,442803532,SARL ABELARD DECORATION,5499,4399D,PME,44280353200021,O,2025-12-06T05:41:24,Angers
5783,391562915,CILEA,5710,6202B,PME,39156291500077,O,2025-12-06T05:39:54,Angers
5784,384092250,CABINET D'INVESTIGATION DE RECHERCHES ET DE RENSEIGNEMENTS,5499,8010Z,PME,38409225000099,O,2026-05-07T13:06:56,Angers
5785,380118422,CONCEPT ALU,5710,4332B,PME,38011842200035,O,2025-12-06T06:39:27,Angers
5786,388656761,O2P,5710,7112B,PME,38865676100052,O,2025-12-06T05:40:32,Angers
5787,388833105,BUREAU FISCAL ET JURIDIQUE DES PAYS DE L,6599,6910Z,PME,38883310500017,O,2025-12-06T06:29:45,Angers
5788,389813148,LES MAISONS RENNAISES,5710,4120A,PME,38981314800233,O,2025-12-06T06:29:01,Angers
5789,720801349,CAMPUS ILE DE FRANCE,5710,4671Z,ETI,72080134900468,O,2025-12-06T06:34:15,Nimes
5790,640200655,ETABLISSEMENTS MAURICE THEROND,5710,4673B,PME,64020065500036,O,2025-12-06T07:26:36,Nimes
5791,664500477,ENTREPRISE CHAZELLE,5710,4399C,PME,66450047700040,O,2025-12-06T08:19:58,Nimes
5792,529023954,JEAN NICOT TML,5499,4762Z,PME,52902395400058,O,2025-12-06T06:23:30,Nimes
5793,530380765,VALREA,5710,4120A,PME,53038076500079,O,2025-12-06T06:29:54,Nimes
5794,539293159,AUTO ASSISTANCE GARDOISE,5499,4520B,PME,53929315900023,O,2025-12-06T09:29:17,Nimes
5795,482751575,BLEU OCCITANIE,5499,4778C,PME,48275157500010,O,2025-12-06T07:54:13,Nimes
5796,505081356,SPECIAL HABITAT,5499,4673A,PME,50508135600089,O,2025-12-06T05:22:24,Nimes
5797,495363715,SWM WIND ONSHORE FRANKREICH,5710,3511Z,PME,49536371500063,O,2025-12-06T06:22:25,Nimes
5798,493452858,EAOS SERVICES,5499,8130Z,PME,49345285800035,O,2026-06-09T12:06:58,Nimes
5799,493511737,ASSURALLIANCE,5499,6622Z,PME,49351173700121,O,2025-12-06T05:20:19,Nimes
5800,921695490,FG MEDICAL,5485,8621Z,PME,92169549000018,O,2026-02-03T09:01:04,Nimes
5801,901817791,UNIQUE HOLIDAYS FRANCE,5710,6820B,PME,90181779100022,O,2026-06-02T20:00:26,Nimes
5802,900844812,AZURS ET CENTENAIRES,5710,4634Z,PME,90084481200017,O,2025-12-06T05:21:28,Nimes
5803,829642370,DIMO DIAGNOSTIC,5499,7120B,PME,82964237000136,O,2026-03-17T18:34:09,Nimes
5804,341595064,H8,6564,6910Z,PME,34159506400021,O,2025-12-06T05:38:56,Clermont-Ferrand
5805,384798187,EXPERT CONTROLE AUTOMOBILE,5710,7120A,PME,38479818700017,O,2025-12-06T05:56:26,Clermont-Ferrand
5806,399708643,ING GENERALE DES TECHNIQUES CONSTRUCTION,5710,7112B,PME,39970864300115,O,2025-12-06T05:41:02,Clermont-Ferrand
5807,399928084,FINVENS,5710,6619B,PME,39992808400272,O,2025-12-06T06:27:53,Clermont-Ferrand
5808,410383533,DIEBOLD NIXDORF,5710,9511Z,ETI,41038353300164,O,2025-12-06T05:25:38,Clermont-Ferrand
5809,412119208,PGDIS.PAPETIQUE,5499,4649Z,PME,41211920800046,O,2025-12-06T05:39:11,Clermont-Ferrand
5810,389211319,SA MANLIM,5710,4771Z,PME,38921131900071,O,2025-12-06T08:00:52,Clermont-Ferrand
5811,389571647,ARVERNE AUTOMOBILES,5710,4511Z,ETI,38957164700020,O,2025-12-06T06:17:59,Clermont-Ferrand
5812,402640270,A.C.C.F.,5710,4652Z,PME,40264027000052,O,2025-12-06T06:41:41,Clermont-Ferrand
5813,385304431,AUTO BILAN COURNON,5499,7120A,PME,38530443100013,O,2025-12-06T05:15:33,Clermont-Ferrand
5814,345292239,STATION PL CONTROLE,5710,7120A,PME,34529223900018,O,2025-12-06T10:57:46,Clermont-Ferrand
5815,322968496,SOCIETE D'EXPERTISE COMPTABLE ET D'AUDIT DU CENTRE,5710,6920Z,PME,32296849600057,O,2025-12-06T07:19:18,Clermont-Ferrand
5816,449174994,CIME DENTAIRE,5710,7112B,PME,44917499400029,O,2025-12-06T06:00:34,Clermont-Ferrand
5817,423659176,CHAPUIS CHARLES,5710,4661Z,PME,42365917600014,O,2025-12-06T05:39:55,Clermont-Ferrand
5818,423806355,MAESTRIS,5710,8559B,ETI,42380635500263,O,2025-12-06T07:36:38,Clermont-Ferrand
5819,412606378,LES CREATEURS DE CONFORT VISUEL,5710,4778A,PME,41260637800187,O,2026-03-09T19:00:48,Tours
5820,389715384,SOMARTEX,5499,4771Z,PME,38971538400019,O,2025-12-06T07:22:33,Tours
5821,350458428,PRESSE PORTAGE,5499,8219Z,ETI,35045842800017,O,2025-12-06T05:19:59,Tours
5822,348818121,CACI 36,5710,4779Z,PME,34881812100017,O,2025-12-06T05:23:45,Tours
5823,352836357,TRADICION CALZADOS FRANCE,5599,4772A,PME,35283635700066,O,2025-12-06T08:29:15,Tours
5824,441826781,PATRIMOINE ET IMMOBILIER,5499,6831Z,PME,44182678100086,O,2025-12-06T07:14:30,Tours
5825,443531496,IMMO BOIS FINANCES,5710,6630Z,PME,44353149600067,O,2025-12-06T05:38:35,Tours
5826,414045948,CARRIERES MORIN,5710,0812Z,ETI,41404594800075,O,2025-12-06T09:58:05,Tours
5827,422996470,PATISSERIE FRANCOIS,5710,1071D,ETI,42299647000072,O,2026-03-19T08:36:37,Tours
5828,390611374,ACTHUIS,5485,6910Z,PME,39061137400104,O,2025-12-06T11:22:19,Tours
5829,404151227,RELAVE ET FANNIERE,5499,6202A,PME,40415122700026,O,2025-12-06T05:41:23,Metz
5830,580501310,LINCOLN ELECTRIC FRANCE,5710,2059Z,ETI,58050131000107,O,2026-07-01T13:46:47,Metz
5831,901471094,FORMA EST,5710,8559A,PME,90147109400010,O,2025-12-06T05:19:32,Metz
5832,775670433,CONS GESTION MANAGEMENT TRANSP ROUTIER,5560,7022Z,PME,77567043300165,O,2026-03-27T10:29:10,Metz
5833,814707709,LAV'ELISE,5499,4520B,PME,81470770900030,O,2025-12-06T05:44:44,Metz
5834,820410520,LUNIV,5499,4771Z,PME,82041052000010,O,2026-07-01T13:47:21,Metz
5835,808069496,LILA,5710,7711A,ETI,80806949600012,O,2025-12-06T08:03:27,Metz
5836,834552663,LOCAKASE GRAND EST,5710,5210B,PME,83455266300058,O,2025-12-06T05:12:33,Metz
5837,852008556,DES TROIS CROIX,5499,3511Z,PME,85200855600015,O,2025-12-06T07:57:53,Metz
5838,908279912,LUTIN BOTTE,5710,4772A,PME,90827991200012,O,2025-12-06T06:23:22,Metz
5839,329979538,CAPEXPERTIS,5710,6622Z,PME,32997953800041,O,2026-08-06T19:00:50.484,Besancon
5840,306290073,PRET A PARTIR,5710,7912Z,ETI,30629007300270,O,2025-12-06T05:31:50,Besancon
5841,306979584,SOPHYSA,5599,3250A,PME,30697958400092,O,2025-12-06T05:14:45,Besancon
5842,313537896,JACOULOT PRIMEURS,5499,4721Z,PME,31353789600059,O,2025-12-06T06:19:03,Besancon
5843,314308289,DJIAN BOUTIQUE,5710,4771Z,PME,31430828900078,O,2025-12-06T06:19:19,Besancon
5844,311371488,BIETRY MUSIQUE,5710,4759B,PME,31137148800025,O,2026-01-08T11:01:05,Besancon
5845,311666077,OUTILLAGE MECANIQUE DECOUPAGE,5710,2550B,ETI,31166607700038,O,2025-12-06T05:52:29,Besancon
5846,035750421,DISTIBOIS,5499,3511Z,PME,03575042100014,O,2025-12-06T05:44:20,Besancon
5847,037350014,REVISION & FINANCE-COGEFOR,5710,6920Z,ETI,03735001400025,O,2025-12-06T09:44:44,Besancon
5848,303447858,SOCIETE MODERNE DE BATIMENTS ET DE TRAVAUX PUBLICS-SMBTP-,5599,4399C,PME,30344785800034,O,2025-12-06T06:20:57,Besancon
5849,749945242,SAS LOGTRANS,5710,5229B,PME,74994524200099,O,2025-12-06T07:05:03,Orleans
5850,538897067,NTICO,5710,6203Z,PME,53889706700087,O,2026-03-10T14:32:25,Orleans
5851,533620134,SOLUTION IMMOBILIERE ORLEANAISE,5499,6831Z,PME,53362013400031,O,2025-12-06T06:21:06,Orleans
5852,450584883,PARC EOLIEN DU SAINBOIS,5710,3511Z,ETI,45058488300091,O,2025-12-06T05:18:51,Orleans
5853,847745346,LI6,5710,4764Z,PME,84774534600043,O,2025-12-06T06:15:53,Orleans
5854,847747219,ADWORK'S 12,5710,7820Z,ETI,84774721900016,O,2026-07-20T15:01:09,Orleans
5855,847750932,IRONIE,5710,6202A,PME,84775093200059,O,2025-12-06T05:59:51,Orleans
5856,847851953,ADWORK'S 11,5710,7820Z,ETI,84785195300012,O,2025-12-06T05:25:32,Orleans
5857,797516622,ASLAT TRANSPORT ET DEMENAGEMENT,5499,4941B,PME,79751662200033,O,2025-12-06T06:28:24,Orleans
5858,791932213,B2E,5499,4329B,PME,79193221300089,O,2025-12-06T06:13:25,Orleans
5859,799139134,ELDORADEAU,5710,4520A,PME,79913913400016,O,2025-12-06T06:11:45,Orleans
5860,799275441,RB DEMENAGEMENT,5710,4942Z,PME,79927544100019,O,2026-03-05T09:31:32,Orleans
5861,781620109,STATION D'EQUIPEMENTS ET DE CONTROLE,5710,4531Z,PME,78162010900012,O,2025-12-06T06:16:18,Orleans
5862,831497524,SAM PIZZAS,5499,5610C,PME,83149752400015,O,2025-12-06T06:24:26,Orleans
5863,478288624,HAVEL,5485,8621Z,PME,47828862400032,O,2025-12-06T11:22:05,Mulhouse
5864,481045649,TANK,5710,8129B,ETI,48104564900060,O,2025-12-06T05:39:40,Mulhouse
5865,804481224,WOBA,5710,4764Z,PME,80448122400041,O,2025-12-06T06:20:42,Mulhouse
5866,805376688,RAS 350,5710,7820Z,ETI,80537668800042,O,2025-12-06T05:16:41,Mulhouse
5867,810403550,BLACK & TEA,5710,4729Z,PME,81040355000033,O,2025-12-06T10:46:14,Mulhouse
5868,808167266,REST'O TRUCK,5499,5610C,PME,80816726600036,O,2025-12-11T13:13:20,Mulhouse
5869,391810918,COMPAGNIE IMMOBILIERE DE PROCIVIS ALSACE,5599,4110A,ETI,39181091800014,O,2025-12-06T05:26:19,Mulhouse
5870,510475437,PIERRES & TERRITOIRES DE FRANCE,5710,4110A,ETI,51047543700016,O,2025-12-06T05:15:11,Mulhouse
5871,495374449,SOCIETE D'EXPLOITATION DU PARC EOLIEN DU MONT D'ERGNY,5202,3511Z,PME,49537444900058,O,2025-12-06T09:41:17,Mulhouse
5872,497545764,INRESA MEDICAL,5710,4774Z,PME,49754576400019,O,2025-12-06T06:20:58,Mulhouse
5873,493676423,STEMCOR FRANCE SAS,5710,4672Z,ETI,49367642300079,O,2025-12-06T05:16:30,Mulhouse
5874,434819504,EURL NEEL J.C,5499,4520A,PME,43481950400045,O,2025-12-06T09:36:53,Caen
5875,437818131,"C.O.M. (COMMUNICATION, ORGANISATION, MANAGEMENT)",5499,7311Z,PME,43781813100090,O,2026-03-05T13:10:51,Caen
5876,531188209,SYSTEM M3,5710,2920Z,PME,53118820900021,O,2026-04-15T11:10:41,Caen
5877,513906008,VOLTAFRANCE 7,5499,3511Z,PME,51390600800414,O,2025-12-06T06:20:02,Caen
5878,562077735,COMPAGNIE HOBART SA,5710,4669C,ETI,56207773500404,O,2026-07-17T11:30:58,Caen
5879,618502405,LEUCO SARL,5499,3319Z,ETI,61850240500227,O,2025-12-06T09:14:25,Caen
5880,619802895,LES ENTREPOTS MODERNES,5499,4778B,PME,61980289500042,O,2025-12-06T06:55:22,Caen
5881,428697080,TECHNIQUES ET TRADITIONS,5710,4752A,PME,42869708000045,O,2026-03-25T19:00:50,Caen
5882,414503342,M.K.V.,5710,4759B,PME,41450334200050,O,2026-07-22T11:00:40,Caen
5883,404573305,ACTIONS ZELE SERVICES,5499,9529Z,PME,40457330500079,O,2025-12-06T06:41:24,Caen
5884,405148917,B.C.A. MATERIAUX,5710,4673A,PME,40514891700041,O,2025-12-06T05:16:40,Caen
5885,391074242,TEAM ACTIVE GRAND OUEST,5710,9329Z,ETI,39107424200176,O,2025-12-06T06:28:08,Caen
5886,483688719,AUDILAB NORMANDIE,5499,4774Z,PME,48368871900010,O,2025-12-06T06:28:46,Caen
5887,489512228,DELTA LABO,5710,4690Z,PME,48951222800060,O,2026-03-30T10:00:38,Caen
5888,488116021,AGRI PLACEMENT,5710,7820Z,PME,48811602100020,O,2025-12-06T11:15:37,Nancy
5889,489941260,EVINERUDE,5710,7112B,PME,48994126000114,O,2026-04-15T13:56:46,Nancy
5890,508623634,MAPK,5499,6820A,PME,50862363400013,O,2025-12-06T06:03:08,Nancy
5891,509649679,ENGIE PV CURBANS,5710,3511Z,PME,50964967900099,O,2026-05-20T18:36:38,Nancy
5892,482293925,DEOBAT,5710,4399C,PME,48229392500046,O,2026-05-21T13:57:20,Nancy
5893,512934548,VINCENT SOLAIRE,5499,4321A,PME,51293454800011,O,2026-03-18T13:02:11,Nancy
5894,394451223,INFOMIL,5710,5829C,ETI,39445122300041,O,2025-12-06T05:15:33,Nancy
5895,402207161,ACTIFRIP,5710,4642Z,PME,40220716100017,O,2025-12-06T06:13:02,Poitiers
5896,393829429,LUMELEC,5710,4321A,PME,39382942900033,O,2025-12-06T05:44:20,Poitiers
5897,409007655,AUTOMATISMES 86,5710,4332B,PME,40900765500049,O,2026-07-31T09:32:16,Poitiers
5898,327138145,SCI LES GRANDS RANDEAUX DE L'HERMITAGE,6540,6820B,PME,32713814500062,O,2025-12-06T05:51:50,Poitiers
5899,327380044,FROMAGET DISTRIBUTION BOISSONS,5710,4634Z,PME,32738004400054,O,2025-12-06T05:41:09,Poitiers
5900,338809213,SAEM GESTION ANIMATION PARC DE LOISIRS,5515,9321Z,PME,33880921300014,O,2025-12-06T06:10:16,Poitiers
5901,314656919,MARCIREAU,5710,4665Z,PME,31465691900094,O,2025-12-19T16:52:36,Poitiers
5902,328986203,SOCIETE DE CARROSSERIE INDUSTRIELLE,5710,2920Z,PME,32898620300011,O,2026-04-02T13:30:03,Poitiers
5903,332787233,FRIGO-TRANSPORTS 86,5710,4941B,ETI,33278723300011,O,2025-12-06T08:11:28,Poitiers
5904,382880276,JG DISTRIBUTION,5710,4759A,PME,38288027600011,O,2025-12-06T05:23:28,Poitiers
5905,302607700,PALFINGER FRANCE,5710,4669B,ETI,30260770000135,O,2025-12-06T05:16:50,Annecy
5906,302957089,COOP LAITIERE DE YENNE PORTE DE SAVOIE,6317,1051C,PME,30295708900014,O,2025-12-06T05:14:57,Annecy
5907,316853332,OMRON ELECTRONICS,5710,4669A,PME,31685333200211,O,2025-12-06T05:25:12,Annecy
5908,911452597,RACINES DEVELOPPEMENT,5710,3511Z,PME,91145259700220,O,2025-12-06T06:26:47,Paris
5909,339796617,SD SERVICES,5710,2920Z,ETI,33979661700308,O,2025-12-06T07:07:15,Paris
5910,402242200,DISTRICLEAN,5710,4754Z,PME,40224220000325,O,2025-12-06T10:02:16,Paris
5911,345351183,TOKHEIM SERVICES FRANCE,5710,3312Z,ETI,34535118300578,O,2025-12-06T05:16:40,Paris
5912,447549379,TWEETER,5710,4759B,PME,44754937900017,O,2026-06-03T11:05:13,Paris
5913,433378981,GEI DISTRIBUTION,5710,4674A,ETI,43337898100180,O,2026-02-18T13:14:04,Paris
5914,572044808,LMS SA,5599,4673B,PME,57204480800820,O,2025-12-06T11:08:33,Paris
5915,572058790,LISSAC ENSEIGNE,5599,4778A,ETI,57205879000542,O,2026-01-13T13:47:02,Paris
5916,572232411,SIKA FRANCE,5710,2059Z,ETI,57223241100023,O,2025-12-06T05:25:39,Paris
5917,422500660,SARL ORGANIDEM,5710,4942Z,PME,42250066000291,O,2025-12-06T10:55:29,Paris
5918,414433797,LE TANNEUR ET CIE,5599,4649Z,ETI,41443379700662,O,2026-03-11T11:01:15,Paris
5919,484052808,SANTE MEDECINE SERVICE,5785,8621Z,PME,48405280800033,O,2025-12-06T11:32:17,Paris
5920,453432437,GROUPE PAVONIS SANTE,5710,8730A,ETI,45343243700136,O,2025-12-06T05:38:12,Paris
5921,502705502,LE CREUSET FRANCE,5710,4759B,ETI,50270550200024,O,2025-12-06T06:21:06,Paris
5922,503314767,PRINTEMPS,5710,4719A,ETI,50331476700016,O,2026-04-14T18:32:38,Paris
5923,062500368,SOCIETE D'AMENAGEMENT FONCIER ET D'ETABLISSEMENT RURAL AUVERGNE RHONE ALPES,5530,4299Z,PME,06250036800170,O,2026-05-15T10:46:24,Lyon
5924,951842707,SILVERSUN DGS 3,5710,3511Z,PME,95184270700170,O,2025-12-06T05:32:33,Lyon
5925,381540681,A D MAROQUINIERS,5710,4772B,PME,38154068100222,O,2025-12-06T10:03:39,Lyon
5926,394187892,INDIGO STATIONNEMENT SB,5710,5221Z,ETI,39418789200457,O,2025-12-06T05:16:07,Lyon
5927,851465005,ECO 19,5499,3511Z,PME,85146500500177,O,2026-04-27T14:30:32,Marseille
5928,822297560,COOPERATIVE D'INITIATIVE JEUNES,5460,7022Z,PME,82229756000101,O,2026-08-13T13:12:27.291,Marseille
5929,950417493,CORTEVA AGRISCIENCE FRANCE SAS,5710,2020Z,ETI,95041749300307,O,2026-08-04T13:08:17.207,Toulouse
5930,309543486,GROUPE MTM,5710,4649Z,PME,30954348600075,O,2026-06-29T15:57:37,Toulouse
5931,951089812,SOLSKIN 1,5710,3511Z,PME,95108981200147,O,2026-03-13T16:31:47,Toulouse
5932,330941154,PODARGOS,5710,3250A,PME,33094115400198,O,2026-03-25T13:14:53,Lille
5933,379728090,BIOLAM 59,5785,8690B,PME,37972809000026,O,2025-12-06T06:29:53,Lille
5934,302666516,GASCO SA,5599,4621Z,ETI,30266651600034,O,2026-06-22T09:06:44,Bordeaux
5935,478999394,FRANCE ELEVATEUR,5710,2822Z,ETI,47899939400024,O,2025-12-06T05:14:46,Nantes
5936,342435682,WORMS SERVICES MARITIMES,5710,5222Z,PME,34243568200535,O,2026-01-13T12:36:38,Nantes
5937,439569393,ABC INTER POLE,5499,7810Z,PME,43956939300036,O,2025-12-06T06:24:33,Nantes
5938,439905837,CELESTE,5710,6110Z,ETI,43990583700035,O,2026-03-25T13:15:56,Nantes
5939,414914952,PORCELAINES MP SAMIE,5499,4759B,PME,41491495200018,O,2025-12-06T06:23:21,Nantes
5940,412194482,SINARI WMS,5710,5829A,ETI,41219448200052,O,2025-12-06T05:20:56,Strasbourg
5941,541880209,FINDIS NORD EST,5710,4643Z,ETI,54188020900229,O,2026-07-16T19:00:46,Strasbourg
5942,532559812,ALUDRA ENERGIES,5499,3511Z,ETI,53255981200286,O,2025-12-06T06:32:45,Strasbourg
5943,533744645,SEM POLE FUNERAIRE PUBLIC DE STRASBOURG,5515,9603Z,PME,53374464500029,O,2025-12-06T07:10:27,Strasbourg
5944,437990179,I D K,5710,4618Z,PME,43799017900032,O,2026-06-03T11:05:13,Strasbourg
5945,538209594,KELIO,5710,6202A,ETI,53820959400018,O,2025-12-06T07:27:46,Strasbourg
5946,417793023,KEYENCE (FRANCE) SAS,5710,4652Z,ETI,41779302300165,O,2025-12-10T16:36:51,Strasbourg
5947,428738280,INSERT,5599,7312Z,ETI,42873828000695,O,2025-12-06T08:25:37,Strasbourg
5948,404337891,ETUDES & REALISATIONS TOUTES FORMATIONS,5710,8559A,PME,40433789100133,O,2026-02-09T12:00:55,Strasbourg
5949,404350738,STOW FRANCE SAS,5710,4669B,ETI,40435073800070,O,2026-03-04T12:36:46,Strasbourg
5950,390299790,BUREAU CENTRAL DE SECURITE FRANCE,5699,4391B,PME,39029979000357,O,2026-06-03T11:05:12,Strasbourg
5951,390758241,ELAN FORMATION,5710,8559A,PME,39075824100165,O,2026-07-02T08:00:29,Strasbourg
5952,844259424,SAS ARKOLIA INVEST 58,5710,3511Z,ETI,84425942400142,O,2026-06-09T10:31:17,Montpellier
5953,833718620,ENGIE INVESTISSEMENTS 68,5710,3521Z,ETI,83371862000127,O,2025-12-06T05:21:17,Montpellier
5954,837783273,S-K,5710,4771Z,PME,83778327300043,O,2026-05-26T12:56:44,Montpellier
5955,849947502,KLARA PRODUCTION 3,5710,3511Z,PME,84994750200159,O,2025-12-06T05:12:48,Montpellier
5956,918702531,TRENTETROIS,5710,3832Z,ETI,91870253100016,O,2025-12-06T06:21:00,Montpellier
5957,512888439,ACROCHATS,5710,9321Z,ETI,51288843900183,O,2026-08-07T13:14:43.512,Montpellier
5958,922227731,3R ENERGIES,5710,3511Z,PME,92222773100010,O,2025-12-06T10:46:59,Montpellier
5959,922642822,TRITON,5710,9601B,PME,92264282200113,O,2026-04-30T13:49:17,Montpellier
5960,433802147,FRANCIAFLEX,5710,1392Z,ETI,43380214700010,O,2025-12-06T05:15:10,Rennes
5961,443200613,FORMATIVES,5710,8532Z,ETI,44320061300026,O,2026-03-26T13:14:24,Rennes
5962,535113062,LA CORDEE SAS,5710,6820B,PME,53511306200124,O,2026-01-28T19:00:13,Rennes
5963,414127092,ORFEA,5710,7112B,PME,41412709200016,O,2026-04-14T20:30:34,Rennes
5964,421061680,LEGENDRE IMMOBILIER,5710,4110B,ETI,42106168000037,O,2026-06-25T13:12:18,Rennes
5965,414979054,IMMINVEST,5710,4110A,ETI,41497905400189,O,2026-07-23T17:00:48,Rennes
5966,790200901,GIBOIRE TRANSACTION,5710,6831Z,ETI,79020090100011,O,2025-12-06T06:22:25,Rennes
5967,803285709,SERDICA,5499,6420Z,PME,80328570900017,O,2025-12-06T07:23:34,Rennes
5968,510375835,IRISOLARIS,5710,7112B,ETI,51037583500467,O,2026-07-10T13:00:33,Rennes
5969,333034973,ARC EN CIEL RECYCLAGE,5710,3832Z,PME,33303497300029,O,2025-12-06T05:15:09,Grenoble
5970,440622397,SECURITE VOL FEU,5710,8020Z,PME,44062239700063,O,2026-06-15T15:37:04,Grenoble
5971,430130393,ODICEO,5710,6920Z,PME,43013039300027,O,2025-12-06T07:30:47,Grenoble
5972,418923090,GEFIX SNC,5202,4674A,PME,41892309000033,O,2026-06-05T09:31:30,Grenoble
5973,378040497,SERCEL,5710,2651B,ETI,37804049700026,O,2025-12-06T05:43:44,Grenoble
5974,343231064,MEDIA FORMATION,5499,8559A,PME,34323106400068,O,2025-12-06T07:22:40,Grenoble
5975,330471897,SOCIETE COOPERATIVE DE L'ARTISANAT RURAL,5553,4619A,ETI,33047189700133,O,2025-12-06T07:27:22,Grenoble
5976,444425292,TALENTIA SOFTWARE FRANCE,5710,6202A,ETI,44442529200133,O,2026-03-23T16:17:31,Grenoble
5977,441881752,ROUGE COMMUNICATION,5710,4742Z,PME,44188175200030,O,2025-12-06T05:14:09,Grenoble
5978,448944918,LMDES,5460,9499Z,PME,44894491800011,O,2026-06-05T14:58:06,Grenoble
5979,384545281,TRIADIS SERVICES,5710,3822Z,ETI,38454528100063,O,2026-08-06T09:09:29.761,Rouen
5980,509232344,ATLAS SECURITE PRIVEE,5710,8010Z,ETI,50923234400036,O,2026-08-03T20:48:31.943,Rouen
5981,311810824,CAPITALES TOURS,5599,7912Z,PME,31181082400020,O,2026-05-28T13:14:21,Rouen
5982,507928935,TILT VINTAGE,5499,4771Z,PME,50792893500117,O,2025-12-06T08:44:20,Rouen
5983,508296506,ENTREPRISE D'INSERTION PAR L'INTERIM,5710,7820Z,PME,50829650600019,O,2025-12-06T05:40:11,Rouen
5984,480352525,COLOR' I,5499,4762Z,PME,48035252500061,O,2025-12-06T06:59:10,Rouen
5985,322881962,GUEUDET ALLIANCE NORMANDIE,5710,4511Z,ETI,32288196200011,O,2025-12-06T11:12:20,Rouen
5986,317428381,NORMANDIE MANUTENTION,5710,7739Z,ETI,31742838100147,O,2025-12-06T05:25:29,Rouen
5987,501076376,AIP URBA,5499,7112B,PME,50107637600067,O,2026-07-27T13:22:07,Rouen
5988,402299606,MENUISERIES - CONCEPTIONS - POSES,5710,4752B,PME,40229960600036,O,2025-12-06T06:45:27,Rouen
5989,402459523,GULDAGIL,5710,3312Z,PME,40245952300013,O,2025-12-06T05:17:01,Rouen
5990,394338156,MEUBLICIS SA,5710,4759A,PME,39433815600091,O,2025-12-06T06:27:31,Rouen
5991,313455545,SARL MEWA,5499,9601A,ETI,31345554500118,O,2025-12-17T15:01:17,Rouen
5992,328934062,LABOR ANALYSE BIOLOGIE MEDICALE DEFRANCE,5710,8690B,PME,32893406200121,O,2025-12-06T05:39:18,Rouen
5993,440618213,AC PROMOTION,5499,4540Z,PME,44061821300043,O,2025-12-06T10:29:36,Dijon
5994,441520608,LCM DIJON FRANCHE COMTE,5710,4774Z,PME,44152060800049,O,2025-12-06T06:03:45,Dijon
5995,958513509,QINTENS,5710,6920Z,PME,95851350900025,O,2025-12-06T07:32:51,Dijon
5996,908592918,CHOPARD SBC,5710,4511Z,ETI,90859291800019,O,2025-12-06T05:41:54,Dijon
5997,381683259,COMPTOIR DE NEGOCE D'EQUIPEMENTS,5499,4669B,PME,38168325900059,O,2025-12-06T08:45:24,Dijon
5998,382169308,EUROBILLARDS,5499,4765Z,PME,38216930800071,O,2025-12-06T11:07:39,Dijon
5999,325973329,NEGOCIM,5710,4299Z,ETI,32597332900189,O,2026-06-03T11:31:37,Angers
6000,513741447,MILAU,5499,4772A,PME,51374144700017,O,2025-12-06T08:18:06,Angers
6001,518691498,ECOFAC EVOLUTION,5710,8559A,PME,51869149800019,O,2025-12-06T05:21:26,Angers
6002,521108662,ID'EES R&V ( RECYCLAGE ET VALORISATION ),5499,3832Z,ETI,52110866200011,O,2026-06-12T16:00:40,Angers
6003,522957802,MFC,5710,1520Z,ETI,52295780200013,O,2025-12-06T05:17:02,Angers
6004,752321828,ALLO OUVRIERS,5499,7112B,PME,75232182800051,O,2025-12-06T05:38:20,Angers
6005,534690581,INGRAM MICRO SERVICES,5710,9512Z,ETI,53469058100028,O,2025-12-06T05:14:47,Angers
6006,532104247,3MX,5499,4391B,PME,53210424700012,O,2025-12-06T05:40:41,Angers
6007,793023060,CRR INGENIERIE,5785,7111Z,PME,79302306000064,O,2025-12-06T05:23:38,Angers
6008,804545671,ACFM,5499,6492Z,PME,80454567100054,O,2025-12-06T10:53:49,Angers
6009,829668482,POMPES FUNEBRES AL ASWAD,5499,9603Z,PME,82966848200054,O,2025-12-06T05:21:56,Nimes
6010,823103122,MCGR,5710,7112B,PME,82310312200029,O,2025-12-06T06:13:33,Nimes
6011,818606154,RYCKMAN & ASSOCIES - AVOCAT-NOTAIRE,5499,6910Z,PME,81860615400016,O,2026-06-04T20:30:27,Nimes
6012,831405444,RECACOR FRANCE,5499,4531Z,PME,83140544400033,O,2026-03-18T13:09:22,Nimes
6013,839654357,MAS AUTO,5202,4511Z,ETI,83965435700020,O,2026-07-06T16:07:11,Nimes
6014,837934397,KLARA TOULOUSE SOLAIRE,5710,7490B,PME,83793439700170,O,2025-12-06T07:55:23,Nimes
6015,850407792,EDISON,5710,4321A,PME,85040779200058,O,2025-12-06T08:25:45,Nimes
6016,848843322,PULP',5710,4771Z,PME,84884332200043,O,2025-12-06T06:28:17,Nimes
6017,909188518,LE BISTROT DE SAZE,5710,5610A,PME,90918851800031,O,2026-05-05T13:07:56,Nimes
6018,525398699,CPV STATION FRUITIERE,5499,3511Z,PME,52539869900054,O,2026-08-26T15:34:46.099,Nimes
6019,383369246,CHIMIREC SOCODELI,5710,3812Z,ETI,38336924600046,O,2026-08-06T09:09:27.091,Nimes
6020,838039568,AUTOCONSOMMATION DE FRANCE,5499,4322B,PME,83803956800012,O,2026-08-06T18:33:16.247,Nimes
6021,305720112,GIRAUD,5710,4211Z,PME,30572011200021,O,2026-07-01T13:46:45,Nimes
6022,306520305,CEVENNES CONFORT,5499,4321A,PME,30652030500070,O,2025-12-06T06:50:11,Nimes
6023,307120113,SOCIETE MERIDIONALE D'EXPERTISE & DE REVISION COMPTABLES,5710,6920Z,PME,30712011300104,O,2025-12-06T06:24:32,Nimes
6024,491018180,ASSISTANCE TECHNIQUE DU BATIMENT,5499,4329A,PME,49101818000043,O,2025-12-06T08:37:56,Clermont-Ferrand
6025,493638944,VIALLON YVAN PLACEMENT FINANCE,5710,6622Z,PME,49363894400048,O,2025-12-06T06:16:10,Clermont-Ferrand
6026,328789599,SOCIETE DE MATERIAUX ET TRAVAUX DU VELAY,5710,0811Z,PME,32878959900037,O,2025-12-06T07:22:40,Clermont-Ferrand
6027,353050602,SERRURERIE METALLERIE DELAMAIDE,5499,4332B,PME,35305060200021,O,2026-03-25T13:13:18,Clermont-Ferrand
6028,353376338,ROBERT DAVID SARL,5499,2571Z,PME,35337633800037,O,2025-12-06T05:20:46,Clermont-Ferrand
6029,441818754,LABO CORRECTION AUDITIVE,5202,4646Z,PME,44181875400018,O,2025-12-06T08:09:48,Clermont-Ferrand
6030,445298698,AVANTI,5710,4110C,PME,44529869800033,O,2025-12-06T05:25:21,Clermont-Ferrand
6031,431393172,FC CARROSSERIE,5710,4520A,PME,43139317200025,O,2025-12-06T05:42:14,Clermont-Ferrand
6032,432974350,SAS SEDADI,5710,6420Z,ETI,43297435000030,O,2025-12-06T05:38:11,Clermont-Ferrand
6033,443699251,SELARL DOCTEUR KUDER PHILIPPE,5485,8622C,PME,44369925100064,O,2025-12-06T05:37:56,Clermont-Ferrand
6034,534851605,TFB PROD5,5710,3511Z,PME,53485160500053,O,2025-12-06T06:27:24,Clermont-Ferrand
6035,390836112,HXCENTRE,5710,4120A,ETI,39083611200024,O,2026-01-22T13:13:16,Tours
6036,479391880,GSM IMMOBILIER,5499,6831Z,PME,47939188000040,O,2025-12-06T06:22:16,Tours
6037,453507030,LINET FRANCE SAS,5710,4646Z,PME,45350703000014,O,2026-05-05T11:31:31,Tours
6038,456202613,GT LOCATION,5599,7712Z,ETI,45620261300018,O,2025-12-06T05:14:46,Tours
6039,804469831,AVJC,5710,1082Z,PME,80446983100023,O,2026-03-20T15:00:39,Tours
6040,804571677,STUDY'O,5710,5590Z,PME,80457167700074,O,2025-12-06T06:04:38,Tours
6041,494221237,PAOLA,5499,4771Z,PME,49422123700030,O,2026-05-21T13:11:48,Tours
6042,519085971,CASTRES EQUIPEMENT,5710,4321A,PME,51908597100066,O,2025-12-06T08:13:45,Tours
6043,519106108,SAINT PIERRE ASSURANCES,5710,6622Z,ETI,51910610800086,O,2025-12-18T10:31:48,Tours
6044,514954791,SELARL DU DOCTEUR LAURENT MALA,5485,8622C,PME,51495479100018,O,2025-12-06T06:14:59,Tours
6045,490224045,SERA,5710,4321A,ETI,49022404500024,O,2025-12-06T05:43:29,Tours
6046,490885845,PLEIN CIEL LES SOLUTIONS HABITAT,5710,4332A,PME,49088584500118,O,2025-12-06T08:58:16,Tours
6047,899200463,LOULOU GLOUTON,5710,5610C,PME,89920046300011,O,2025-12-06T06:26:54,Metz
6048,899215776,L'ARBRE A COCCINELLES,5710,8891A,PME,89921577600019,O,2025-12-06T05:58:07,Metz
6049,908574809,OMEGA PERMIS,5710,8553Z,PME,90857480900061,O,2026-01-09T20:35:57,Metz
6050,381430636,GAL NANCEIENNE TRAVAUX INDUSTRIE MAINTEN,5710,3311Z,ETI,38143063600021,O,2026-08-06T09:09:26.561,Metz
6051,300399102,BIJOUTERIE JOAILLERIE JEAN HARDY,5710,4777Z,PME,30039910200015,O,2025-12-06T06:37:08,Metz
6052,300702305,LECTRA,5599,2894Z,ETI,30070230500255,O,2026-04-03T15:33:07,Metz
6053,309707966,NORMA DISTRIBUTION FRANCE SAS,5710,4669B,ETI,30970796600045,O,2025-12-06T05:14:08,Metz
6054,317784536,IMPRIMERIE-PAPETERIE GERARD KLOPP,5599,8211Z,PME,31778453600011,O,2025-12-06T07:55:22,Metz
6055,325193431,HUBERGROUP FRANCE,5710,4669B,PME,32519343100088,O,2025-12-06T05:38:41,Besancon
6056,330913443,VEHICULE INDUSTRIEL COMTOIS,5710,4519Z,PME,33091344300058,O,2026-06-16T10:37:12,Besancon
6057,331260752,SERPLASTE,5710,4332A,PME,33126075200026,O,2025-12-06T05:25:38,Besancon
6058,331348458,INFRES,5710,7022Z,PME,33134845800059,O,2025-12-06T06:31:13,Besancon
6059,331964072,SOCIETE NOUVELLE UNION BISONTINE DE MONTEURS DE BOITES,5710,3212Z,PME,33196407200028,O,2025-12-06T06:54:36,Besancon
6060,844899666,DAZIN DEMENAGEMENTS SN,5499,4942Z,ETI,84489966600029,O,2025-12-06T05:38:50,Orleans
6061,888968997,LE REPERE DES J'Y TIENS,5499,8790A,PME,88896899700013,O,2025-12-06T05:37:49,Orleans
6062,814758793,CHAMPI & COMPAGNIE,5710,4721Z,PME,81475879300016,O,2025-12-06T06:22:26,Orleans
6063,815143730,CB TEAM,5710,7311Z,PME,81514373000019,O,2025-12-06T06:22:26,Orleans
6064,817514979,CYCO CUISINE,5710,4759A,PME,81751497900043,O,2025-12-06T06:17:36,Orleans
6065,824917298,ADWORK'S 8,5710,7820Z,ETI,82491729800047,O,2025-12-06T05:15:00,Orleans
6066,820243228,LM INTERIM,5499,7820Z,PME,82024322800013,O,2025-12-06T11:15:45,Orleans
6067,633780374,ATELIERS DE CONSTRUCTION DU BEAUJOLAIS,5710,2892Z,PME,63378037400011,O,2025-12-06T08:05:57,Orleans
6068,692044407,ASTRE FIDUCIAIRE DE L'OUEST,5710,6920Z,PME,69204440700124,O,2026-02-18T18:31:30,Orleans
6069,909138695,TYLS PATRIMOINE,5710,6622Z,ETI,90913869500012,O,2026-07-10T12:31:42,Orleans
6070,328825161,ENTREPRISE BLOT FILS,5710,4311Z,PME,32882516100057,O,2026-08-03T15:51:11.330,Orleans
6071,494392632,MSB SUD ALSACE,5699,4110A,ETI,49439263200019,O,2025-12-06T06:34:15,Mulhouse
6072,494588064,MSB NORD ALSACE,5610,4110A,ETI,49458806400050,O,2026-01-29T13:17:18,Mulhouse
6073,525051751,CONFLUENCE FORMATION,5499,8559A,PME,52505175100010,O,2025-12-06T05:38:20,Mulhouse
6074,520652397,SUNDSHOP,5499,4771Z,PME,52065239700040,O,2025-12-06T06:18:24,Mulhouse
6075,492803960,ESPACE 3000 MULHOUSE,5710,4511Z,ETI,49280396000011,O,2025-12-06T08:45:04,Mulhouse
6076,492846506,ALEMPLOI,5510,8299Z,PME,49284650600060,O,2025-12-06T07:57:52,Mulhouse
6077,493251730,HUBER INVEST,5710,6420Z,PME,49325173000021,O,2025-12-06T10:05:55,Mulhouse
6078,750675852,SYDIF,5710,4649Z,PME,75067585200016,O,2025-12-06T07:20:29,Mulhouse
6079,705820272,MAISON GALUVAL,5710,4634Z,ETI,70582027200064,O,2025-12-06T05:20:19,Mulhouse
6080,533542650,SARL KENZA.G,5499,8553Z,PME,53354265000015,O,2026-06-24T13:01:25,Mulhouse
6081,477865554,PROVECTIO,5710,6203Z,PME,47786555400091,O,2025-12-06T07:21:25,Caen
6082,480237759,D.P.I,5710,4690Z,PME,48023775900018,O,2025-12-06T07:47:57,Caen
6083,481162758,VITALEPARGNE,5499,6622Z,PME,48116275800041,O,2025-12-06T05:58:29,Caen
6084,809642895,A CIEL OUVERT NORMANDIE,5499,4332A,PME,80964289500019,O,2025-12-06T05:39:56,Caen
6085,809999295,INSIDE STAFFING BY ADEQUAT 165,5710,7820Z,ETI,80999929500011,O,2025-12-06T06:55:38,Caen
6086,804567857,EXPERF NORD,5710,4774Z,ETI,80456785700078,O,2025-12-06T05:43:38,Caen
6087,502608482,SALINSKI CAMPING-CARS,5499,4519Z,PME,50260848200027,O,2025-12-06T06:16:01,Caen
6088,512258641,OMBRIERE LE BOSC,5710,3511Z,ETI,51225864100061,O,2025-12-06T06:22:17,Caen
6089,505226878,GEOSYNTHESE,5710,7112B,ETI,50522687800138,O,2026-06-17T13:09:44,Caen
6090,507479095,DEKRA EXPERTISE,5710,6621Z,ETI,50747909500030,O,2025-12-06T05:41:03,Caen
6091,508148186,NOUVELLES-DEMEURES,5499,6831Z,PME,50814818600119,O,2025-12-06T06:25:17,Caen
6092,511108847,SOLEIA 3,5710,3511Z,ETI,51110884700050,O,2025-12-06T09:08:17,Caen
6093,504248386,ELECSOL ST SUZANNE,5499,3511Z,ETI,50424838600048,O,2025-12-06T10:10:42,Caen
6094,491675690,POMPES FUNEBRES DES CARRIERS,5499,9603Z,PME,49167569000060,O,2025-12-06T07:01:13,Caen
6095,517721460,LPSECURITE,5499,8010Z,PME,51772146000049,O,2025-12-06T05:41:17,Caen
6096,331595355,SOCIETE OPTIQUE DES NATIONS,5710,4778A,PME,33159535500016,O,2026-06-10T21:43:23,Nancy
6097,438891665,LES AGENTS D'AUJOURD'HUI,5499,6831Z,PME,43889166500012,O,2025-12-06T06:32:20,Nancy
6098,423434869,SEREIVAN,5499,1071D,PME,42343486900032,O,2025-12-06T05:19:50,Nancy
6099,414574053,SOLVAY OPERATIONS FRANCE,5710,2013B,ETI,41457405300099,O,2025-12-06T05:13:27,Nancy
6100,343572749,GRASSER LOCATION & SERVICES,5499,7711A,PME,34357274900111,O,2025-12-25T13:18:38,Nancy
6101,348916065,ENVERGURE CONSEIL,5710,6622Z,ETI,34891606500314,O,2025-12-06T06:05:13,Nancy
6102,341763118,GRAND EST ORTHOPEDIE,5710,4774Z,PME,34176311800088,O,2025-12-06T08:14:40,Nancy
6103,342149135,SOCIETE EUROPEENNE D EQUIPEMENT SIMOES,5499,4222Z,PME,34214913500010,O,2025-12-06T07:18:41,Nancy
6104,383452497,DUVIVIER & ASSOCIES,5710,6910Z,PME,38345249700142,O,2026-01-16T16:31:35,Poitiers
6105,440283588,INCOBOIS,5710,1623Z,ETI,44028358800026,O,2025-12-06T05:21:16,Poitiers
6106,439298167,HOAYI INTERNATIONAL CO,5499,3832Z,PME,43929816700057,O,2025-12-06T05:41:45,Poitiers
6107,440138212,ARTUS INTERIM ORLEANS,5710,7820Z,ETI,44013821200079,O,2025-12-06T05:25:21,Poitiers
6108,432315778,CD2,5710,9311Z,ETI,43231577800089,O,2025-12-06T06:24:57,Poitiers
6109,432882777,SHIVA,5499,4649Z,PME,43288277700019,O,2025-12-06T05:40:40,Poitiers
6110,433931235,IGA.ASSURANCES,5710,5829C,PME,43393123500074,O,2026-07-01T13:17:20,Poitiers
6111,434577573,FINK,5499,4724Z,PME,43457757300034,O,2025-12-06T10:08:48,Poitiers
6112,419422928,PGA HOLDING,5710,7010Z,PME,41942292800038,O,2025-12-06T06:24:33,Poitiers
6113,419915830,100 IMMOBILIER,5499,6831Z,PME,41991583000139,O,2025-12-06T07:32:43,Poitiers
6114,410627855,SOMOS,5710,2841Z,PME,41062785500035,O,2025-12-06T05:25:13,Poitiers
6115,415105550,BUREAU TECHNIQUE DE PROMOTION LAITIERE,6318,8299Z,PME,41510555000016,O,2025-12-06T06:25:33,Poitiers
6116,300915600,PIGUY GOLF CHALLENGE,5710,4649Z,PME,30091560000047,O,2025-12-06T10:05:09,Annecy
6117,309421725,FILATURE ARPIN,5710,1392Z,PME,30942172500016,O,2026-02-12T14:07:16,Annecy
6118,310774542,CALIGO,5710,7112B,PME,31077454200081,O,2025-12-06T05:39:17,Annecy
6119,333953982,STE EXPLOIT RESIDENCE 2000,5499,5510Z,PME,33395398200043,O,2025-12-06T11:24:30,Annecy
6120,334441268,CHABLAIS SERVICE PROPRETE,5710,3832Z,PME,33444126800011,O,2026-05-12T14:11:59,Annecy
6121,334977816,LES FILS DE RENE COMTE,5710,4722Z,PME,33497781600019,O,2025-12-06T06:21:29,Annecy
6122,332813765,TOURNIER MACHINES A BOIS,5710,4662Z,PME,33281376500044,O,2026-01-22T15:36:32,Annecy
6123,497733659,ASSISTANCE AUX BATIMENTS,5499,4332B,PME,49773365900021,O,2025-12-06T06:16:01,Paris
6124,482735735,ENTRE PARENTHESE EP,5710,5610C,ETI,48273573500201,O,2025-12-06T06:24:41,Paris
6125,902367523,GREENYELLOW ANTILLES 6,5710,3511Z,ETI,90236752300229,O,2025-12-06T05:13:17,Paris
6126,798671335,MANDAE,5710,6622Z,ETI,79867133500015,O,2026-03-05T13:02:19,Paris
6127,791328933,BLACK ENR,5499,3511Z,PME,79132893300415,O,2025-12-06T05:12:47,Paris
6128,830215455,ALBIOMA SOLAIRE AMAZONIE,5710,3511Z,ETI,83021545500031,O,2025-12-06T06:24:34,Paris
6129,852339589,DANIEL FEAU CONSEIL IMMOBILIER,5710,6831Z,PME,85233958900032,O,2025-12-06T05:17:03,Paris
6130,842336638,SMART SOLAR-4,5499,3511Z,PME,84233663800130,O,2025-12-06T08:00:53,Paris
6131,909581266,NICOLE & COLETTE INC.,5710,8810A,PME,90958126600014,O,2025-12-06T11:15:31,Paris
6132,402761787,LA SOCIETE DES CREMATORIUMS DE FRANCE,5710,9603Z,ETI,40276178700231,O,2026-08-24T13:08:02.909,Paris
6133,345130660,DESENFANS,5710,4674B,ETI,34513066000045,O,2026-08-21T10:00:58.800,Paris
6134,384406823,MERICQ,5710,4638A,ETI,38440682300029,O,2026-08-04T16:00:23.187,Paris
6135,379379357,BLUEGREEN OUEST,5202,9311Z,ETI,37937935700419,O,2026-08-05T13:07:38.239,Paris
6136,326521002,SOCIETE D'EXPLOITATION PROVENCIA,5710,4711F,ETI,32652100200153,O,2026-07-01T13:46:45,Lyon
6137,542015516,DUFRY FRANCE SA,5699,4778C,ETI,54201551600413,O,2026-07-01T13:46:47,Marseille
6138,531083921,AVEYRSOL,5499,3511Z,ETI,53108392100167,O,2026-07-31T14:59:22,Marseille
6139,793508060,BRIDE SOLAGRI,5202,3511Z,PME,79350806000332,O,2025-12-06T06:01:48,Toulouse
6140,343431615,VITARIS,5710,8020Z,PME,34343161500057,O,2026-01-13T17:31:48,Toulouse
6141,385340831,EUROPE DIFFUSION,5499,4759A,PME,38534083100036,O,2025-12-06T11:13:49,Lille
6142,410275424,BAUDELET METAUX,5710,4677Z,ETI,41027542400019,O,2025-12-06T05:25:21,Lille
6143,402974653,OCEANE VOYAGES,5710,7911Z,PME,40297465300022,O,2026-06-05T13:11:51,Lille
6144,479594756,SKILL'S,5499,4772A,PME,47959475600039,O,2026-05-18T13:07:58,Bordeaux
6145,424185544,DARTESS,5710,5210B,ETI,42418554400063,O,2025-12-06T06:20:41,Bordeaux
6146,424989853,GARANDEAU BETONS,5499,2363Z,ETI,42498985300025,O,2025-12-06T05:43:44,Bordeaux
6147,419391370,COMPAGNIE IMMOBILIERE MAISON INDIVIDUELLE,5710,4120A,ETI,41939137000170,O,2026-02-25T17:00:44,Bordeaux
6148,391027620,ABMI GROUPE,5710,7112B,ETI,39102762000155,O,2026-07-03T10:00:30,Nantes
6149,524016037,LA TRESSE DOREE,5710,1071C,PME,52401603700011,O,2025-12-06T05:14:35,Nantes
6150,800418923,LCDV,5710,4778C,PME,80041892300010,O,2026-07-23T13:11:50,Nantes
6151,632050191,TIMAC AGRO,5710,2015Z,ETI,63205019100170,O,2025-12-06T05:52:07,Nantes
6152,654800697,EXPLOITATION BLANCHET DHUISMES,5710,4666Z,PME,65480069700165,O,2025-12-06T05:39:11,Nantes
6153,494003213,SCP CBF ASSOCIES,6568,6910Z,PME,49400321300019,O,2025-12-06T05:41:32,Strasbourg
6154,494320716,CONVICTIONSRH,5710,7022Z,PME,49432071600231,O,2025-12-06T05:15:34,Strasbourg
6155,491417028,FERME EOLIENNE DE NOYALES,5710,3511Z,PME,49141702800066,O,2026-02-04T15:01:06,Strasbourg
6156,518145420,SOLOUEST,5710,3511Z,ETI,51814542000114,O,2026-07-30T15:01:08,Strasbourg
6157,492536362,SARETEC IMMOBILIER - SARIMMO,5710,7120B,PME,49253636200089,O,2025-12-06T07:39:52,Strasbourg
6158,754800175,SOCIETE VOSGIENNE DE PARTICIPATION,5710,6420Z,PME,75480017500046,O,2026-03-26T13:19:46,Strasbourg
6159,719801664,CARL ZEISS,5710,4643Z,ETI,71980166400215,O,2025-12-06T05:43:45,Strasbourg
6160,901446971,CIGOGNE MENAGE,5710,8810A,PME,90144697100045,O,2026-06-03T13:57:12,Strasbourg
6161,792170342,NOUVELLES ENERGIES DISTRIBUTION,5710,4690Z,ETI,79217034200077,O,2026-07-01T13:46:48,Strasbourg
6162,791289481,CONSERTO,5710,6202A,ETI,79128948100248,O,2026-06-04T11:00:22,Strasbourg
6163,858800758,FIDEL FILLAUD,5710,4676Z,ETI,85880075800055,O,2025-12-06T05:38:49,Strasbourg
6164,817936495,JEHANN,5499,6202A,PME,81793649500057,O,2026-02-09T13:09:15,Strasbourg
6165,823590971,ALAIN ASSISTANCE,5710,4332B,PME,82359097100029,O,2025-12-06T05:16:42,Strasbourg
6166,381724558,SYLVANA S.B,5710,4759A,PME,38172455800147,O,2026-07-27T15:31:12,Montpellier
6167,393544622,CLINI VETER DOCTEURS MAERTEN ET ASSOCIES,5485,7500Z,PME,39354462200052,O,2025-12-06T05:39:25,Montpellier
6168,384491072,BOYER SA,5710,4631Z,ETI,38449107200078,O,2025-12-06T07:50:38,Montpellier
6169,402023360,PACA ASCENSEURS SERVICES,5710,4329B,ETI,40202336000066,O,2025-12-08T13:21:50,Montpellier
6170,402250427,INITIATIVE POUR LE DEVELOPPEMENT DURABLE - INGENIERIE ET ORGANISATION,5710,7112B,ETI,40225042700026,O,2026-06-03T11:05:12,Montpellier
6171,351329503,EXPONENS CONSEIL ET EXPERTISE,5710,6920Z,ETI,35132950300186,O,2026-02-10T10:57:28,Montpellier
6172,351338660,HECTARE,5710,4299Z,ETI,35133866000118,O,2025-12-06T06:39:27,Montpellier
6173,447805623,LFC HUMAIN,5710,7022Z,PME,44780562300173,O,2025-12-06T05:38:56,Montpellier
6174,529682049,423 ENERGY,5710,3511Z,ETI,52968204900133,O,2025-12-06T06:17:12,Montpellier
6175,515302495,AAGROUP,5710,7111Z,PME,51530249500038,O,2026-02-19T17:00:34,Rennes
6176,527835904,DUVAL FERMETURES,5710,4339Z,PME,52783590400014,O,2025-12-06T07:30:48,Rennes
6177,752542878,SOLANO INVESTISSEMENTS,5710,6420Z,ETI,75254287800091,O,2025-12-06T05:59:36,Rennes
6178,699201125,TERDICI APPRO,5710,4621Z,ETI,69920112500084,O,2026-01-22T13:12:24,Rennes
6179,801212168,REALIS MOE,5710,7112B,PME,80121216800018,O,2025-12-06T05:43:30,Rennes
6180,792038150,KID'S PARADIS,5499,8891A,PME,79203815000068,O,2025-12-06T09:40:06,Rennes
6181,834183436,RM INTERIM,5710,7820Z,PME,83418343600015,O,2025-12-15T13:15:52,Rennes
6182,837533843,PERCEPSONS,5710,4774Z,PME,83753384300012,O,2026-06-22T14:31:13,Rennes
6183,840460133,LE P'TIT CLUB,5499,9312Z,PME,84046013300084,O,2026-03-03T09:00:56,Rennes
6184,817445349,DEKRA SERVICES FRANCE,5710,8559A,ETI,81744534900100,O,2025-12-06T06:13:26,Rennes
6185,917801011,RS IR AO C2,5710,3511Z,ETI,91780101100011,O,2026-06-05T11:31:17,Rennes
6186,393176102,PROMARITIME INTERNATIONAL,5710,5229B,PME,39317610200050,O,2026-05-01T13:10:59,Grenoble
6187,382267581,SUD EST AUTOMOBILES,5710,4511Z,PME,38226758100017,O,2025-12-06T06:23:28,Grenoble
6188,518910419,ECENTIAL ROBOTICS,5710,2660Z,PME,51891041900044,O,2025-12-06T05:25:22,Grenoble
6189,514891241,AUDITION B&H,5710,4774Z,PME,51489124100010,O,2025-12-06T06:18:40,Grenoble
6190,515397669,GROUPE AMH,5499,4322A,PME,51539766900026,O,2025-12-06T05:38:57,Grenoble
6191,752221903,CADWORK FRANCE,5710,6202A,PME,75222190300053,O,2025-12-06T05:41:10,Grenoble
6192,530736396,HYDROCOP,5710,3511Z,PME,53073639600041,O,2025-12-06T11:07:11,Grenoble
6193,793489204,ENTREPRENEURS DU CHANGEMENT,5458,7022Z,PME,79348920400065,O,2025-12-06T05:54:33,Grenoble
6194,797080397,DCS EASYWARE,5710,6203Z,ETI,79708039700079,O,2025-12-06T05:16:41,Grenoble
6195,538953746,AUTO ECOLE 3D,5499,8553Z,PME,53895374600061,O,2025-12-06T06:13:25,Grenoble
6196,808557797,AUTO-ECOLE ONLINE,5710,8553Z,PME,80855779700020,O,2025-12-06T11:10:58,Grenoble
6197,539368795,ALP'CONFORT,5710,4752A,PME,53936879500016,O,2026-04-29T12:36:30,Grenoble
6198,383419611,FORET D'ICI,6317,0220Z,ETI,38341961100025,O,2025-12-06T10:47:50,Rouen
6199,423439975,BLANCHARD TP,5710,4663Z,ETI,42343997500016,O,2025-12-06T05:14:46,Rouen
6200,414572065,EUROPA,5710,4651Z,PME,41457206500020,O,2025-12-06T06:52:10,Rouen
6201,379501554,TTOM,5710,5229B,PME,37950155400032,O,2026-01-22T12:06:50,Rouen
6202,450103031,VIVALIANS,5710,8559A,PME,45010303100172,O,2026-03-10T10:00:24,Rouen
6203,442121893,MONOPANEL SAS,5710,2433Z,ETI,44212189300022,O,2025-12-06T08:20:55,Rouen
6204,340797398,ALIMIOR,5499,4638B,PME,34079739800013,O,2025-12-06T05:53:06,Dijon
6205,383796984,TRICOT MOSS,5710,4771Z,PME,38379698400177,O,2025-12-06T08:43:44,Dijon
6206,399490010,NEO PROPRETE,5499,8121Z,PME,39949001000028,O,2025-12-06T06:16:09,Dijon
6207,409588613,BFC AMBULANCES,5710,8690A,PME,40958861300045,O,2025-12-06T05:40:33,Dijon
6208,400172532,ARC - CECCA,5710,6920Z,PME,40017253200022,O,2025-12-06T08:15:02,Dijon
6209,401001961,LANTANA CORNUET PAYSAGE,5710,8130Z,PME,40100196100028,O,2025-12-06T06:21:21,Dijon
6210,412045197,QUERCUS,5499,6810Z,PME,41204519700065,O,2025-12-06T08:10:59,Dijon
6211,402952220,VICTORIA,5499,4772B,PME,40295222000117,O,2025-12-06T06:18:24,Dijon
6212,403146285,GARAGE EUROPE 4X4,5710,4511Z,PME,40314628500040,O,2025-12-06T07:41:24,Dijon
6213,423574037,PRAXY,5710,3832Z,ETI,42357403700036,O,2025-12-06T05:43:29,Dijon
6214,343447777,AIFB,5710,4110A,PME,34344777700107,O,2025-12-06T08:12:25,Dijon
6215,349124693,GHPA,5710,4120A,ETI,34912469300012,O,2025-12-06T08:33:28,Dijon
6216,349927012,EUROGERM,5710,1089Z,ETI,34992701200030,O,2025-12-06T06:10:31,Dijon
6217,327036687,INSTITUT LOGISTIQUE D AUDIT FORMATION,5699,8559A,PME,32703668700199,O,2025-12-06T05:21:34,Dijon
6218,795050939,TERRA NOVA,5710,7112B,PME,79505093900094,O,2026-07-13T17:31:48,Angers
6219,702001785,CARPENTER ENGINEERED FOAMS,5710,2221Z,ETI,70200178500022,O,2025-12-06T05:13:28,Angers
6220,724800743,SARL JACQUELINE CARRE SERVICE,5499,4942Z,ETI,72480074300077,O,2025-12-06T05:26:28,Angers
6221,539402990,SONRISA,5499,4778C,PME,53940299000110,O,2025-12-06T06:16:18,Angers
6222,539501338,JAMAIN TRANSPORT EXPRESS,5499,4941A,PME,53950133800013,O,2026-01-19T17:01:22,Angers
6223,545650053,PROCIVIS OUEST,5560,4110A,PME,54565005300030,O,2025-12-06T05:52:07,Angers
6224,786187898,FLEURON D ANJOU,6317,4631Z,PME,78618789800030,O,2025-12-06T05:43:45,Angers
6225,576550339,ROBERT PAYSAGE,5710,8130Z,PME,57655033900104,O,2025-12-06T05:40:55,Angers
6226,438845414,2LM,5710,7112B,PME,43884541400038,O,2026-04-02T12:00:38,Angers
6227,493144364,SAS HUTEAU-MENARD,5710,4669C,PME,49314436400046,O,2025-12-06T05:59:43,Angers
6228,314259557,ACTIF CONSEIL LANGUEDOC,5710,6920Z,PME,31425955700044,O,2025-12-06T05:38:11,Nimes
6229,314752569,MONTAGNANI FRERES,5499,4729Z,PME,31475256900066,O,2026-05-19T10:11:10,Nimes
6230,310914429,CABINET DOUSSON IMMOBILIER,5202,6832A,PME,31091442900033,O,2025-12-06T06:10:55,Nimes
6231,311168074,AUTODROME,5710,4511Z,ETI,31116807400095,O,2026-07-29T20:39:54,Nimes
6232,305063588,ANETT DIX,5710,9601A,ETI,30506358800035,O,2025-12-06T05:14:33,Nimes
6233,331877449,IMMOBILIERES R.PALLINCOURT,5499,6831Z,PME,33187744900115,O,2025-12-06T09:30:29,Nimes
6234,564503068,ETABLISSEMENTS FERNAND LAURENT ET FILS,5499,6820B,PME,56450306800012,O,2025-12-06T05:38:19,Clermont-Ferrand
6235,572059145,RAND FRERES,5710,4649Z,ETI,57205914500225,O,2026-06-12T11:56:26,Clermont-Ferrand
6236,574502035,SARL DES DROGUERIES DU CENTRE,5499,6820B,PME,57450203500110,O,2025-12-06T05:39:11,Clermont-Ferrand
6237,420945016,INTER.NETT,5710,8121Z,PME,42094501600046,O,2026-06-29T13:27:21,Clermont-Ferrand
6238,421305996,AIRWELL FRANCE SAS,5710,4669C,PME,42130599600017,O,2025-12-06T05:37:55,Clermont-Ferrand
6239,422236620,ARMONIAL,5710,4332B,PME,42223662000015,O,2025-12-08T14:00:23,Clermont-Ferrand
6240,424749505,TRANSPORTS BLANQUET ET FILS,5710,4941B,PME,42474950500030,O,2025-12-06T06:25:25,Clermont-Ferrand
6241,390657831,SARL PROMISSIMO,5499,6831Z,PME,39065783100108,O,2025-12-06T11:12:44,Clermont-Ferrand
6242,453818841,BASSET ET ASSOCIES,5485,7111Z,PME,45381884100018,O,2025-12-06T05:39:48,Clermont-Ferrand
6243,487472821,EURL OP-TEAM,5499,5229B,ETI,48747282100015,O,2025-12-06T10:04:56,Clermont-Ferrand
6244,480519198,SARL ADREC AUVERGNE,5499,7022Z,PME,48051919800026,O,2025-12-06T05:41:24,Clermont-Ferrand
6245,480628486,ASCND,5710,7022Z,PME,48062848600072,O,2026-05-02T15:31:31,Clermont-Ferrand
6246,810029967,BPAP,5710,6202A,PME,81002996700025,O,2026-06-09T13:13:59,Clermont-Ferrand
6247,538591827,LOCOUEST,5710,7732Z,PME,53859182700018,O,2025-12-06T07:18:48,Tours
6248,482858339,DESTINY FRANCE PARTENAIRES,5710,6110Z,ETI,48285833900062,O,2025-12-06T07:09:01,Tours
6249,898310149,PCE MOBILE,5710,4222Z,ETI,89831014900031,O,2025-12-06T05:25:06,Tours
6250,523394310,VETLOIRE,5485,7500Z,PME,52339431000016,O,2025-12-06T10:07:33,Tours
6251,786509679,RENE DERHY IMPORT EXPORT,5699,4642Z,PME,78650967900019,O,2026-06-18T15:32:52,Tours
6252,832929541,SAS FRAMMERY,5710,4778C,PME,83292954100015,O,2026-02-11T13:16:38,Tours
6253,844367375,RGO,5710,4391A,PME,84436737500038,O,2025-12-06T09:43:12,Tours
6254,893073031,OUI STAY,5710,6820A,PME,89307303100070,O,2025-12-06T07:26:37,Tours
6255,890301450,"BELLE VIE, JOLI REGARD",5710,4778A,PME,89030145000023,O,2025-12-06T06:42:08,Tours
6256,825297286,RAVAL - ISO - PRO,5710,4329A,PME,82529728600072,O,2025-12-06T06:13:11,Tours
6257,675520050,C.E.L.,5710,4322B,ETI,67552005000070,O,2025-12-06T05:56:12,Tours
6258,329937734,MENUISERIE COLLIN,5710,4332A,PME,32993773400013,O,2025-12-06T06:13:01,Metz
6259,305273203,FIBA - MOSELLE,5710,6920Z,PME,30527320300086,O,2025-12-06T05:25:46,Metz
6260,380280081,PARAMETRIC TECHNOLOGY SA,5599,6202A,ETI,38028008100387,O,2026-05-12T14:11:59,Metz
6261,501292999,H. C. LOR,5710,8299Z,ETI,50129299900015,O,2025-12-06T05:21:26,Metz
6262,922534896,SELARL DU DR HOLLARD-KISSEL,5485,8621Z,PME,92253489600019,O,2025-12-06T06:03:31,Metz
6263,958501009,MAHLE AFTERMARKET FRANCE SAS,5710,4531Z,ETI,95850100900129,O,2025-12-06T05:16:19,Metz
6264,777346479,SCHMIT SAICA,5710,4669B,PME,77734647900028,O,2025-12-06T06:28:01,Metz
6265,879101541,SOVITRAT 47,5710,7820Z,ETI,87910154100016,O,2025-12-06T07:30:56,Metz
6266,798915047,INDUSTEAM NORD,5710,3311Z,ETI,79891504700079,O,2025-12-06T05:14:59,Metz
6267,801607375,FOURBABY,5499,4771Z,PME,80160737500046,O,2026-06-30T13:15:54,Metz
6268,381768506,EXETECH,5710,6621Z,ETI,38176850600028,O,2026-01-08T08:25:27,Metz
6269,340668656,SOC LORRAINE INVESTISSEM HOTELIER,5710,5510Z,PME,34066865600028,O,2025-12-06T09:46:32,Metz
6270,321315814,LOTTO SPORT FRANCE,5499,4616Z,PME,32131581400152,O,2025-12-06T07:16:22,Besancon
6271,888436698,ECOLIMNEAU,5499,7112B,PME,88843669800037,O,2025-12-06T05:41:11,Orleans
6272,301894887,SOCIETE DES MATERIAUX DE BEAUCE,5710,0812Z,PME,30189488700068,O,2025-12-06T05:17:01,Orleans
6273,302304068,AALBERTS HFC COMAP SA,5599,2814Z,ETI,30230406800232,O,2026-04-30T11:32:12,Orleans
6274,085880037,LA REPUBLIQUE DU CENTRE,5599,5813Z,ETI,08588003700206,O,2025-12-06T05:43:28,Orleans
6275,086080561,COMPTOIR BARILLET DES BOIS ET MATERIAUX,5710,4673A,ETI,08608056100060,O,2026-03-20T12:31:40,Orleans
6276,086180023,TRANSPORTS LUCIEN ROBINET,5710,4941A,PME,08618002300037,O,2025-12-06T05:46:12,Orleans
6277,317218758,WORLDLINE IGSA,5599,7010Z,ETI,31721875800165,O,2025-12-06T05:25:38,Orleans
6278,311834105,RAMBACH,5710,4520B,PME,31183410500018,O,2025-12-06T06:41:58,Orleans
6279,317747731,PRODIA,5710,1092Z,ETI,31774773100048,O,2025-12-06T05:25:12,Orleans
6280,318826716,JEAN MIRMONT,5710,3320B,ETI,31882671600082,O,2025-12-06T05:14:33,Orleans
6281,848360178,LA CHAUSSEE,5499,4711E,PME,84836017800075,O,2026-02-23T19:02:43,Orleans
6282,562881474,ESO IDF NORMANDIE,5499,3314Z,ETI,56288147400083,O,2025-12-06T05:16:07,Orleans
6283,910793892,MASCHKE LOGISTICS,5710,7711A,PME,91079389200019,O,2025-12-06T05:41:18,Orleans
6284,912976255,UMAN CONTROL,5710,7120B,PME,91297625500071,O,2025-12-06T05:39:49,Orleans
6285,451094817,NAPOLEON,5499,4778A,PME,45109481700058,O,2025-12-06T05:43:29,Mulhouse
6286,451187496,EA,5499,7820Z,PME,45118749600075,O,2026-05-28T10:00:58,Mulhouse
6287,901531889,OH CONSEILS,5710,7022Z,PME,90153188900011,O,2025-12-06T05:21:37,Mulhouse
6288,902405364,A2S INTERIM,5710,7820Z,PME,90240536400016,O,2025-12-06T07:37:24,Mulhouse
6289,848468708,IMPACT DEVELOPPEMENT,5710,6420Z,PME,84846870800047,O,2025-12-06T10:56:42,Mulhouse
6290,848652798,LSA 67,5499,9609Z,PME,84865279800010,O,2025-12-06T07:14:32,Mulhouse
6291,900005307,ALSACETERMINAL,5710,5222Z,PME,90000530700021,O,2025-12-06T05:34:15,Mulhouse
6292,904462975,CUSTOMS 4 ALL,5710,5229B,PME,90446297500049,O,2025-12-12T17:00:48,Mulhouse
6293,801773383,CROUSTY'PAIN 1,5710,1071C,PME,80177338300014,O,2025-12-06T06:13:49,Mulhouse
6294,802548974,DIGITAL GRAPHIC STUDIO CREATION,5499,6202A,PME,80254897400012,O,2025-12-06T08:03:41,Mulhouse
6295,794536029,MATEQUIP BTP,5499,4663Z,PME,79453602900018,O,2025-12-06T05:39:56,Mulhouse
6296,786505065,AUTO-ECOLE DENISE,5710,8553Z,PME,78650506500031,O,2025-12-06T06:48:39,Mulhouse
6297,514836196,DIGIVET,5710,6420Z,ETI,51483619600048,O,2025-12-06T06:10:24,Caen
6298,528597081,BRUXLENPONT ENERGY,5710,3511Z,ETI,52859708100066,O,2025-12-16T09:00:42,Caen
6299,753652387,ADSAD NORMANDIE,5499,8810A,PME,75365238700022,O,2025-12-06T05:40:26,Caen
6300,757800032,CAOUTCHOUC MANUF ET PLASTIQUES INDUSTRIE,5710,4669B,PME,75780003200125,O,2025-12-06T06:34:15,Caen
6301,723820817,JW AUTO,5710,4511Z,ETI,72382081700085,O,2026-01-13T13:20:24,Caen
6302,532671310,LOCAGERE 56,5499,6831Z,PME,53267131000078,O,2025-12-06T06:19:29,Caen
6303,483277851,PELEIA 4,5710,3511Z,ETI,48327785100059,O,2025-12-06T08:17:51,Caen
6304,848370763,MARTAIZE ENERGIE,5710,3511Z,ETI,84837076300015,O,2025-12-06T05:12:48,Caen
6305,904036704,LATYPICAEN,5499,4759B,PME,90403670400024,O,2026-05-26T19:00:42,Caen
6306,800732745,ATTINEOS,5710,6201Z,ETI,80073274500016,O,2025-12-06T05:15:11,Caen
6307,839805645,AGJ FOOD 14,5499,5610A,PME,83980564500034,O,2025-12-06T05:40:34,Caen
6308,831422209,L'ATELIER D'AMAYA NANTES,5710,4777Z,PME,83142220900013,O,2026-06-03T11:05:15,Caen
6309,832854111,BINHAPPY,5710,3811Z,PME,83285411100057,O,2025-12-06T05:20:48,Caen
6310,350750303,SOC BERGEROT,5499,4779Z,PME,35075030300025,O,2025-12-06T08:32:37,Nancy
6311,437849631,K-NET,5710,6110Z,PME,43784963100167,O,2025-12-23T13:15:00,Nancy
6312,387806664,FINEST FRANCE SA,5599,4772A,PME,38780666400091,O,2025-12-06T06:19:19,Nancy
6313,387852908,WEGA,5499,1413Z,PME,38785290800160,O,2025-12-06T07:38:43,Nancy
6314,413890088,LAVALETTE AVOCATS CONSEILS-SOCIETE CIVILE PROFESSIONNELLE D'AVOCATS,6561,6910Z,PME,41389008800060,O,2025-12-06T08:07:51,Poitiers
6315,377701685,L'ATELIER DU PAIN,5499,1071C,PME,37770168500051,O,2025-12-06T05:57:58,Poitiers
6316,353645294,GROUPE IMMOBILIER AMI,5710,6831Z,PME,35364529400011,O,2025-12-06T06:41:58,Poitiers
6317,379418163,TP GROUP,5710,6420Z,PME,37941816300026,O,2025-12-06T07:05:11,Poitiers
6318,351482203,PAREXEL INTERNATIONAL,5499,7211Z,ETI,35148220300111,O,2025-12-06T10:04:47,Poitiers
6319,443194733,ACEASCOP FORMASCOPE,5560,7022Z,PME,44319473300012,O,2025-12-06T05:40:47,Poitiers
6320,428196281,S.V.S.,5499,4941B,PME,42819628100078,O,2025-12-06T06:22:50,Poitiers
6321,340049485,LA PETITE FRANCE,5710,5621Z,PME,34004948500014,O,2025-12-06T05:39:54,Poitiers
6322,391709227,IMMOBILIERE SUD-ATLANTIQUE,5710,4299Z,ETI,39170922700113,O,2026-03-13T12:31:45,Poitiers
6323,391984176,AUTO ECOLE GARCIA EURL,5499,8553Z,PME,39198417600043,O,2025-12-06T06:00:33,Poitiers
6324,389830803,OPB,5710,3511Z,PME,38983080300018,O,2025-12-06T05:24:21,Poitiers
6325,381787563,BOIS ET CUISINES DU LIMOUSIN,5499,3102Z,PME,38178756300018,O,2025-12-06T10:52:43,Poitiers
6326,324730415,LEM,5710,3511Z,PME,32473041500050,O,2025-12-06T06:29:15,Poitiers
6327,317526382,LES MAISONS ALAIN METRAL SARL,5499,4120A,PME,31752638200153,O,2025-12-06T06:27:38,Annecy
6328,318545704,ALPES SECURITE,5710,8010Z,ETI,31854570400062,O,2025-12-06T10:52:43,Annecy
6329,399818087,TISMAIL,5710,1431Z,PME,39981808700021,O,2025-12-06T08:15:02,Annecy
6330,377659636,NOVASANIT,5599,4674B,ETI,37765963600023,O,2025-12-06T07:26:28,Annecy
6331,439820317,SWAD,5499,6201Z,PME,43982031700030,O,2025-12-06T05:40:25,Annecy
6332,440296721,FEERIE,5499,9002Z,PME,44029672100028,O,2026-01-08T16:28:16,Annecy
6333,380177303,SARL LE CRET DE LA TORCHE,5710,6820B,PME,38017730300027,O,2025-12-06T08:32:08,Annecy
6334,501221063,LES LYS,5499,5610A,PME,50122106300016,O,2025-12-06T07:18:48,Annecy
6335,501285720,PERRIN STORES ET BACHES,5499,4332A,PME,50128572000014,O,2025-12-06T10:49:22,Annecy
6336,501289706,GUEUDET ALLIANCE HAUTE-SAVOIE,5710,4511Z,ETI,50128970600027,O,2026-06-03T11:05:14,Annecy
6337,501717607,AUTOCARS BALLANFAT,5710,4939A,PME,50171760700037,O,2025-12-06T08:03:40,Annecy
6338,440924520,ALAIN BONNEFOY-CLAUDET GEST-IMMOBILIERE,5710,6831Z,PME,44092452000040,O,2026-05-28T13:13:05,Annecy
6339,441279023,ALAIN STUCK,5499,9602A,PME,44127902300010,O,2025-12-06T06:21:52,Annecy
6340,329287015,ICKO APICULTURE,5710,4752B,ETI,32928701500245,O,2026-04-22T13:11:49,Paris
6341,394747703,LA TARTE TROPEZIENNE,5710,1071C,PME,39474770300236,O,2026-06-24T13:07:26,Paris
6342,332037662,J.M. WESTON,5710,1520Z,ETI,33203766200092,O,2025-12-06T06:13:32,Paris
6343,382515781,POLYEXPERT CONSTRUCTION,5710,7112B,ETI,38251578100146,O,2026-03-20T09:00:36,Paris
6344,323752295,RESITEL,5599,5520Z,ETI,32375229500176,O,2025-12-06T05:16:50,Paris
6345,447881780,ARCHIVES GENEALOGIQUES ANDRIVEAU,5710,6910Z,PME,44788178000012,O,2025-12-06T06:59:10,Paris
6346,448085225,LEVERT,5499,4942Z,PME,44808522500044,O,2026-03-03T19:00:35,Paris
6347,334750130,EUROFEU SECURITE,5710,4669B,ETI,33475013000083,O,2026-07-01T13:46:45,Paris
6348,391951589,TGS FRANCE AVOCATS,5499,6910Z,PME,39195158900376,O,2026-02-26T12:32:37,Paris
6349,393367867,M2I SCRIBTEL,5499,8559A,ETI,39336786700214,O,2026-06-15T13:30:52,Paris
6350,531935088,GROUPE ST2J,5499,4778C,PME,53193508800082,O,2026-06-12T15:01:15,Paris
6351,533327094,PMS,5499,8542Z,ETI,53332709400041,O,2025-12-06T05:20:47,Paris
6352,902633726,MARS,5710,3511Z,PME,90263372600218,O,2025-12-06T07:12:23,Lyon
6353,798839759,SUNRENTE INVESTISSEMENT FRANCE,5499,4321A,PME,79883975900213,O,2025-12-06T06:26:53,Lyon
6354,571722669,LYRECO FRANCE,5710,4649Z,ETI,57172266900264,O,2025-12-06T05:25:14,Marseille
6355,390589133,SUD PREVENTION SECURITE,5710,8553Z,ETI,39058913300086,O,2025-12-06T05:39:25,Marseille
6356,790220339,MVM,5710,4778C,PME,79022033900119,O,2025-12-06T09:32:00,Marseille
6357,509043055,ARENA FRANCE RETAIL,5499,4764Z,PME,50904305500011,O,2025-12-06T09:30:23,Marseille
6358,491182192,VINOVALIE,6317,1102B,PME,49118219200113,O,2025-12-06T06:03:45,Toulouse
6359,517715975,FALCK FRANCE,5710,8010Z,ETI,51771597500143,O,2025-12-29T16:00:32,Toulouse
6360,514987742,ILEO INVEST 7,5710,3511Z,ETI,51498774200368,O,2025-12-06T09:05:14,Toulouse
6361,525252276,SAS JACINTHE,5710,3511Z,ETI,52525227600189,O,2025-12-06T10:34:37,Toulouse
6362,528968936,SUN PREMIER FRANCE 2035,5710,3511Z,PME,52896893600013,O,2025-12-06T05:12:47,Toulouse
6363,570801662,SOCIETE D'EDITION DE LA PRESSE REGIONALE,5599,5814Z,ETI,57080166200141,O,2026-03-17T18:44:55,Lille
6364,420848673,SARL GECTURE,5499,5510Z,PME,42084867300026,O,2025-12-06T05:37:48,Lille
6365,424653566,BELFOR (FRANCE) REHABILITATION,5710,4333Z,ETI,42465356600077,O,2026-06-03T11:05:13,Lille
6366,453426801,BORALEX SAINT PATRICK,5710,3511Z,ETI,45342680100107,O,2025-12-06T07:57:52,Lille
6367,489329805,SINEQUAE,5710,6910Z,PME,48932980500134,O,2026-06-04T13:15:28,Lille
6368,803612175,FACILIT'RAIL FRANCE,5710,5629A,ETI,80361217500064,O,2025-12-06T05:41:25,Lille
6369,511239915,BIO HABITAT,5710,2920Z,ETI,51123991500016,O,2026-07-20T18:31:32,Lille
6370,519037253,TRUSTTEAM,5710,6201Z,PME,51903725300043,O,2026-05-12T14:12:01,Lille
6371,329415046,PBC,5710,8559A,PME,32941504600203,O,2025-12-06T11:24:23,Bordeaux
6372,528471980,IRO,5710,4642Z,PME,52847198000193,O,2025-12-06T05:41:24,Bordeaux
6373,795039528,QUALCOMM FRANCE,5499,7219Z,PME,79503952800174,O,2026-06-29T19:26:08,Bordeaux
6374,811983469,RESA R,5710,7912Z,PME,81198346900024,O,2025-12-29T13:18:24,Nantes
6375,948417290,SODIGE OUEST,5710,4711B,ETI,94841729000012,O,2026-07-22T11:00:24,Nantes
6376,878303007,AMNESIA,5710,4637Z,PME,87830300700016,O,2025-12-06T06:23:30,Nantes
6377,006280309,COMPTOIR ATLANTIQUE DONGEOIS DE DISTRIBUTION ET D 'APPROVISIONNEMENTS DE CONSTRUCTION C.A.D.D.A.C.,5710,2363Z,ETI,00628030900102,O,2025-12-06T05:43:36,Nantes
6378,662821008,DIMO,5710,4649Z,PME,66282100800080,O,2026-03-03T13:00:59,Strasbourg
6379,392943106,MARECHALLE PESAGE,5710,3320B,PME,39294310600162,O,2026-08-06T09:09:26.001,Strasbourg
6380,892489337,MESARTISANS.FR,5710,6820B,PME,89248933700014,O,2025-12-06T06:48:25,Strasbourg
6381,301161071,THEOBALD MOTIONS,5710,4520A,ETI,30116107100040,O,2026-04-03T13:20:02,Strasbourg
6382,316548353,SYNCHRONY LOGISTIQUE,5710,5210B,PME,31654835300069,O,2025-12-06T09:24:16,Strasbourg
6383,499571487,B2M ECONOMISTE,5499,7490A,PME,49957148700085,O,2026-07-14T13:08:35,Strasbourg
6384,498666007,IMAGIS 67,5485,8621Z,PME,49866600700014,O,2026-04-15T10:01:02,Strasbourg
6385,508886132,SOLVEO ENERGIES,5710,7112B,ETI,50888613200010,O,2025-12-06T05:25:14,Strasbourg
6386,395344682,AUTOMOBILE CLUB PREVENTION SIFA,5710,8553Z,PME,39534468200111,O,2025-12-06T05:41:23,Strasbourg
6387,450376603,SYNLAB MIDI,6599,8690B,ETI,45037660300087,O,2025-12-06T07:00:18,Montpellier
6388,431552579,ISOEDRE INGENIERIE,5710,7111Z,PME,43155257900192,O,2026-04-10T10:27:08,Montpellier
6389,437813835,T.M.F. TRANSPORTS,5710,4941A,ETI,43781383500125,O,2026-05-04T15:01:15,Montpellier
6390,530562115,YNOV,5710,7022Z,ETI,53056211500101,O,2025-12-06T05:38:35,Montpellier
6391,572224863,SOFRALAB,5710,2014Z,ETI,57222486300041,O,2026-07-10T13:06:53,Montpellier
6392,421426479,PHINELEC,5710,9522Z,ETI,42142647900083,O,2026-02-26T12:01:05,Montpellier
6393,429167190,OCEAN,5710,8129B,PME,42916719000033,O,2025-12-06T05:15:22,Montpellier
6394,480393164,HYPER SAINT AUNES,5710,4711F,ETI,48039316400011,O,2025-12-06T06:17:12,Montpellier
6395,502629009,NATURALIA ENVIRONNEMENT,5710,7112B,PME,50262900900130,O,2026-03-20T13:11:14,Montpellier
6396,508018025,ENDRIX SOC,5710,6920Z,ETI,50801802500033,O,2025-12-06T10:07:26,Montpellier
6397,504584889,C.C.E ENERGIES,5710,3511Z,PME,50458488900142,O,2025-12-06T05:25:14,Montpellier
6398,912541141,LP AUDIT,5710,7112B,PME,91254114100053,O,2025-12-06T07:24:29,Rennes
6399,919489393,PRIME EVOLUTION,5710,7112B,PME,91948939300117,O,2025-12-06T06:57:34,Rennes
6400,392525176,BRETAGRI,5710,4661Z,ETI,39252517600021,O,2026-08-10T13:00:53.133,Rennes
6401,393707153,CITY ONE,5710,8299Z,ETI,39370715300051,O,2026-08-06T09:09:23.730,Rennes
6402,480103084,SARL AQUA COTENTIN,5499,9601B,PME,48010308400012,O,2025-12-06T06:16:54,Rennes
6403,441613353,ATLANTIC APPRO,6220,4675Z,PME,44161335300032,O,2025-12-06T05:19:50,Rennes
6404,501331862,MODERNE AUDITION SAS,5710,4774Z,PME,50133186200018,O,2026-06-19T13:09:30,Rennes
6405,663620052,AUTOCARS FAURE,5710,4939A,ETI,66362005200030,O,2025-12-06T05:23:28,Grenoble
6406,819803909,DUO'COM,5710,7021Z,ETI,81980390900046,O,2026-03-05T11:37:02,Grenoble
6407,921613055,L.V.A AMEUBLEMENT,5710,4759A,PME,92161305500018,O,2026-04-27T13:11:13,Grenoble
6408,902872688,SELARL DU DOCTEUR RACHEL SEMECAS,5485,8621Z,PME,90287268800012,O,2025-12-06T06:15:10,Grenoble
6409,913269973,CLOUDITY,5710,6202A,ETI,91326997300016,O,2025-12-06T05:25:15,Grenoble
6410,814232021,RIQUET SPORT,5710,7721Z,PME,81423202100018,O,2025-12-06T10:01:54,Grenoble
6411,818047862,A.P.G. WASH,5710,4520A,PME,81804786200052,O,2026-04-21T13:56:52,Grenoble
6412,823267414,AGORA ECN,5710,8542Z,PME,82326741400022,O,2025-12-06T05:19:51,Grenoble
6413,833570880,BIOSSUN SOLUTIONS,5710,2512Z,ETI,83357088000017,O,2025-12-06T05:08:37,Grenoble
6414,853841211,SCIC PETITE ENFANCE EN MATHEYSINE,6901,8891A,PME,85384121100016,O,2026-06-26T13:15:35,Grenoble
6415,848462800,CASH MACHINE,5710,9601B,PME,84846280000071,O,2025-12-06T05:41:25,Grenoble
6416,532471992,LOCAGERE,5499,5814Z,PME,53247199200018,O,2025-12-06T05:20:29,Rouen
6417,797748209,VAP'STATION 3,5710,4778C,PME,79774820900054,O,2026-03-31T08:00:24,Rouen
6418,799143540,BAGEL CHEF,5710,5610C,PME,79914354000158,O,2026-04-16T13:09:59,Rouen
6419,670500560,AVENEL SAS,5710,4321A,ETI,67050056000032,O,2025-12-06T05:39:11,Rouen
6420,785561572,SACCOF PACKAGING,5499,4676Z,ETI,78556157200062,O,2025-12-06T08:29:16,Rouen
6421,811489343,NOW COWORKING,5710,8211Z,PME,81148934300087,O,2025-12-06T05:15:11,Rouen
6422,812398881,BS INVEST,5710,2920Z,PME,81239888100027,O,2025-12-06T08:03:27,Rouen
6423,829066075,MEDIACTION EXPERTISES,5710,7490B,PME,82906607500013,O,2025-12-06T06:30:12,Rouen
6424,844980763,BIM ARCHI TECH (ARCHITECTURE ET TECHNIQUE),5499,7112B,PME,84498076300016,O,2026-03-30T17:00:53,Rouen
6425,327860052,ALIREST,5499,4638B,PME,32786005200015,O,2025-12-06T05:39:25,Dijon
6426,353351059,GUACAMAYA,5499,4719B,PME,35335105900079,O,2025-12-06T06:29:22,Dijon
6427,442934857,A.R.G.E.,5710,8020Z,PME,44293485700032,O,2025-12-06T11:32:17,Dijon
6428,444594311,B27-AI,5710,7112B,PME,44459431100029,O,2025-12-06T06:00:55,Dijon
6429,438440760,CARBILLET GASTRONOMIE,5710,1071D,PME,43844076000025,O,2025-12-06T05:40:47,Dijon
6430,437663180,SYFADIS,5710,5829A,PME,43766318000093,O,2025-12-06T08:29:16,Dijon
6431,513860932,GROUPE QUINTESENS,5710,7022Z,ETI,51386093200195,O,2026-05-13T16:31:48,Dijon
6432,535520555,SABEVI,5710,2363Z,ETI,53552055500017,O,2025-12-06T05:13:43,Dijon
6433,535820526,ALPHONSE CHARPIOT ET COMPAGNIE,5710,5229B,ETI,53582052600239,O,2026-01-19T13:13:22,Dijon
6434,537983439,SARL 36 CARNOT COURTAGE,5499,6619B,ETI,53798343900036,O,2026-06-04T13:01:10,Dijon
6435,530903442,CARREMENT AUTOMOBILES,5710,4511Z,PME,53090344200024,O,2025-12-06T05:12:03,Dijon
6436,421314147,SOC DES CALCAIRES DE COTE D'OR,5599,0812Z,ETI,42131414700032,O,2025-12-06T05:19:59,Dijon
6437,421881160,ABC TELEPHONIE ET INFORMATIQUE,5499,6110Z,PME,42188116000087,O,2026-05-12T19:01:13,Dijon
6438,419896196,SEME,5599,4759A,PME,41989619600013,O,2025-12-06T10:39:57,Dijon
6439,775609290,BISCOTTE PASQUIER,5710,1072Z,ETI,77560929000090,O,2025-12-06T09:57:05,Angers
6440,818246316,ENTECH,5599,3320D,PME,81824631600041,O,2026-01-21T12:00:33,Angers
6441,823851407,SOURCE TOURS,5710,7022Z,PME,82385140700010,O,2025-12-06T07:40:01,Angers
6442,824466023,ADRIDAPH,5710,6630Z,PME,82446602300010,O,2025-12-12T19:01:32,Angers
6443,832120919,PMH BOX,5710,6820B,PME,83212091900010,O,2025-12-06T05:37:57,Angers
6444,834760308,PROFILAGE INTERIM,5710,7820Z,PME,83476030800124,O,2025-12-19T14:00:36,Angers
6445,834811077,MEDIACLINIC,5710,4741Z,PME,83481107700066,O,2025-12-06T07:32:52,Angers
6446,833853443,LAVERIE DE ROCHEBONNE,5710,9601B,PME,83385344300053,O,2025-12-06T06:22:58,Angers
6447,834076457,SUSHI COUCOU,5710,5610C,PME,83407645700037,O,2025-12-06T06:19:38,Angers
6448,838386787,LOCAKASE CENTRE VAL DE LOIRE,5710,5210B,PME,83838678700058,O,2025-12-06T05:12:33,Angers
6449,877537407,AB MECA AUTO,5710,4520A,PME,87753740700018,O,2026-07-22T17:00:42,Angers
6450,850423930,MAID4U,5499,8810A,PME,85042393000013,O,2025-12-06T08:11:08,Angers
6451,852621929,MARIE POPPINS,5710,8891A,PME,85262192900011,O,2025-12-06T07:07:26,Angers
6452,300163896,DE SANGOSSE,5710,4675Z,ETI,30016389600016,O,2025-12-06T05:14:33,Nimes
6453,308530872,DISTRI-SERVICE,5710,4754Z,PME,30853087200115,O,2026-04-03T13:19:24,Nimes
6454,334691813,WESTFALIA FRUIT FRANCE,5710,4631Z,ETI,33469181300052,O,2025-12-06T07:10:18,Nimes
6455,334821097,AUTO BILAN SYSTEMS,5710,7120A,PME,33482109700089,O,2026-01-29T13:14:35,Nimes
6456,332874726,CEVENNES DISTRIBUTION AUTOMOBILES,5499,4531Z,PME,33287472600059,O,2025-12-06T05:13:41,Nimes
6457,330385634,SOC DES GRANDS GARAGES DU GARD,5599,4511Z,ETI,33038563400010,O,2025-12-06T05:14:45,Nimes
6458,330573775,AKANEA DEVELOPPEMENT,5710,5829C,ETI,33057377500229,O,2025-12-06T05:24:12,Nimes
6459,414325308,BRUNO FRANCOIS HOLDING,5710,6420Z,PME,41432530800081,O,2025-12-06T05:41:09,Nimes
6460,414346338,SAS CAUMES ARMATURES,5710,2593Z,PME,41434633800026,O,2025-12-06T07:37:00,Nimes
6461,339403610,MAISON TAMISIER,5710,1071C,PME,33940361000019,O,2025-12-06T05:20:18,Nimes
6462,380000547,SARL SCIAFOR DU LANGUEDOC,5499,4399C,PME,38000054700022,O,2025-12-06T08:29:15,Nimes
6463,803460963,CCV 35,5202,4771Z,PME,80346096300017,O,2025-12-06T06:18:17,Clermont-Ferrand
6464,808498620,TRANS G.V,5499,8690A,PME,80849862000075,O,2025-12-06T11:10:58,Clermont-Ferrand
6465,504176025,LE NEMROD,5499,6810Z,PME,50417602500030,O,2025-12-12T11:01:42,Clermont-Ferrand
6466,498686666,PS1,5499,9311Z,PME,49868666600039,O,2026-03-26T13:25:54,Clermont-Ferrand
6467,508917366,TMS INTERNATIONAL FRANCE,5710,3832Z,PME,50891736600074,O,2025-12-06T05:25:14,Clermont-Ferrand
6468,494798333,BIKE TO BUSINESS,5499,4540Z,ETI,49479833300014,O,2026-06-03T11:05:14,Clermont-Ferrand
6469,494871650,SOCIETE TRIO GMT,5710,6420Z,PME,49487165000086,O,2025-12-06T06:27:46,Clermont-Ferrand
6470,524875010,ALTUNTAS MIDI PRIMEUR,5499,4781Z,PME,52487501000018,O,2026-07-03T11:58:18,Clermont-Ferrand
6471,514287903,SOCIETE D'ETUDES ET CONSEILS POUR LES ENTREPRISES,5499,7022Z,PME,51428790300017,O,2025-12-06T05:53:38,Clermont-Ferrand
6472,520579335,MACH 10,5710,4663Z,ETI,52057933500024,O,2025-12-06T05:25:14,Clermont-Ferrand
6473,753594332,SH FRANCE RHONE EST,5710,5510Z,ETI,75359433200011,O,2025-12-06T05:23:01,Clermont-Ferrand
6474,750973612,COFFRATECH EQUIPEMENTS,5710,4663Z,PME,75097361200054,O,2026-02-16T13:09:14,Clermont-Ferrand
6475,749847349,ALL-ROAD,5710,4663Z,ETI,74984734900059,O,2025-12-06T05:15:23,Clermont-Ferrand
6476,532882149,POM' BANANA RIOM,5499,4711D,PME,53288214900034,O,2025-12-24T13:08:38,Clermont-Ferrand
6477,533590568,INFASS SYSTEMES,5710,5829C,PME,53359056800028,O,2025-12-06T05:22:34,Clermont-Ferrand
6478,752520742,CONTROLE TECHNIQUE D'HERBAULT,5499,7120A,PME,75252074200012,O,2026-08-11T11:31:45.720,Tours
6479,908758105,SARRION GLOBAL ENERGIES,5710,3511Z,ETI,90875810500013,O,2026-08-11T16:00:30.482,Tours
6480,316112317,MA-GEO,5785,7112A,PME,31611231700029,O,2025-12-06T05:40:39,Tours
6481,312309164,SABLIERES PLOUX FRERES,5499,0812Z,PME,31230916400019,O,2025-12-06T11:13:20,Tours
6482,845025949,CAPU'SIGNE,5499,8891A,PME,84502594900056,O,2025-12-06T09:20:00,Tours
6483,344040761,ASSISTANCE TRAVAUX POUR ENVIRON PROPRETE,5710,3811Z,PME,34404076100084,O,2025-12-06T05:17:01,Metz
6484,393004734,FIMUREX PLANCHERS,5710,2434Z,ETI,39300473400066,O,2025-12-06T05:16:40,Metz
6485,394764856,FERMETURES BENOIT SCHEMEL,5499,4332B,PME,39476485600040,O,2025-12-06T06:18:47,Metz
6486,409065984,KELIAS,5710,2599B,ETI,40906598400018,O,2026-03-13T14:00:56,Metz
6487,410206064,ROSE PASSION,5499,4532Z,PME,41020606400033,O,2026-07-01T13:46:46,Metz
6488,412374894,FONCIERES & TERRITOIRES,5710,6831Z,PME,41237489400076,O,2025-12-06T09:42:24,Metz
6489,403008089,FEDERAL MOGUL AFTERMARKET FRANCE,5710,4531Z,ETI,40300808900092,O,2025-12-06T05:25:21,Metz
6490,403155500,MICHEL LOCATION,5499,5229B,ETI,40315550000099,O,2025-12-06T07:42:31,Metz
6491,388589269,SECAFI EXPERTISE,5599,6920Z,ETI,38858926900058,O,2025-12-06T05:43:51,Metz
6492,443109665,NOVARCHIVE EST,5499,5210B,ETI,44310966500069,O,2025-12-06T06:34:08,Metz
6493,443138672,PIODI POMPES FUNEBRES ET MARBRERIE,5710,9603Z,PME,44313867200029,O,2025-12-06T10:50:33,Metz
6494,451489181,ENERGIEQUELLE AU VENT,5499,3511Z,PME,45148918100060,O,2025-12-06T05:46:13,Metz
6495,309277275,AUDIT CONSEIL EXPERTISE EN ABREGE ACE,5710,6920Z,PME,30927727500074,O,2025-12-06T05:53:45,Besancon
6496,309950855,CENTRE ELECTRONIQUE DE L'AUDIO-VISUEL & DES TRANSMISSIONS,5710,9512Z,PME,30995085500119,O,2025-12-06T05:37:39,Besancon
6497,310403340,COUVREST,5710,4399A,ETI,31040334000030,O,2026-02-11T13:13:49,Besancon
6498,334916152,SOC ELECTRIQUE DU BLANC MURGER,5710,3511Z,PME,33491615200047,O,2026-02-09T16:45:35,Besancon
6499,332652155,REYNOLDS EUROPEAN,5710,4672Z,ETI,33265215500125,O,2025-12-06T05:43:28,Besancon
6500,333583045,AUX POISSONS DE MER,5710,4723Z,PME,33358304500054,O,2025-12-06T07:32:42,Besancon
6501,318746781,SA PRETRE ET FILS,5710,3320D,PME,31874678100034,O,2026-07-09T10:00:49,Besancon
6502,319161980,ETS CUCHE,5499,4754Z,PME,31916198000028,O,2025-12-06T05:20:09,Besancon
6503,320168396,TRAVAUX PUBLICS MOUROT,5710,4221Z,PME,32016839600010,O,2025-12-06T06:22:24,Besancon
6504,477581318,SUPERGA INVEST,5710,7010Z,ETI,47758131800102,O,2025-12-06T10:50:08,Orleans
6505,478693351,GROUPE TEMPO,5499,7820Z,PME,47869335100015,O,2025-12-06T05:54:17,Orleans
6506,505014274,BAYWA R.E. SOLAR SYSTEMS,5710,4669A,ETI,50501427400094,O,2025-12-06T05:43:29,Orleans
6507,509447181,HELIO LOGISTIQUE,5499,3511Z,PME,50944718100058,O,2025-12-06T05:51:37,Orleans
6508,509642211,PARTNAIRE 10,5710,7820Z,ETI,50964221100064,O,2026-07-27T17:00:32,Orleans
6509,491041711,CFG INTERIM,5710,7820Z,ETI,49104171100038,O,2025-12-06T05:14:35,Orleans
6510,324590413,AAREON FRANCE,5710,5829C,ETI,32459041300104,O,2025-12-06T05:15:33,Orleans
6511,313040933,ACTION PALETTES PLUS,5499,3319Z,PME,31304093300076,O,2025-12-06T11:07:47,Orleans
6512,352176440,SOCIETE D'EXERCICE LIBERAL A RESPONSABILITE LIMITEE MAY AUDIT ET CONSEIL,5485,6910Z,PME,35217644000092,O,2025-12-06T11:15:51,Orleans
6513,400300190,GLOBANT FRANCE,5710,6201Z,ETI,40030019000107,O,2025-12-06T07:50:38,Orleans
6514,397427808,FINANCIERE D INVESTISSEMENT HOTELIER,5710,5510Z,ETI,39742780800134,O,2025-12-06T05:14:34,Orleans
6515,393690441,DFM GRAND EST,5710,4651Z,ETI,39369044100109,O,2026-02-13T13:31:29,Orleans
6516,792451478,OCYTRANS,5710,5229A,PME,79245147800095,O,2025-12-06T06:15:09,Mulhouse
6517,792492498,CABINET GEOMEX,5499,7112A,PME,79249249800045,O,2025-12-06T05:38:28,Mulhouse
6518,831941604,THE FIVE,5499,5610A,PME,83194160400017,O,2025-12-06T05:40:04,Mulhouse
6519,834566812,SELARL DU DOCTEUR JOHN SHAYNE,5485,8622C,PME,83456681200014,O,2025-12-06T07:17:18,Mulhouse
6520,832769087,CRECHES EXPANSION BALDERSHEIM,5499,8891A,ETI,83276908700020,O,2025-12-06T05:12:33,Mulhouse
6521,833127780,TWO WAY,5499,7022Z,PME,83312778000041,O,2025-12-06T08:13:45,Mulhouse
6522,832722680,DESTINA OPTIQUE,5499,4778A,PME,83272268000010,O,2026-06-04T13:14:22,Mulhouse
6523,790368351,NICOLAS COIFFURE,5710,9602A,PME,79036835100017,O,2025-12-06T06:24:34,Mulhouse
6524,751619479,MAMMA MOZZA,5499,5610A,PME,75161947900049,O,2025-12-06T05:40:18,Mulhouse
6525,539812966,L'ETABLE GOURMANDE,5499,4722Z,PME,53981296600015,O,2025-12-06T06:26:08,Mulhouse
6526,842107039,JELLEJ JOUETS,5710,4765Z,PME,84210703900518,O,2025-12-06T08:03:28,Mulhouse
6527,842176877,IMAGIN'HAIR COIFFURE ET ESTHETIQUE,5710,9602A,PME,84217687700012,O,2025-12-06T08:53:42,Mulhouse
6528,843044330,IDPOC,5710,7211Z,PME,84304433000010,O,2026-07-27T13:19:58,Mulhouse
6529,840710487,SARL ECOLE DE DANS MARC FABRICI,5499,8552Z,PME,84071048700017,O,2025-12-06T10:47:59,Mulhouse
6530,841090764,JANE,5710,4772A,PME,84109076400025,O,2025-12-06T05:46:44,Mulhouse
6531,838308617,TRAJECTOIRE,5485,6910Z,PME,83830861700037,O,2025-12-06T05:20:48,Caen
6532,628502239,ISRI-FRANCE,5710,2932Z,ETI,62850223900062,O,2025-12-06T09:27:57,Caen
6533,851985135,SAMFI 12,5710,3511Z,PME,85198513500017,O,2025-12-06T10:41:43,Caen
6534,841813777,CAZARELS GESTION,5499,6820A,PME,84181377700015,O,2025-12-06T06:24:10,Caen
6535,842301509,TRANSPORTS TFLT,5710,4941B,ETI,84230150900019,O,2025-12-06T07:49:59,Caen
6536,842406720,YMCA,5710,4774Z,PME,84240672000016,O,2025-12-06T06:15:35,Caen
6537,844261370,JUPIPAS,5499,6820B,PME,84426137000010,O,2025-12-06T05:40:26,Caen
6538,840957518,SOLEIA 44,5710,3511Z,ETI,84095751800011,O,2025-12-06T06:29:03,Caen
6539,882928740,LET IT SPEAK,5710,8559B,PME,88292874000050,O,2026-06-22T13:14:47,Caen
6540,889014528,DOCTEUR MARIE RECORBET,5485,8622C,PME,88901452800018,O,2025-12-06T05:21:47,Caen
6541,893225813,SAINTE CLAIRE VOYAGES NORMANDIE,5710,7911Z,PME,89322581300011,O,2025-12-06T06:22:52,Caen
6542,892274911,SOFRILOG TRANSPORT CHOLET,5710,4941A,ETI,89227491100015,O,2025-12-06T07:30:33,Caen
6543,881024194,O'BROTHERS,5710,9602A,PME,88102419400089,O,2026-03-03T12:01:43,Caen
6544,888004967,STOREIA 1,5710,3511Z,ETI,88800496700012,O,2025-12-06T08:42:41,Caen
6545,822870382,ENERGYGROUP,5710,7022Z,PME,82287038200063,O,2026-01-29T13:09:23,Caen
6546,519535322,TROTEC LASER FRANCE SAS,5710,4669B,PME,51953532200019,O,2026-01-09T17:31:56,Nancy
6547,521942920,ARKHEDIA,5710,7120B,PME,52194292000195,O,2026-07-03T13:13:53,Nancy
6548,523963965,CENTRALE PHOTOVOLTAIQUE DE TOUL-ROSIERES 2,5710,3511Z,ETI,52396396500109,O,2025-12-06T05:13:29,Nancy
6549,537668303,ARTERAIL,5710,3317Z,PME,53766830300077,O,2025-12-06T05:15:35,Nancy
6550,790098065,ISTA SECG,5710,7739Z,ETI,79009806500085,O,2026-07-10T11:30:49,Nancy
6551,803829258,FACIL-ECIG,5499,4669A,PME,80382925800075,O,2025-12-06T08:21:10,Nancy
6552,722068608,ARROW FRANCE,5710,4652Z,ETI,72206860800370,O,2025-12-06T05:46:13,Nancy
6553,552048837,SKF FRANCE,5710,2815Z,ETI,55204883700124,O,2025-12-06T05:16:30,Nancy
6554,788410348,SA ROSATO,5499,4399D,PME,78841034800064,O,2025-12-06T10:55:08,Nancy
6555,518742259,EXALT,5710,4511Z,PME,51874225900022,O,2025-12-06T07:30:47,Poitiers
6556,519459309,EG.D,5710,3900Z,PME,51945930900034,O,2025-12-18T10:47:39,Poitiers
6557,521520023,GARAGE VENIEN,5710,4520A,PME,52152002300016,O,2026-06-19T09:42:46,Poitiers
6558,523002673,TECHNIQUE SOLAIRE INVEST 1,5499,3511Z,ETI,52300267300060,O,2025-12-06T06:28:47,Poitiers
6559,524511565,TECHNIQUE SOLAIRE INVEST 7,5499,3511Z,ETI,52451156500045,O,2025-12-06T06:17:20,Poitiers
6560,524512340,TECHNIQUE SOLAIRE INVEST 9,5499,3511Z,ETI,52451234000141,O,2025-12-06T06:29:46,Poitiers
6561,751304114,SARL AJC-ISM,5499,1071C,PME,75130411400018,O,2025-12-06T05:41:10,Poitiers
6562,752262923,TCA,5499,8220Z,PME,75226292300044,O,2025-12-06T05:38:35,Poitiers
6563,532010592,LUXOR CENTRE,5499,4777Z,PME,53201059200014,O,2025-12-06T10:04:25,Poitiers
6564,792741704,ITF,5710,4322B,PME,79274170400029,O,2025-12-06T05:22:52,Poitiers
6565,792813628,E.C.B,5499,4752B,PME,79281362800049,O,2025-12-06T06:21:30,Poitiers
6566,922468079,MGBC IMMO,5499,6820A,PME,92246807900012,O,2025-12-06T09:25:46,Annecy
6567,922474978,C2V LOISIRS,5710,5530Z,PME,92247497800033,O,2026-04-06T13:13:40,Annecy
6568,977962778,VETOADOM ALPIN,5785,7500Z,PME,97796277800014,O,2025-12-06T11:15:38,Annecy
6569,533444758,NTF - E - 10,5710,6630Z,PME,53344475800148,O,2025-12-06T05:39:34,Paris
6570,792791329,SIMPLON.CO,5710,8559A,PME,79279132900016,O,2026-05-05T16:01:09,Paris
6571,798437331,GREENINVEST ONE,5710,3511Z,ETI,79843733100241,O,2025-12-06T05:12:47,Paris
6572,682000328,SIBELCO FRANCE,5710,2399Z,ETI,68200032800133,O,2026-04-02T11:09:20,Paris
6573,622044501,JCDECAUX FRANCE,5710,7312Z,ETI,62204450100139,O,2025-12-06T09:14:25,Paris
6574,572050334,CITYZ MEDIA,5710,7312Z,ETI,57205033402253,O,2026-07-02T10:30:46,Paris
6575,977655554,SOL2308,5710,3511Z,PME,97765555400011,O,2026-06-10T20:31:20,Paris
6576,899687297,SUNANGLE 3,5710,3511Z,ETI,89968729700270,O,2025-12-06T06:02:18,Paris
6577,887993541,ORLAM,5485,8622C,PME,88799354100010,O,2025-12-06T09:07:27,Lyon
6578,479248742,INOVIE PROLAB,5785,8690B,PME,47924874200047,O,2026-08-10T18:36:04.222,Lyon
6579,562072678,OMYA SAS,5710,2399Z,ETI,56207267800179,O,2025-12-06T06:26:53,Lyon
6580,910151331,PAPYSUN,5710,3511Z,PME,91015133100014,O,2025-12-06T05:12:05,Lyon
6581,795227032,CAP VERT ENERGIE EXPLOITATION I21,5499,3511Z,ETI,79522703200153,O,2025-12-06T07:10:27,Marseille
6582,830091682,TENAO 39,5710,3511Z,ETI,83009168200153,O,2025-12-06T10:01:31,Marseille
6583,815036827,ETABLISSEMENTS JUNG MASSARONI,5710,1413Z,PME,81503682700096,O,2026-01-08T13:02:11,Marseille
6584,539329565,ST FRANCE,5710,4711B,PME,53932956500201,O,2026-06-01T13:07:07,Toulouse
6585,877641753,ED29,5710,3511Z,PME,87764175300018,O,2025-12-06T05:12:49,Toulouse
6586,845261387,SAS ENERGIE CITOYENNE PAYS PORTES DE GASCOGNE,5710,3511Z,PME,84526138700144,O,2026-01-15T12:00:45,Toulouse
6587,632039988,SAICA PACK FRANCE,5710,1721A,ETI,63203998800191,O,2025-12-06T05:25:30,Toulouse
6588,882721988,SOLARPOOL 2001,5710,3511Z,PME,88272198800179,O,2025-12-06T06:26:09,Toulouse
6589,301273447,BEARN PRESTATIONS SERVICE,5710,7010Z,ETI,30127344700146,O,2025-12-06T08:25:36,Toulouse
6590,801493313,EDPR ENERGIES FRANCE,5710,3511Z,ETI,80149331300127,O,2026-06-22T12:32:07,Lille
6591,792857831,ALTERNACIG,5710,4619B,PME,79285783100160,O,2025-12-06T07:23:42,Lille
6592,813866761,LAV EXPRESS,5499,9601B,PME,81386676100139,O,2025-12-06T06:27:47,Lille
6593,822991121,ALLURE SAINT-HONORE,5710,4642Z,PME,82299112100143,O,2026-06-29T19:01:50,Lille
6594,852579994,MINISO FRANCE,5710,4778C,PME,85257999400132,O,2026-03-12T11:34:30,Lille
6595,890068158,SECHE TRAITEMENT EAUX INDUSTRIELLES,5710,3700Z,ETI,89006815800017,O,2025-12-22T17:31:31,Lille
6596,661750067,HABITAT HAUTS-DE-FRANCE ESH,5646,6820A,ETI,66175006700117,O,2026-04-03T12:31:57,Lille
6597,665580072,BONDUELLE EUROPE LONG LIFE,5710,1039A,ETI,66558007200205,O,2025-12-06T11:12:36,Lille
6598,917220832,LEITZ SARL,5499,4669B,PME,91722083200013,O,2026-03-23T09:46:25,Lille
6599,310188420,CHIMIREC,5710,3822Z,ETI,31018842000171,O,2025-12-06T06:02:45,Nantes
6600,333997898,PANIFICATION DE RETZ,5499,1071A,PME,33399789800015,O,2025-12-06T06:20:57,Nantes
6601,320102809,LAYHER,5710,7732Z,ETI,32010280900201,O,2025-12-06T05:25:29,Nantes
6602,950872150,BPM PRO - IV ATLANTIQUE,5710,4519Z,ETI,95087215000020,O,2025-12-06T05:43:46,Nantes
6603,408568681,NT,5710,4669C,PME,40856868100048,O,2026-07-31T13:00:50,Nantes
6604,479979940,AJP ANJOU VENDEE,5499,6831Z,PME,47997994000216,O,2026-06-05T12:31:31,Nantes
6605,403198682,CALLIOPE BUSINESS SOLUTIONS,5710,6202A,ETI,40319868200185,O,2026-05-15T17:31:02,Strasbourg
6606,338604333,VIVIALYS MAISONS INDIVIDUELLES,5710,4120A,ETI,33860433300074,O,2026-07-29T13:00:27,Strasbourg
6607,310005269,OPTIQUE MOISE,5499,4778A,PME,31000526900173,O,2025-12-06T10:20:39,Strasbourg
6608,440986818,RESEAU EXPRESS,5710,5229B,PME,44098681800019,O,2025-12-06T06:23:29,Strasbourg
6609,419283262,KELLER FONDATIONS SPECIALES,5710,4399D,PME,41928326200162,O,2025-12-06T05:16:40,Strasbourg
6610,349166561,CISCO SYSTEMS FRANCE,5499,6202A,ETI,34916656100192,O,2025-12-06T06:59:09,Strasbourg
6611,378955116,CULTURESPACES,5710,9103Z,ETI,37895511600306,O,2025-12-06T05:10:12,Strasbourg
6612,348214404,ADELYA TERRE D'HYGIENE,5710,4644Z,ETI,34821440400033,O,2025-12-06T05:43:36,Strasbourg
6613,443457858,FACONNABLE,5710,4642Z,PME,44345785800407,O,2026-07-16T13:16:37,Strasbourg
6614,442694436,NOVARES FRANCE,5710,2932Z,ETI,44269443600241,O,2025-12-12T13:02:22,Strasbourg
6615,520864927,SNC DEFISOLAR INVEST 3,5202,3511Z,PME,52086492700014,O,2025-12-06T05:12:31,Montpellier
6616,490725801,EI GROUPE,5710,8559A,PME,49072580100065,O,2025-12-06T05:59:43,Montpellier
6617,750241820,ARKOLIA INVEST 6,5202,3511Z,PME,75024182000216,O,2025-12-06T09:53:57,Montpellier
6618,791143795,1 LIFE,5710,6202A,ETI,79114379500015,O,2025-12-06T05:25:06,Montpellier
6619,813684750,C.E.V3,5710,3511Z,PME,81368475000223,O,2026-01-23T13:47:00,Montpellier
6620,831444641,DOMINO OCCITANIE,5710,7820Z,ETI,83144464100029,O,2026-06-26T09:31:28,Montpellier
6621,849693783,MONTE RENOSO,5710,3511Z,PME,84969378300110,O,2025-12-06T06:19:38,Montpellier
6622,821767365,ASTOUL ENR,5710,3511Z,PME,82176736500025,O,2026-01-28T18:06:24,Montpellier
6623,910074160,DU WATELET,5499,6820A,PME,91007416000011,O,2026-02-17T13:02:17,Montpellier
6624,904948296,MENCO SUD-OUEST,5710,7820Z,PME,90494829600101,O,2025-12-06T05:56:35,Montpellier
6625,602680118,ETABLISSEMENTS J. PUIG ET COMPAGNIE,5499,6820B,PME,60268011800240,O,2026-08-07T10:30:41.075,Montpellier
6626,344545645,EMITECH,5710,7112B,ETI,34454564500022,O,2025-12-06T05:25:29,Rennes
6627,331530709,NETTO-DECOR PROPRETE,5710,8121Z,ETI,33153070900111,O,2025-12-06T06:05:27,Rennes
6628,332050038,FRANCE TELEVISIONS PUBLICITE,5599,7312Z,ETI,33205003800147,O,2025-12-06T08:11:49,Rennes
6629,433945227,DYNAMIPS,5710,9511Z,PME,43394522700059,O,2025-12-06T05:15:10,Rennes
6630,418321956,CABINET LEVESQUE,5710,7120B,PME,41832195600124,O,2025-12-06T05:20:09,Rennes
6631,353926207,TECAM,5710,7112B,PME,35392620700039,O,2026-03-10T16:02:35,Rennes
6632,375680139,BONNETERIE D'ARMOR,5710,1414Z,ETI,37568013900140,O,2025-12-06T05:16:40,Rennes
6633,340716331,A S L G DISTRIBUTION,5710,4633Z,ETI,34071633100095,O,2026-04-28T13:11:22,Rennes
6634,337808919,EIMI ELEC,5710,4321A,ETI,33780891900035,O,2026-07-24T13:19:18,Rennes
6635,391249760,SARL SEVESTRE,5499,4511Z,PME,39124976000011,O,2025-12-06T06:00:03,Rennes
6636,379880933,BOBET MATERIEL,5710,4669B,ETI,37988093300088,O,2026-04-02T11:31:30,Rennes
6637,389027137,LE GRAND COMPTOIR,5710,4759B,PME,38902713700014,O,2025-12-06T07:50:38,Rennes
6638,527809354,EURO-TRADES 3,5202,3511Z,PME,52780935400733,O,2026-06-17T15:30:24,Rennes
6639,792599292,BNP OPTIC,5710,4778A,PME,79259929200085,O,2025-12-06T06:29:09,Grenoble
6640,908274822,FORLAM CLOTURE INDUSTRIE (FCI),5710,2593Z,ETI,90827482200018,O,2026-02-09T13:11:46,Grenoble
6641,519947717,SELARL CABINET YVES BLOHORN,5485,6910Z,PME,51994771700103,O,2026-08-26T18:31:37.432,Grenoble
6642,752591685,YUNA COURS,5499,8559B,PME,75259168500074,O,2026-08-19T13:56:40.146,Grenoble
6643,502803455,CASALONGA,5710,6910Z,PME,50280345500067,O,2026-08-10T13:31:40.448,Grenoble
6644,894907187,SEVRAGE S2F,5499,8690F,PME,89490718700013,O,2026-08-06T13:12:01.154,Grenoble
6645,312667090,CENTRE EDUCA SECU ROUTIERE 38,5499,8553Z,PME,31266709000012,O,2025-12-06T06:39:35,Grenoble
6646,071502223,DAUPHINE POIDS LOURDS SARL,5710,4511Z,ETI,07150222300010,O,2025-12-06T06:21:44,Grenoble
6647,302640008,RAUTUREAU APPLE SHOES,5710,4642Z,ETI,30264000800017,O,2026-01-21T19:01:39,Grenoble
6648,316158500,ETANEUF PROPRETE,5710,8121Z,ETI,31615850000181,O,2026-05-13T14:31:37,Grenoble
6649,331497578,INFOLANGUES SARL,5499,8559A,PME,33149757800046,O,2025-12-06T09:50:40,Grenoble
6650,878352970,MEDIASCHOOL OUEST-SUD,5710,8559A,ETI,87835297000080,O,2025-12-06T05:19:42,Rouen
6651,509114724,LES METAUX PRECIEUX,5499,4672Z,PME,50911472400024,O,2026-08-04T13:16:38.955,Rouen
6652,058809963,SOMATRANS,5710,5229B,ETI,05880996300075,O,2025-12-06T05:43:28,Rouen
6653,065803637,CENTRE IMEX,5710,5229B,ETI,06580363700092,O,2026-07-01T13:46:45,Rouen
6654,302607486,INTERTEK FRANCE,5710,7120B,ETI,30260748600248,O,2025-12-06T05:43:36,Rouen
6655,321627630,SUD-EST CONSTRUCTION ET MAINTENANCE D'OUVRAGES CHAUDRONNES,5710,3311Z,ETI,32162763000023,O,2026-04-29T13:13:53,Rouen
6656,420247736,ALQUAL CONSEIL ET EXPERTISE (ALIMENTAIRE QUALITE CONSEIL ET EXPERTISE),5710,7112B,PME,42024773600135,O,2025-12-06T05:21:54,Dijon
6657,451620298,CABINET BAILLY,5499,6622Z,PME,45162029800013,O,2025-12-06T06:52:11,Dijon
6658,487892101,VERDI INGENIERIE EST,5710,7112B,ETI,48789210100030,O,2026-03-06T08:00:23,Dijon
6659,481201010,LA GRAPILLOTTE,5499,4729Z,PME,48120101000065,O,2025-12-06T05:13:01,Dijon
6660,391340643,TEP,5710,4669B,PME,39134064300025,O,2026-04-13T13:07:36,Dijon
6661,507949584,HBDIJON,5499,4725Z,PME,50794958400043,O,2025-12-06T06:24:49,Dijon
6662,511008955,LPME,5710,7022Z,PME,51100895500052,O,2026-05-28T13:13:47,Dijon
6663,509628798,AMCOR FLEXIBLES PACKAGING FRANCE SAS,5710,2592Z,ETI,50962879800068,O,2025-12-06T10:47:58,Dijon
6664,494304124,C.P.E.S. OMBRIPARK,5499,3511Z,ETI,49430412400014,O,2025-12-06T05:12:31,Dijon
6665,491985495,MAISON DU PAIN D'EPICES,5499,4724Z,PME,49198549500010,O,2025-12-06T05:14:59,Dijon
6666,492263041,AXE GES.COM,5710,7022Z,PME,49226304100070,O,2025-12-06T07:42:09,Dijon
6667,384117255,FLIPO RICHIR,5710,3314Z,PME,38411725500032,O,2026-08-21T13:09:14.571,Angers
6668,057202046,CLENET,5710,4511Z,ETI,05720204600025,O,2026-08-10T11:52:26.476,Angers
6669,789968104,COMETI SERVICES,5710,3311Z,PME,78996810400040,O,2026-08-06T09:09:24.263,Angers
6670,821103876,ENERGY DYNAMICS,5710,6202A,PME,82110387600040,O,2026-08-06T09:09:28.528,Angers
6671,917501504,GEMY TOURS-R,5710,4511Z,ETI,91750150400026,O,2026-08-06T09:09:25.735,Angers
6672,957527369,SABATIER SAS,5710,4674A,ETI,95752736900046,O,2026-08-05T11:37:48.135,Angers
6673,056200603,ALPHA,5499,6820B,PME,05620060300019,O,2025-12-06T06:03:21,Angers
6674,063200356,BOUCARD EMBALLAGES,5710,4676Z,PME,06320035600069,O,2025-12-06T11:12:58,Angers
6675,440275832,JUBIL INTERIM NIMES,5499,8299Z,ETI,44027583200051,O,2025-12-06T06:28:16,Nimes
6676,379963234,NORD FRANCE INFORMATIQUE,5710,6202B,PME,37996323400032,O,2025-12-06T07:10:18,Nimes
6677,500734918,B.C.M. INVESTISSEMENTS,5499,4633Z,PME,50073491800062,O,2025-12-06T11:15:37,Nimes
6678,500845268,SADRA SUD,5710,5221Z,PME,50084526800076,O,2025-12-06T05:15:23,Nimes
6679,501114979,EOLIENNES DE LA HAIE,5710,3511Z,PME,50111497900070,O,2025-12-06T06:29:46,Nimes
6680,501160618,PAGES AGENCEMENT,5710,4332C,PME,50116061800036,O,2026-06-24T10:11:52,Nimes
6681,440887693,CIEL BLEU,5710,8121Z,ETI,44088769300065,O,2025-12-06T05:14:09,Nimes
6682,441089281,SARL C.B.R.,5710,5914Z,PME,44108928100014,O,2025-12-06T05:41:16,Nimes
6683,441689965,ETIQUETTES RC,5710,1812Z,PME,44168996500032,O,2026-07-29T14:25:34,Nimes
6684,502086788,BAX,5499,2593Z,PME,50208678800010,O,2025-12-06T05:25:31,Nimes
6685,921804407,BALLANDLAVPRO,5499,9601B,PME,92180440700010,O,2025-12-06T06:29:03,Nimes
6686,980238042,ANIMAPHOT 30/34,5710,7420Z,PME,98023804200017,O,2026-01-06T13:12:01,Nimes
6687,980761712,DOCTEUR VANESSA FERNANDEZ,5485,8622C,PME,98076171200010,O,2025-12-06T08:00:54,Nimes
6688,980806723,EQUATORIALE,5499,1071D,PME,98080672300014,O,2026-06-22T13:09:10,Nimes
6689,978551398,PERMA,5710,5520Z,PME,97855139800016,O,2025-12-06T06:05:59,Nimes
6690,899437834,JSB 63,5499,5610C,PME,89943783400018,O,2025-12-06T06:15:35,Clermont-Ferrand
6691,904534963,VOLCAN ENERGIE,5710,3511Z,PME,90453496300015,O,2025-12-06T07:51:10,Clermont-Ferrand
6692,788572113,ETELLIN MENUISERIES,5710,4673A,PME,78857211300017,O,2025-12-06T11:07:48,Clermont-Ferrand
6693,791492580,SUN DISTRIBUTION,5710,4669C,PME,79149258000018,O,2026-01-14T09:00:50,Clermont-Ferrand
6694,799259643,SAS POUX ENERGIE,5710,3511Z,PME,79925964300010,O,2025-12-06T06:55:38,Clermont-Ferrand
6695,829980515,CONTROLE AUTO MOTO,5499,7120A,PME,82998051500011,O,2025-12-06T09:45:24,Clermont-Ferrand
6696,835162413,HYGI-TECH,5710,4778C,PME,83516241300016,O,2025-12-06T05:36:29,Clermont-Ferrand
6697,751551557,PLB GTX,5499,4399E,PME,75155155700018,O,2025-12-06T08:30:13,Clermont-Ferrand
6698,852218619,LE REFUGE GOURMAND,5499,5610A,PME,85221861900017,O,2025-12-06T08:11:29,Clermont-Ferrand
6699,841989072,CENTRE FRANCE EXPERTISES,5710,6621Z,PME,84198907200043,O,2025-12-06T05:41:18,Clermont-Ferrand
6700,842670531,VISION EXPLORIS,5710,7022Z,PME,84267053100040,O,2025-12-06T05:40:19,Clermont-Ferrand
6701,857201453,BOYER MOTOCULTURE,5499,4520A,PME,85720145300019,O,2025-12-06T06:25:25,Clermont-Ferrand
6702,911189447,MAISON CAHELO,5499,1013B,PME,91118944700012,O,2025-12-06T11:15:23,Tours
6703,472200724,SOCIETE NOUVELLE COURRIER FRANCAIS,5710,5814Z,PME,47220072400269,O,2026-01-13T13:01:36,Tours
6704,451527477,EVERDYN,5710,3320D,PME,45152747700124,O,2026-07-02T12:01:34,Tours
6705,504451139,ECR ENVIRONNEMENT CENTRE OUEST,5710,7112B,ETI,50445113900035,O,2026-01-29T03:48:56,Tours
6706,509103636,CHENE BOIS,5710,1624Z,ETI,50910363600015,O,2026-04-27T17:00:28,Tours
6707,481530160,RESO IDF,5499,4673A,PME,48153016000011,O,2025-12-06T07:12:07,Tours
6708,501423644,BOND,5710,4778A,PME,50142364400050,O,2025-12-06T06:28:31,Tours
6709,398443325,IMAGERIE 37,5710,8622A,ETI,39844332500079,O,2025-12-06T05:39:32,Tours
6710,399316421,THIMAR,5499,4771Z,PME,39931642100011,O,2026-04-20T19:00:35,Tours
6711,399570712,LE VERT GALANT,5499,5610A,PME,39957071200030,O,2025-12-06T05:41:09,Tours
6712,403731219,CENTRE DE CONTROLE TECHNIQUE TACHY,5499,7120A,PME,40373121900024,O,2025-12-06T05:20:09,Tours
6713,383102514,MATURITE ET MOUVEMENT,5499,4776Z,PME,38310251400023,O,2025-12-06T09:12:03,Tours
6714,440243855,LAFOREST,5710,8559A,PME,44024385500028,O,2026-01-20T14:31:50,Tours
6715,439316837,ADEV ENVIRONNEMENT,5710,7112B,PME,43931683700020,O,2025-12-06T05:33:22,Tours
6716,423602879,TDC,5499,4771Z,PME,42360287900029,O,2025-12-06T06:19:36,Metz
6717,779996339,SCI MESSINE,6540,6820A,PME,77999633900056,O,2025-12-06T06:27:31,Metz
6718,539873232,AUSTRAZY,5710,4759B,ETI,53987323200026,O,2026-05-12T19:00:37,Metz
6719,542083977,CHANET PEINTURES,5710,2030Z,PME,54208397700059,O,2025-12-06T05:25:22,Metz
6720,555450071,TENNECO AUTOMOTIVE FRANCE SAS,5710,2932Z,ETI,55545007100041,O,2025-12-06T05:15:34,Metz
6721,532546322,BONNET LAZZARIN,5499,1071C,PME,53254632200019,O,2025-12-06T10:02:39,Metz
6722,481251197,MAX DARA,5499,4771Z,PME,48125119700010,O,2025-12-06T10:22:51,Metz
6723,342679321,PRECONCEPT ARCHITECTES,5499,7111Z,PME,34267932100089,O,2025-12-06T08:09:55,Metz
6724,347890840,BERTHOLD SA,5710,4213A,ETI,34789084000031,O,2026-06-01T16:56:54,Metz
6725,348025974,CR HABITAT,5710,4332A,PME,34802597400018,O,2025-12-06T06:41:50,Metz
6726,353405863,ERA VILLES ET TERRITOIRES,5599,7112B,PME,35340586300120,O,2025-12-06T05:38:56,Metz
6727,329763957,SCM CENTRE DE CHIRURGIE VASCULAIRE,6589,8219Z,PME,32976395700043,O,2025-12-06T06:18:15,Besancon
6728,330161233,ETOILE 25,5710,4511Z,ETI,33016123300029,O,2025-12-06T05:25:38,Besancon
6729,330404583,LE LABO DENTAIRE,5499,3250A,PME,33040458300024,O,2025-12-06T06:30:18,Besancon
6730,330516576,SARL GRAND GARAGE DES VALLEES,5710,4519Z,PME,33051657600031,O,2025-12-06T06:29:45,Besancon
6731,414344994,POMPES FUNEBRES DAVAL,5499,9603Z,PME,41434499400036,O,2026-04-01T08:44:02,Besancon
6732,417707163,MEDIACO FRANCHE-COMTE,5710,7732Z,ETI,41770716300065,O,2025-12-06T05:39:18,Besancon
6733,417728219,CARROSSERIE ARNOUX,5710,2920Z,PME,41772821900029,O,2025-12-06T05:43:29,Besancon
6734,380312769,SOC RENHOTEL,5499,5510Z,PME,38031276900017,O,2025-12-06T06:14:27,Besancon
6735,433604527,TOPOGRAPHIE - INFORMATIQUE - CONSULTING - EXPERTISE,5710,7112B,PME,43360452700054,O,2025-12-06T11:15:44,Besancon
6736,405151374,PARTNAIRE 6,5710,7820Z,ETI,40515137400270,O,2026-07-31T16:31:38,Orleans
6737,405317652,ACTIF COMPTA,5499,6920Z,PME,40531765200023,O,2025-12-06T07:07:33,Orleans
6738,402881304,GEODESK,5499,6622Z,PME,40288130400107,O,2026-01-22T22:42:33,Orleans
6739,338452741,ANNAYAKE,5499,4645Z,PME,33845274100048,O,2025-12-06T05:59:27,Orleans
6740,331734087,SOCIETE DE COMMERCIALISATION ET ETUDES DE L ECLAIRAGE DE NORMANDIE,5710,4647Z,PME,33173408700074,O,2025-12-06T05:40:24,Orleans
6741,308598077,SOCIETE LE BRUN,5710,2512Z,PME,30859807700011,O,2025-12-06T05:25:20,Orleans
6742,310369764,BPM PRO-ETOILE CENTRE,5710,4519Z,ETI,31036976400058,O,2025-12-06T05:25:20,Orleans
6743,322149675,M.J.D,5499,4771Z,PME,32214967500066,O,2026-02-18T13:11:58,Orleans
6744,383283306,SARL AYROLE,5499,1071D,PME,38328330600025,O,2025-12-06T05:15:09,Orleans
6745,429532716,MECA,5499,4941A,ETI,42953271600033,O,2025-12-06T05:25:21,Orleans
6746,433732971,COVIFRUIT,5499,4721Z,PME,43373297100026,O,2026-03-03T13:13:02,Orleans
6747,434326617,"S.A.R.L. ATELIER DE TOLERIE, METALLERIE ET CHAUDRONNERIE",5499,2511Z,PME,43432661700017,O,2025-12-06T07:04:00,Orleans
6748,423632942,T.B.F.C.,5499,4778A,PME,42363294200011,O,2025-12-06T06:28:46,Orleans
6749,423721810,SARL ORLEANS NORD IMMOBILIER,5499,6831Z,PME,42372181000046,O,2025-12-06T06:17:51,Orleans
6750,424864841,KPDP (KULA PLEIADE DISTRIBUTION PROMOTION),5499,4759B,PME,42486484100061,O,2025-12-06T09:58:05,Orleans
6751,419760855,SPS FRANCE & BENELUX SAS,5710,6311Z,PME,41976085500025,O,2025-12-06T05:49:33,Orleans
6752,418650495,EAGLE SARL,5499,4771Z,PME,41865049500017,O,2025-12-06T10:47:20,Orleans
6753,412736407,SOGIPAC,5710,8292Z,ETI,41273640700021,O,2026-06-30T18:31:30,Orleans
6754,849056858,TERROIRS ET PROPRIETES,5710,4725Z,PME,84905685800012,O,2025-12-06T06:27:40,Mulhouse
6755,844748053,PARC SOLAIRE AMELIE,5499,3511Z,ETI,84474805300015,O,2025-12-06T05:34:32,Mulhouse
6756,883184491,LES POPPIN'S,5710,8891A,PME,88318449100024,O,2026-02-11T13:13:48,Mulhouse
6757,892768557,SOCIETE D'EXPLOITATION DU PARC EOLIEN GINGEMBRE,5710,3511Z,PME,89276855700027,O,2025-12-06T08:16:35,Mulhouse
6758,817877491,HORIZON EC,5499,6920Z,PME,81787749100081,O,2025-12-06T11:22:27,Mulhouse
6759,818001588,TYR RETAILS,5499,4764Z,PME,81800158800016,O,2025-12-06T06:27:17,Mulhouse
6760,823639042,LOC'COST,5710,7711A,PME,82363904200030,O,2025-12-06T05:20:20,Mulhouse
6761,814872511,ECOSUN INNOVATIONS,5710,7112B,PME,81487251100013,O,2025-12-06T05:31:59,Mulhouse
6762,819141110,RESTAURANT CHEZ RAPHY,5710,5610A,PME,81914111000026,O,2025-12-06T10:55:37,Mulhouse
6763,819618158,SARL INTEROPTIC,5710,4778A,PME,81961815800011,O,2025-12-06T06:14:29,Mulhouse
6764,820161784,APOLLON,5710,5610C,ETI,82016178400021,O,2025-12-06T07:14:31,Mulhouse
6765,820166288,SOCIETE D'EXPLOITATION DU PARC EOLIEN ZEPHIR,5499,3511Z,PME,82016628800044,O,2025-12-06T10:57:26,Mulhouse
6766,648502482,TECHNIFEN,5710,4332A,PME,64850248200058,O,2025-12-06T05:38:56,Mulhouse
6767,824455679,STS COMPOSITES FRANCE,5710,2932Z,ETI,82445567900046,O,2025-12-06T05:25:06,Caen
6768,632031894,SEDIREP SARL,5499,4642Z,PME,63203189400082,O,2025-12-06T07:53:08,Caen
6769,794355560,NORMANDIE PNEUS,5710,4532Z,PME,79435556000010,O,2025-12-06T06:30:20,Caen
6770,489405076,ART-DAN ILE-DE-FRANCE,5710,4299Z,ETI,48940507600071,O,2026-08-05T15:30:47.178,Caen
6771,321642886,ETOILE LOCATION VEHICULES,5710,7711A,ETI,32164288600063,O,2026-08-06T09:09:28.700,Caen
6772,626150106,PARTELIOS SOCIETE ANONYME D'HABITATIONS A LOYER MODERE,5599,6820A,ETI,62615010600054,O,2026-08-04T09:01:02.279,Caen
6773,883257644,D&A,5485,6910Z,PME,88325764400012,O,2025-12-06T05:43:46,Caen
6774,883575417,LARCHER SERVICES,5710,4322B,PME,88357541700018,O,2025-12-06T09:04:16,Caen
6775,891210023,LES METRONORMES,5710,7112B,PME,89121002300018,O,2026-07-07T05:15:32,Caen
6776,887952224,LH GREEN,5499,4711B,PME,88795222400012,O,2026-06-12T19:29:05,Caen
6777,404384257,LES EMOTIONNEURS,5710,5911B,PME,40438425700105,O,2025-12-06T06:20:09,Nancy
6778,438460172,GERVIT DISTRIBUTION,5499,4690Z,PME,43846017200036,O,2026-07-01T14:00:29,Nancy
6779,572200624,LATTY INTERNATIONAL,5599,1396Z,PME,57220062400276,O,2026-02-05T05:16:32,Nancy
6780,980430490,SAS NG,5710,6920Z,PME,98043049000048,O,2026-07-24T12:32:51,Nancy
6781,903412369,PHILIAL,5710,1072Z,PME,90341236900022,O,2025-12-06T07:37:24,Nancy
6782,821009362,METHA TERMES,5710,3511Z,PME,82100936200061,O,2025-12-06T05:52:23,Nancy
6783,844556605,MULHOUSE 55,5710,5610C,ETI,84455660500054,O,2026-06-09T13:33:10,Nancy
6784,877737742,SINBIO SCOP,5458,7112B,PME,87773774200099,O,2025-12-06T05:20:48,Nancy
6785,848060562,LA ROCHE ENERGIE,5202,3511Z,PME,84806056200016,O,2025-12-06T06:27:17,Nancy
6786,810591255,CABINET D'OSTEOPATHIE DOUET,5485,8690E,PME,81059125500023,O,2025-12-06T11:04:52,Poitiers
6787,804053668,2 BSO,5710,4322B,PME,80405366800013,O,2026-01-06T13:12:46,Poitiers
6788,804146983,CENTRE MEDICAL OPHTALMOLOGIQUE POINT VISION POITIERS,5785,8622C,PME,80414698300015,O,2025-12-06T05:39:19,Poitiers
6789,797588423,O.G.V.P.,5499,6820B,PME,79758842300021,O,2025-12-06T07:09:56,Poitiers
6790,797676996,MAREE DES ILES,5499,4723Z,PME,79767699600011,O,2025-12-06T05:26:38,Poitiers
6791,790093355,ARMATIS TECHNOLOGY,5710,6201Z,ETI,79009335500036,O,2026-06-04T13:00:25,Poitiers
6792,809612617,7 ECCA,5710,6630Z,PME,80961261700013,O,2026-07-01T16:32:00,Poitiers
6793,802829499,METAL FER ENVIRONNEMENT,5710,3832Z,PME,80282949900010,O,2025-12-06T07:07:25,Poitiers
6794,803188119,ATOUSVERRES,5710,2312Z,PME,80318811900033,O,2025-12-06T06:18:49,Poitiers
6795,803814003,RAS 340,5710,7820Z,ETI,80381400300049,O,2025-12-06T05:15:23,Poitiers
6796,794639179,SARL OSYMAN,5499,4711C,PME,79463917900066,O,2026-03-20T13:09:41,Poitiers
6797,799027347,COLORII NAILS,5499,9602B,ETI,79902734700019,O,2025-12-06T08:30:20,Poitiers
6798,981057557,MEDALPA,5499,4779Z,PME,98105755700010,O,2025-12-06T06:28:33,Annecy
6799,981761646,CORIS INNOVATION RHA,5710,7112B,PME,98176164600018,O,2026-01-16T17:37:01,Annecy
6800,981963804,QUAERITAS,5710,8030Z,PME,98196380400019,O,2026-04-14T11:07:01,Annecy
6801,500483870,LUXALPES IMMOBILIER,5499,6831Z,PME,50048387000019,O,2025-12-06T06:27:32,Annecy
6802,399099803,CEMEX BETONS ILE DE FRANCE,5710,2363Z,ETI,39909980300294,O,2026-04-13T11:30:35,Paris
6803,750318255,HAWI SEP 3,5499,3511Z,PME,75031825500015,O,2025-12-06T10:57:54,Lyon
6804,451338586,ID'EES INTERIM D,5499,7820Z,ETI,45133858600014,O,2025-12-06T05:43:29,Marseille
6805,490698172,L ESCARGOT,5710,5610A,ETI,49069817200049,O,2026-07-24T13:18:36,Marseille
6806,402682991,GAGNERAUD CONSTRUCTION,5710,4299Z,ETI,40268299100011,O,2026-06-09T11:57:03,Marseille
6807,344440391,ANCO,5499,7120B,PME,34444039100144,O,2026-06-29T13:00:58,Marseille
6808,339361024,ALTER EGO INTERIM,5710,7820Z,ETI,33936102400062,O,2025-12-06T05:25:38,Marseille
6809,512238486,ILEO INVEST 1,5499,4669C,PME,51223848600033,O,2025-12-06T05:19:21,Toulouse
6810,399921626,APR SERVICES,5710,8810A,ETI,39992162600277,O,2026-04-09T13:09:56,Toulouse
6811,300483542,PRODUCTIONS BLUE BIRD,5599,4771Z,PME,30048354200019,O,2025-12-06T07:41:16,Lille
6812,316467638,BLANC BLEU,5599,6420Z,PME,31646763800128,O,2025-12-06T05:32:23,Lille
6813,453700106,KILOUTOU MODULE,5710,7732Z,ETI,45370010600033,O,2026-07-28T13:13:42,Lille
6814,498310689,PULP IMMOBILIER,5710,6831Z,PME,49831068900068,O,2025-12-06T09:40:21,Lille
6815,440222842,ALTERMUNDI,5499,4791A,ETI,44022284200021,O,2025-12-06T09:58:05,Bordeaux
6816,500353552,IMMO CONSTRUCTION,5710,4120A,PME,50035355200168,O,2026-06-03T20:41:13,Bordeaux
6817,393801394,EBS LE RELAIS VAL DE SEINE,5560,4779Z,PME,39380139400056,O,2026-06-04T13:10:33,Bordeaux
6818,388312696,CARAVANE,5710,4759A,PME,38831269600031,O,2025-12-06T07:48:28,Bordeaux
6819,397881079,MER ET GOLF RESIDENCES,5499,5520Z,PME,39788107900131,O,2025-12-06T05:40:32,Bordeaux
6820,488298621,VOLCOM SAS,5710,4642Z,ETI,48829862100027,O,2025-12-06T05:41:24,Nantes
6821,793603242,S2I,5710,4759B,PME,79360324200033,O,2025-12-06T09:08:46,Nantes
6822,349617084,EOWIN,5710,7112B,ETI,34961708400349,O,2026-04-09T11:00:53,Nantes
6823,349946681,SAS KLEBER MALECOT,5710,4663Z,ETI,34994668100013,O,2026-01-06T13:09:05,Nantes
6824,356200295,RAMERY ENERGIES,5710,4322B,ETI,35620029500091,O,2026-06-11T15:32:12,Nantes
6825,429853351,MECACHROME FRANCE,5710,2562B,ETI,42985335100162,O,2025-12-06T05:43:29,Nantes
6826,419822408,NOVELTY,5710,9002Z,ETI,41982240800185,O,2026-05-18T11:58:38,Nantes
6827,325476919,FIRST FAST FOOD COLLECTIVITE,5710,4669C,PME,32547691900049,O,2025-12-06T07:24:49,Strasbourg
6828,528567019,ALTORA - PV,5499,3511Z,PME,52856701900203,O,2025-12-06T06:22:00,Strasbourg
6829,518086939,PVSIX,5710,3511Z,ETI,51808693900148,O,2025-12-06T06:18:33,Strasbourg
6830,750391179,LUDIKLAND 74,5710,9329Z,ETI,75039117900082,O,2025-12-06T06:18:56,Strasbourg
6831,751189119,ACHETER DU NEUF.COM,5499,6831Z,PME,75118911900231,O,2026-01-26T13:12:20,Strasbourg
6832,810263152,LE COMPTOIR MONTAGNARD,5710,4781Z,PME,81026315200060,O,2025-12-11T12:01:10,Strasbourg
6833,803048156,LA RUCHE DEVELOPPEMENT,5710,8299Z,PME,80304815600043,O,2025-12-06T06:16:01,Strasbourg
6834,706520806,SA PRODUITS INDUSTRIELS ET METALLURGIQUE,5710,4669B,ETI,70652080600185,O,2025-12-06T05:15:22,Strasbourg
6835,662018068,DAIMLER BUSES FRANCE SASU,5710,2910Z,ETI,66201806800038,O,2025-12-06T05:43:45,Strasbourg
6836,477647929,L&A FINANCE,5710,6831Z,PME,47764792900090,O,2026-07-24T13:16:10,Montpellier
6837,519013056,CAP SOLAR CORSICA,5499,3511Z,PME,51901305600519,O,2026-02-12T12:00:59,Rennes
6838,534685482,JOSETTE&TIC,5710,4751Z,PME,53468548200042,O,2026-05-19T13:09:33,Rennes
6839,790495907,ONE MEGA SOLAR,5499,3511Z,PME,79049590700095,O,2025-12-06T05:13:01,Rennes
6840,794949917,LE WAGON,5710,8559A,PME,79494991700023,O,2026-01-08T13:18:09,Rennes
6841,539407064,B B N,5710,4772A,PME,53940706400101,O,2025-12-06T05:25:31,Rennes
6842,821721495,IPSO,6220,7490B,PME,82172149500017,O,2026-07-02T13:31:35,Rennes
6843,821804903,NEXHOS XP,5710,6820B,ETI,82180490300127,O,2026-07-29T14:32:19,Rennes
6844,920965670,BATINEO HABITAT,5710,4120A,ETI,92096567000010,O,2026-07-23T10:00:28,Rennes
6845,953299831,HOLDING ROUVRAIS,5499,6420Z,PME,95329983100016,O,2025-12-22T11:01:29,Rennes
6846,950738542,PRESQU'ILE ENERGIES RENOUVELABLES,5710,3511Z,PME,95073854200014,O,2025-12-06T08:32:24,Rennes
6847,901821447,OCELLIS REGIONS,5710,7112B,ETI,90182144700033,O,2026-06-08T13:08:17,Rennes
6848,775573009,FAUN ENVIRONNEMENT,5710,2920Z,ETI,77557300900047,O,2026-02-05T18:31:26,Rennes
6849,301465456,CHAPEL,5710,2822Z,PME,30146545600095,O,2026-07-22T11:31:44,Grenoble
6850,330656638,EBV ELEKTRONIK,5710,4652Z,ETI,33065663800211,O,2026-03-04T16:31:36,Grenoble
6851,380511964,MAT ELEC,5710,4669A,PME,38051196400088,O,2025-12-06T07:41:39,Grenoble
6852,380867325,SETEC OPENCY,5710,7112B,ETI,38086732500033,O,2025-12-06T05:15:21,Grenoble
6853,393656624,RAO RHONE ALPES OUTILLAGE,5710,4674A,PME,39365662400029,O,2025-12-06T07:13:59,Grenoble
6854,395008246,VISIATIV,5710,8299Z,ETI,39500824600013,O,2026-04-08T15:33:34,Grenoble
6855,433624707,COEXYA,5710,6202A,ETI,43362470700017,O,2026-07-22T16:00:35,Grenoble
6856,381035815,BECKER INDUSTRIE S.A.S.,5710,2030Z,ETI,38103581500012,O,2025-12-06T05:23:28,Grenoble
6857,950407502,MG SI,5710,8299Z,ETI,95040750200026,O,2026-02-12T13:14:39,Grenoble
6858,978884914,AUBERT LEFEBVRE ROTUNNO LEVESQUE COMMISSAIRES DE JUSTICE ASSOCIES,5485,6910Z,PME,97888491400018,O,2026-06-17T18:00:21,Rouen
6859,982064768,ASER HALLES PHOTOVOLTAIQUES,5710,3511Z,PME,98206476800012,O,2026-04-27T15:01:08,Rouen
6860,561750845,LEON VINCENT,5710,5229B,ETI,56175084500365,O,2025-12-06T05:57:04,Rouen
6861,393858543,CALESTOR,5710,4651Z,PME,39385854300084,O,2025-12-06T07:26:20,Rouen
6862,399301530,LEGENDRE OUEST,5710,4399C,ETI,39930153000057,O,2025-12-06T06:35:38,Rouen
6863,402432439,GUEUDET SKYLINE NORMANDIE,5499,4511Z,ETI,40243243900089,O,2026-03-26T13:23:40,Rouen
6864,410276679,CONTINENTAL AUTOMOBILES,5710,4511Z,ETI,41027667900058,O,2025-12-06T05:43:36,Rouen
6865,326162013,AGROTECH,5710,4661Z,PME,32616201300014,O,2025-12-06T10:03:46,Rouen
6866,517220349,CHAUTARD SA,5599,4730Z,PME,51722034900248,O,2025-12-06T10:54:32,Dijon
6867,519337075,LE FOURNIL DE L'AUBES ' PAIN,5710,1071C,ETI,51933707500039,O,2025-12-06T08:14:41,Dijon
6868,525156253,LE GOUT DU VIN,5499,4634Z,PME,52515625300045,O,2026-03-10T13:09:05,Dijon
6869,522721703,TRANSARC BOURGOGNE FRANCHE-COMTE,5710,4939A,ETI,52272170300034,O,2025-12-06T07:55:23,Dijon
6870,753507250,SOCIAL CONSEIL 21,5499,7022Z,ETI,75350725000011,O,2026-07-03T11:00:21,Dijon
6871,725820500,CHAUSSURES ADDO SOC,5499,4772A,PME,72582050000173,O,2025-12-06T06:16:36,Dijon
6872,726620172,SAS BAILLY SPORTS,5710,4764Z,PME,72662017200080,O,2025-12-06T10:55:08,Dijon
6873,749961322,CREA'FLORE,5499,4776Z,PME,74996132200031,O,2025-12-06T10:22:21,Dijon
6874,894121748,OPTIC TELECOMS,5710,6110Z,PME,89412174800012,O,2025-12-06T06:03:31,Dijon
6875,898898408,LEGI NOTAIRES,5785,6910Z,PME,89889840800015,O,2025-12-06T05:54:03,Dijon
6876,901810879,LE P'TIT OB,5499,1071D,PME,90181087900014,O,2025-12-06T10:48:53,Dijon
6877,902755693,FORMA SUD EST,5710,8559A,PME,90275569300014,O,2025-12-06T07:33:00,Dijon
6878,798251559,LABORATOIRES URGO HEALTHCARE,5710,7219Z,ETI,79825155900042,O,2026-04-02T13:08:33,Dijon
6879,796080851,SIEGWERK FRANCE SAS,5710,2030Z,ETI,79608085100010,O,2025-12-06T05:43:37,Dijon
6880,797403805,RESEAUX & CABLAGES INFORMATIQUES,5710,6202A,ETI,79740380500097,O,2025-12-06T05:43:52,Dijon
6881,829595230,ARTI RENOVATION CONSEIL,5710,4329A,PME,82959523000048,O,2025-12-06T05:41:18,Dijon
6882,831503966,BC2J EXPERTISES,5710,6621Z,PME,83150396600077,O,2026-05-05T16:00:33,Dijon
6883,831745971,LOCAKASE BOURGOGNE,5710,5210B,PME,83174597100018,O,2025-12-06T10:20:41,Dijon
6884,309515922,PODO-ANJOU-ATLANTIQUE,5710,3250A,PME,30951592200081,O,2025-12-06T05:17:12,Angers
6885,310307533,SOCIETE RAMBAULT MEUBLES,5710,4759A,PME,31030753300086,O,2025-12-06T08:20:54,Angers
6886,333813251,SAFETY-KLEEN FRANCE SERVICES,5710,7830Z,ETI,33381325100282,O,2025-12-06T05:16:17,Angers
6887,319673133,ATLANTIQUE COMPOSANTS,5710,4652Z,PME,31967313300066,O,2025-12-06T07:54:12,Angers
6888,320182447,LE BRAS FRERES,5710,4391A,PME,32018244700021,O,2026-07-03T13:17:27,Angers
6889,330075805,PAYS LOIRE BUREAUTIQUE,5710,4666Z,ETI,33007580500060,O,2025-12-06T05:22:22,Angers
6890,338750680,SARL UNIPERSONNELLE GAUDIN HUBERT,5499,7420Z,PME,33875068000013,O,2025-12-06T09:06:26,Angers
6891,380044784,ESPACE FERMETURES,5499,4332A,PME,38004478400094,O,2025-12-06T11:22:19,Angers
6892,380584672,TIMAEL,5710,4711D,PME,38058467200014,O,2025-12-06T05:15:09,Angers
6893,380590489,ELEC SYSTEM,5499,4669A,ETI,38059048900064,O,2025-12-06T05:14:08,Angers
6894,952432011,EH2 ERV AUTOCONSO,5710,3511Z,PME,95243201100015,O,2026-07-08T10:07:09,Nimes
6895,948972377,BR AUVERGNE,5710,4774Z,ETI,94897237700014,O,2026-02-25T13:13:09,Nimes
6896,775589849,CAVE COOPERATIVE MUSCAT LUNEL,6317,1102B,PME,77558984900014,O,2025-12-06T05:20:19,Nimes
6897,775713969,RHONE PROVENCE LANGUEDOC,5599,6820B,PME,77571396900274,O,2025-12-06T05:19:10,Nimes
6898,884782392,VALDEYRON BRICOLAGE,5710,4752A,PME,88478239200010,O,2025-12-06T06:18:26,Nimes
6899,804222651,LE COMPTOIR DES FACADES,5710,4399A,PME,80422265100015,O,2025-12-06T08:08:47,Nimes
6900,500343421,KAL'ISOL,5499,4329A,PME,50034342100037,O,2026-01-21T13:56:36,Nimes
6901,500510243,EOLIENNES DE GRENEVILLE,5710,3511Z,PME,50051024300057,O,2025-12-06T06:23:37,Nimes
6902,903933430,PFT AERO,5710,8559A,PME,90393343000014,O,2025-12-06T05:34:48,Nimes
6903,775942915,LES VIGNERONS DU SOMMIEROIS,6317,1102B,PME,77594291500015,O,2026-06-04T15:07:00,Nimes
6904,840941017,ALORS FORMATION,5710,8559B,PME,84094101700047,O,2025-12-06T05:38:13,Clermont-Ferrand
6905,850136250,RP FRANCE 86-40,5499,1610B,PME,85013625000030,O,2026-04-14T13:16:57,Clermont-Ferrand
6906,851484501,ICL,5499,5813Z,PME,85148450100016,O,2025-12-06T06:02:25,Clermont-Ferrand
6907,884163395,SASU STELLA,5710,9601B,PME,88416339500038,O,2026-03-11T15:00:28,Clermont-Ferrand
6908,888667235,PRALUS FOREZ AUVERGNE,5710,1071D,PME,88866723500012,O,2025-12-06T05:16:42,Clermont-Ferrand
6909,878186279,RICOM,5710,7112B,ETI,87818627900062,O,2025-12-06T05:27:03,Clermont-Ferrand
6910,878209741,DISTRIMAT SUD,5710,4778C,PME,87820974100056,O,2025-12-06T06:26:09,Clermont-Ferrand
6911,822757191,PRALUS ROANNE,5710,1071D,PME,82275719100017,O,2025-12-06T06:17:13,Clermont-Ferrand
6912,824519169,AUX LAVERIES NAUTILUS,5499,9601B,PME,82451916900018,O,2026-03-25T17:00:47,Clermont-Ferrand
6913,819697186,FX MORIN AUDITION,5499,4774Z,PME,81969718600016,O,2026-07-10T11:00:47,Clermont-Ferrand
6914,433102134,CATHERINE & PIERRE BRETON,5710,4634Z,PME,43310213400015,O,2025-12-06T06:19:20,Tours
6915,414077511,AGENCE SIMON,5499,6831Z,PME,41407751100056,O,2025-12-06T06:20:01,Tours
6916,343066825,VIENNE LOCATION VEHICULES,5710,7711A,PME,34306682500021,O,2025-12-06T09:14:17,Tours
6917,353575046,CABINET D.F. ET ASSOCIES,5710,6910Z,PME,35357504600027,O,2026-02-03T13:14:53,Tours
6918,450007950,MAX,5499,7120A,PME,45000795000063,O,2025-12-06T06:34:23,Tours
6919,391979994,J.L.G. SERVICES,5710,4941A,PME,39197999400038,O,2025-12-06T05:15:33,Tours
6920,359800828,HISLER,5710,4761Z,PME,35980082800014,O,2025-12-06T08:33:43,Metz
6921,363800657,TELMO,5710,3320D,PME,36380065700043,O,2025-12-06T05:13:55,Metz
6922,450073820,CARLAMODA,5499,4771Z,PME,45007382000059,O,2025-12-06T06:15:25,Metz
6923,441937091,ALIZENCHERES,5410,8299Z,PME,44193709100086,O,2026-02-10T13:00:38,Metz
6924,430113225,INSTITUT DES SCIENCES DE L'ENVIRONNEMENT,5499,8559A,PME,43011322500063,O,2025-12-06T05:40:25,Metz
6925,448992172,BERNARD TRUCKS LORRAINE,5710,4520B,ETI,44899217200073,O,2025-12-06T05:20:09,Metz
6926,444054001,CHL EST,5710,1610B,PME,44405400100078,O,2025-12-06T05:21:45,Metz
6927,534240841,PRESSING SADLER,5710,9601B,PME,53424084100013,O,2025-12-06T06:17:20,Metz
6928,535110340,A.D.S 67 AIR DECONTAMINATION SERVICES,5710,8121Z,PME,53511034000044,O,2025-12-06T09:24:24,Metz
6929,530572460,FLORNE,5710,4776Z,PME,53057246000034,O,2025-12-06T10:46:58,Metz
6930,582054862,PIERRE BALMAIN,5710,1413Z,ETI,58205486200013,O,2026-01-14T12:38:28,Metz
6931,602047391,SOC GERANCE DE WAGONS DE GRANDE CAPACITE,5710,3317Z,ETI,60204739100233,O,2026-03-04T18:00:32,Metz
6932,423309137,STEPHANE CARMILLE COMMUNICATION,5499,4742Z,PME,42330913700044,O,2026-03-10T13:09:13,Besancon
6933,421974064,INETEC,5710,2899B,PME,42197406400048,O,2025-12-06T06:22:50,Besancon
6934,439928862,GROUPE MARJO 2,5710,6420Z,PME,43992886200036,O,2025-12-06T05:39:33,Besancon
6935,440018356,CAMELIN,5710,2562A,PME,44001835600012,O,2025-12-06T10:49:43,Besancon
6936,440051175,FRANCHE-COMTE MINERAL,5710,2399Z,PME,44005117500030,O,2025-12-06T06:13:17,Besancon
6937,501233001,MEPHIS TOH CONSEIL,5710,6920Z,PME,50123300100061,O,2026-05-06T13:14:10,Besancon
6938,501499602,KRANA IMPORT-EXPORT SARL,5499,4639B,PME,50149960200016,O,2025-12-06T05:52:36,Besancon
6939,440778181,SARL ARMUREREIE DES 7 RIVIERES,5499,4764Z,PME,44077818100014,O,2025-12-06T06:22:16,Besancon
6940,440786523,GUGLER FRANCE,5599,4673A,PME,44078652300041,O,2025-12-06T05:37:40,Besancon
6941,413182874,SARL SMI,5710,4759B,PME,41318287400029,O,2026-07-07T18:30:28,Orleans
6942,377622188,INFOR (FRANCE) SAS,5710,5829C,ETI,37762218800243,O,2026-05-27T15:57:44,Orleans
6943,343044855,DESHAYES CARBURANTS,5499,4730Z,PME,34304485500017,O,2025-12-06T06:51:29,Orleans
6944,343497590,HELIOGREEN SAS,5710,4661Z,ETI,34349759000061,O,2025-12-06T10:51:58,Orleans
6945,349876847,MEHAT CLOTURES 72,5710,2361Z,ETI,34987684700105,O,2026-07-30T18:00:24,Orleans
6946,353027675,NASSE ET MARCHAND DEMENAGEMENT,5499,4942Z,ETI,35302767500019,O,2025-12-06T05:43:36,Orleans
6947,348134040,VERGNET S.A. (VSA),5599,2811Z,PME,34813404000073,O,2026-03-05T13:11:17,Orleans
6948,348324831,CADRES BLANCS - AFFICHEURS,5710,7312Z,PME,34832483100042,O,2025-12-06T05:16:06,Orleans
6949,329403422,FRANCE FERMETURES,5710,2512Z,ETI,32940342200051,O,2025-12-06T05:59:13,Orleans
6950,444486591,LOGISTIQUE DU CENTRE,5710,5210B,ETI,44448659100068,O,2025-12-06T06:28:23,Orleans
6951,445053259,TEREO,5499,7112B,PME,44505325900021,O,2025-12-06T09:45:23,Orleans
6952,441827425,SOC DES VENTES VOLONTAIRES POUSSE CORNET,5499,6910Z,PME,44182742500014,O,2025-12-06T05:20:37,Orleans
6953,334536802,SOTRAPID,5710,4941A,PME,33453680200021,O,2025-12-06T05:25:29,Orleans
6954,385038146,NOVADELTA FRANCE,5499,4637Z,PME,38503814600069,O,2026-03-13T12:01:52,Orleans
6955,910193234,SOVITRAT 56,5710,7820Z,ETI,91019323400010,O,2025-12-06T06:13:11,Mulhouse
6956,913976890,OXO WASH,5710,4520A,PME,91397689000016,O,2026-04-08T10:59:26,Mulhouse
6957,851718916,NEXALIA ALPES,5710,4110A,PME,85171891600030,O,2026-07-22T15:00:42,Mulhouse
6958,801504374,CABINET IMMOREN,5499,7490A,PME,80150437400043,O,2026-08-06T09:09:23.960,Mulhouse
6959,889204061,MILLAUTO LOSANGE MULHOUSE,5710,4511Z,ETI,88920406100010,O,2025-12-06T05:22:35,Mulhouse
6960,882360282,SOLEFRA 19 SAS,5710,3511Z,ETI,88236028200025,O,2025-12-06T05:50:10,Mulhouse
6961,304926595,SOCIETE GETECOM,5599,6920Z,PME,30492659500014,O,2025-12-06T05:53:37,Caen
6962,057505604,ETABLISSEMENTS P. GERARD ET PEYSSON,5710,4674A,ETI,05750560400116,O,2025-12-06T05:40:46,Caen
6963,316830587,BRONSWERK SNORI,5710,2825Z,PME,31683058700010,O,2025-12-15T15:43:31,Caen
6964,317736304,SOTUMEC,5699,3320A,ETI,31773630400039,O,2025-12-06T05:43:36,Caen
6965,318292224,MEUBLES GIMAZANE,5710,4759A,PME,31829222400025,O,2025-12-06T11:04:28,Caen
6966,320889769,MATBETON,5710,2920Z,PME,32088976900024,O,2025-12-06T07:13:59,Caen
6967,887991610,JP OCEAN,5710,6499Z,ETI,88799161000098,O,2025-12-06T06:27:18,Caen
6968,821643145,CELINE BIDAUX,5499,9602B,PME,82164314500013,O,2025-12-06T05:25:39,Caen
6969,487839193,LABORATOIRE LEMOINE AUDITION,5499,4774Z,PME,48783919300033,O,2025-12-06T10:09:34,Caen
6970,488548009,LABORATOIRE DE BIOLOGIE MEDICALE BIORIV',5485,8690B,PME,48854800900015,O,2025-12-06T06:03:23,Caen
6971,498474600,FOLLIOT CAEN SUD,5710,6831Z,PME,49847460000026,O,2025-12-06T06:24:57,Caen
6972,483576336,DE GRAET CONSULTING,5710,7022Z,PME,48357633600042,O,2025-12-06T07:18:02,Caen
6973,489441774,SEANEO,5499,7120B,PME,48944177400028,O,2025-12-06T06:05:58,Caen
6974,918630831,LAUTYMO,5710,6820B,PME,91863083100066,O,2025-12-06T07:22:42,Nancy
6975,899336614,GENESTSANTE,5499,9604Z,PME,89933661400016,O,2026-06-10T10:47:08,Nancy
6976,909010852,MLM STORE,5710,4674A,PME,90901085200012,O,2026-03-25T13:14:16,Nancy
6977,306250119,PANORAMA 88,5451,4761Z,PME,30625011900014,O,2025-12-06T06:22:24,Nancy
6978,307150334,SA COUVAL,5710,1623Z,ETI,30715033400018,O,2025-12-06T05:15:21,Nancy
6979,071502462,KARTING,5710,1413Z,PME,07150246200089,O,2025-12-06T05:42:51,Nancy
6980,303458053,STYLEXPORT FRANCE,5499,4759A,PME,30345805300079,O,2025-12-06T06:25:41,Nancy
6981,309135796,CENTRE DE FORMATION PIGNON,5710,8553Z,PME,30913579600014,O,2025-12-06T05:59:56,Nancy
6982,799464649,HM DEVELOPPEMENT,5499,9602B,PME,79946464900034,O,2025-12-06T06:08:33,Poitiers
6983,792007304,FRASER FRANCE,5710,3312Z,PME,79200730400084,O,2025-12-06T05:18:43,Poitiers
6984,800734923,TEDELEC EVENT,5710,9002Z,PME,80073492300017,O,2025-12-06T06:19:54,Poitiers
6985,734800410,GARANKA CENTRE OUEST,5710,4322B,ETI,73480041000031,O,2025-12-06T08:02:30,Poitiers
6986,562027623,A L'OLIVIER GROUPE,5710,8292Z,ETI,56202762300056,O,2025-12-06T06:48:23,Poitiers
6987,642049514,HAAR FRANCE,5710,4669B,PME,64204951400051,O,2026-01-26T16:00:22,Poitiers
6988,649200334,MAGASINS BLEUS,5710,4799A,PME,64920033401409,O,2025-12-06T06:03:30,Poitiers
6989,345325179,ETS GUILLOT SA,5710,4776Z,PME,34532517900017,O,2025-12-06T10:27:11,Poitiers
6990,571780352,AQUITAINE RESEAUX,5710,4222Z,ETI,57178035200043,O,2025-12-06T05:14:47,Poitiers
6991,572041192,AQUA 65,5599,3511Z,PME,57204119200061,O,2025-12-06T06:32:20,Poitiers
6992,574800652,ROY,5710,4669A,PME,57480065200038,O,2025-12-06T11:15:29,Poitiers
6993,527537443,JRS CONSEILS,5710,6831Z,PME,52753744300063,O,2025-12-06T06:18:33,Poitiers
6994,811472687,EDLM,5499,4754Z,PME,81147268700011,O,2025-12-06T06:19:21,Poitiers
6995,821809704,TECHNIQUE SOLAIRE INVEST 33,5499,3511Z,ETI,82180970400058,O,2025-12-06T07:14:31,Poitiers
6996,821809779,TECHNIQUE SOLAIRE INVEST 35,5499,3511Z,ETI,82180977900050,O,2025-12-06T09:40:06,Poitiers
6997,983527847,EUREX - FIDUCIAIRE EUROPEENNE HAUTE-SAVOIE,5710,6920Z,PME,98352784700013,O,2025-12-06T05:38:13,Annecy
6998,478968043,CHANTACO 2,5710,6820B,PME,47896804300024,O,2026-08-26T08:56:02.916,Annecy
6999,381230259,LES CRUS DE SAINT VINCENT,5499,4617B,PME,38123025900065,O,2025-12-06T06:13:01,Annecy
7000,339964462,FOURNITURES INDUSTRIELLES BILLET FOURNIER,5710,4669B,ETI,33996446200040,O,2025-12-06T06:27:15,Annecy
7001,340451574,PARTIR,5710,7912Z,PME,34045157400040,O,2025-12-06T05:56:33,Annecy
7002,340781301,SARL PACHIAUDI,5499,4511Z,PME,34078130100015,O,2025-12-06T08:59:57,Annecy
7003,382598266,LIGNALPES,5710,1610A,ETI,38259826600015,O,2026-07-17T17:06:36,Annecy
7004,383676434,UNION INDUSTRIELLE,5699,6622Z,PME,38367643400038,O,2025-12-06T09:50:47,Annecy
7005,378445746,COCHET AUTOMOBILES SAS,5710,4511Z,ETI,37844574600076,O,2025-12-06T06:03:22,Annecy
7006,378861645,LA SOURCE AUX FRUITS,5710,4631Z,PME,37886164500059,O,2025-12-06T05:20:46,Annecy
7007,379037559,ERIKS,5710,4669B,ETI,37903755900091,O,2025-12-06T07:32:42,Annecy
7008,379141963,CABINET D'EXPERTISES TECHNIQUES,5499,6621Z,ETI,37914196300049,O,2025-12-06T05:51:36,Annecy
7009,344576681,BEAUTE CONCEPT HOLDING,5710,7010Z,PME,34457668100201,O,2025-12-06T05:19:29,Annecy
7010,393344809,CAMPINGS ANNECY,5710,6820B,PME,39334480900016,O,2025-12-06T05:39:03,Annecy
7011,341379600,TARDIVEL CHAUSSURES,5710,4772A,PME,34137960000016,O,2025-12-06T11:14:10,Annecy
7012,389337817,SOCIETE D'ASSISTANCE ET GESTION DU STATIONNEMENT,5710,5221Z,ETI,38933781700065,O,2025-12-06T11:06:47,Paris
7013,342879400,RALPH LAUREN FRANCE SAS,5710,4771Z,ETI,34287940000139,O,2026-06-24T13:06:58,Paris
7014,349721902,QUARTA,5785,7112A,PME,34972190200071,O,2026-04-08T18:31:27,Paris
7015,562100107,LAURA TODD,5710,5610C,PME,56210010700217,O,2025-12-06T05:56:41,Paris
7016,572094506,LA PALETTE,5710,4673B,PME,57209450600100,O,2025-12-06T06:25:34,Paris
7017,414057992,BARNES,5710,6831Z,ETI,41405799200136,O,2026-07-20T13:07:33,Paris
7018,424860435,VACANCES BLEUES RESIDENCES,5710,5510Z,ETI,42486043500173,O,2025-12-06T08:52:07,Paris
7019,972505416,FRANCE ASPIRATEURS,5710,4754Z,PME,97250541600065,O,2025-12-06T10:00:51,Lyon
7020,918951849,ZUNDER FRANCE,5710,3514Z,PME,91895184900044,O,2026-06-22T13:36:29,Lyon
7021,811089549,CAP VERT SOLARENERGIE PROJET 1,5499,3511Z,ETI,81108954900158,O,2025-12-06T09:40:38,Marseille
7022,794403444,TENAOC-BATTLE,5710,3511Z,ETI,79440344400159,O,2025-12-06T05:12:47,Marseille
7023,799400767,GIVREE BOUTIQUES,5710,5610C,ETI,79940076700106,O,2025-12-06T06:27:25,Marseille
7024,539679555,B & C,5710,8810A,PME,53967955500018,O,2026-01-29T13:12:44,Marseille
7025,921795464,RS AC D1,5710,3511Z,ETI,92179546400012,O,2025-12-06T10:48:53,Marseille
7026,784691370,BURO DEVELOPPEMENT,5710,4762Z,PME,78469137000208,O,2025-12-06T06:18:32,Toulouse
7027,503149007,ELECSOL LA REUNION 1,5499,3511Z,ETI,50314900700059,O,2025-12-06T08:29:16,Lille
7028,399267079,CAP 5,5710,7911Z,PME,39926707900024,O,2025-12-06T05:33:04,Lille
7029,397601220,TEMPKA,5710,4777Z,PME,39760122000015,O,2026-07-14T13:12:03,Lille
7030,345030100,S.D.K.,5710,4719B,PME,34503010000043,O,2025-12-06T06:41:50,Lille
7031,307616318,LOCATION VEHICULES INDUSTRIELS,5710,7712Z,ETI,30761631800134,O,2025-12-06T05:52:29,Lille
7032,418279634,PETER POLO DIFFUSION,5710,4771Z,PME,41827963400152,O,2025-12-06T08:52:07,Lille
7033,341463032,MCA BUREAUTIQUE,5710,6202A,PME,34146303200043,O,2025-12-06T05:15:55,Lille
7034,518708003,BATISOLAIRE 8,5710,3511Z,PME,51870800300356,O,2025-12-06T06:16:01,Bordeaux
7035,335185146,MAISONS MCA,5710,4120A,ETI,33518514600024,O,2026-06-26T16:31:45,Bordeaux
7036,490550712,EFECTIS FRANCE,5710,7120B,PME,49055071200163,O,2025-12-06T05:11:05,Nantes
7037,753498450,COTON DOUX PARIS,5499,4771Z,PME,75349845000018,O,2025-12-06T06:22:25,Nantes
7038,451354005,EMERA EXPLOITATIONS,5710,8710A,ETI,45135400500188,O,2025-12-06T05:39:18,Nantes
7039,799222823,"ERESE (ENERGIE, RESEAUX, ENVIRONNEMENT)",5710,7112B,ETI,79922282300012,O,2026-03-27T13:15:01,Nantes
7040,778770081,OTE INGENIERIE,5710,7112B,PME,77877008100017,O,2025-12-06T07:18:48,Strasbourg
7041,558501144,WOEHL ET COMPAGNIE,5599,5229B,ETI,55850114400080,O,2026-06-24T10:00:39,Strasbourg
7042,498802065,ORTAL FORMATIONS,5499,8559A,PME,49880206500116,O,2025-12-06T05:38:27,Strasbourg
7043,822482519,WILLING,5710,7022Z,PME,82248251900029,O,2026-07-27T20:31:20,Strasbourg
7044,822896239,KAP ALSACE,5710,5610C,PME,82289623900016,O,2026-07-23T19:01:06,Strasbourg
7045,922399266,MCO.DIS,5499,4730Z,PME,92239926600084,O,2025-12-06T07:46:13,Strasbourg
7046,915401327,NEO2 BUSINESS,5710,7490B,ETI,91540132700019,O,2026-02-16T13:14:19,Strasbourg
7047,827615634,REPAIR AND RUN,5710,4520A,PME,82761563400074,O,2025-12-06T06:34:49,Strasbourg
7048,820947240,LUXSY,5710,4777Z,PME,82094724000033,O,2025-12-06T06:29:55,Strasbourg
7049,808309629,ADIRAL ASSISTANCE,5710,8690F,PME,80830962900018,O,2026-01-26T13:11:44,Strasbourg
7050,831894381,HR PATH WD,5710,6202A,ETI,83189438100035,O,2025-12-09T10:31:34,Strasbourg
7051,907629976,NEO2 MANAGEMENT,5710,7112B,ETI,90762997600016,O,2026-03-09T13:12:36,Strasbourg
7052,751598087,FERME EOLIENNE DE LA SABLIERE,5710,3511Z,PME,75159808700094,O,2026-08-06T09:09:23.479,Strasbourg
7053,512402967,LIO,5710,9603Z,PME,51240296700016,O,2026-08-05T13:12:03.042,Strasbourg
7054,309458008,SARL CHAUSSURES ERBE,5499,4772A,PME,30945800800146,O,2025-12-06T06:27:00,Montpellier
7055,350569257,LE CELLIER DES CIGALES,5499,4725Z,PME,35056925700164,O,2026-07-15T14:00:47,Montpellier
7056,435000450,MOULIN ROTY LA BOUTIQUE,5499,4765Z,PME,43500045000013,O,2025-12-22T13:10:14,Montpellier
7057,339757411,LOCATION GESTION DE LA REUNION,5499,6832A,PME,33975741100121,O,2025-12-06T11:09:55,Montpellier
7058,389324468,LOCADOUR GUYENNE LANGUEDOC ROUSSILLON,5710,7739Z,ETI,38932446800013,O,2026-02-18T11:01:14,Montpellier
7059,513742163,OMEGA SOL,5202,3511Z,PME,51374216300225,O,2025-12-06T06:40:53,Montpellier
7060,519726582,AX CONSEIL,5710,7820Z,PME,51972658200116,O,2025-12-06T05:43:37,Montpellier
7061,524252020,LR ENERGY,5710,7112B,ETI,52425202000176,O,2025-12-06T05:20:57,Montpellier
7062,534484308,OPHTACENTER,5785,8622C,PME,53448430800026,O,2025-12-06T11:22:27,Montpellier
7063,831347000,HANDIWORK,5710,8559B,PME,83134700000034,O,2026-03-30T13:09:56,Rennes
7064,799430483,E.D.OUEST,5710,4321A,PME,79943048300039,O,2026-08-24T14:35:51.432,Rennes
7065,316944156,BPM CARS - ELLIPSE,5710,4511Z,ETI,31694415600173,O,2025-12-06T06:21:36,Rennes
7066,562006205,INSTITUT POUR L'EDITION LA COMM INFORMAT,5599,8559A,PME,56200620500057,O,2025-12-06T05:39:55,Grenoble
7067,388269078,FRANCE LOCATION,5499,5520Z,ETI,38826907800092,O,2026-01-08T16:01:23,Grenoble
7068,409714474,DEMATHIEU BARD BATIMENT SUD-EST,5710,4120B,ETI,40971447400049,O,2026-03-26T13:11:01,Grenoble
7069,400970406,ALPHA CUEFF CONSTRUCTION,5499,6831Z,PME,40097040600023,O,2025-12-06T06:15:42,Grenoble
7070,423705912,CENTRE RESSOURCES AROBASE,5710,8559A,PME,42370591200057,O,2025-12-06T05:40:33,Grenoble
7071,423888932,EUROPE SERVICES PROPRETE,5710,8121Z,ETI,42388893200088,O,2025-12-06T05:43:36,Grenoble
7072,552076010,AVNET EMG FRANCE,5710,4652Z,ETI,55207601000396,O,2026-02-18T16:31:33,Grenoble
7073,489686659,SELURL DOCTEUR MARC VAREILLES,5485,8621Z,PME,48968665900025,O,2025-12-06T07:35:37,Grenoble
7074,324205640,LA GRANDE BRADERIE,5599,4778C,PME,32420564000018,O,2025-12-06T06:50:35,Grenoble
7075,348772955,SECURITE PROTECTION,5599,8010Z,PME,34877295500079,O,2025-12-06T05:53:37,Rouen
7076,329107726,AFFICHAGE CLG,5710,7312Z,PME,32910772600138,O,2025-12-06T05:14:08,Rouen
7077,448982967,COBALYS,5710,4675Z,ETI,44898296700037,O,2026-06-23T17:30:46,Rouen
7078,600500920,BIJOUTERIE LEPAGE LILLE,5499,4777Z,PME,60050092000050,O,2026-05-06T15:00:13,Rouen
7079,412987398,OPTRON,5710,4778A,PME,41298739800010,O,2025-12-06T05:13:42,Rouen
7080,421092305,SOC DES CARRIERES DE VIGNATS,5710,0812Z,ETI,42109230500018,O,2025-12-06T05:25:30,Rouen
7081,803209766,RECORH,5499,7820Z,PME,80320976600093,O,2026-03-26T13:00:42,Rouen
7082,391424256,ALAUA,5599,7711A,PME,39142425600108,O,2025-12-06T10:54:02,Rouen
7083,508196839,PARLYM PROJECT MANAGEMENT,5710,7112B,ETI,50819683900122,O,2025-12-15T17:00:57,Rouen
7084,837502434,INTERACTION BOURGOGNE,5710,7820Z,ETI,83750243400058,O,2025-12-06T05:17:14,Dijon
7085,844281998,KOREVIE KINESIOLOGIE,5499,9609Z,PME,84428199800048,O,2025-12-06T06:32:13,Dijon
7086,850876525,MARGOT,5499,4771Z,PME,85087652500070,O,2025-12-06T05:16:53,Dijon
7087,889006904,CABINET CHIRURGICAL DIJON,5785,8621Z,PME,88900690400011,O,2025-12-06T05:19:12,Dijon
7088,889366498,FERRANDI-CCI PARIS ILE DE FRANCE,5599,8559B,ETI,88936649800034,O,2026-02-06T15:34:08,Dijon
7089,892793720,VILLE A JOIE,5710,8230Z,PME,89279372000020,O,2025-12-06T05:54:03,Dijon
7090,890049703,DR R. MADKOURI,5485,8622B,PME,89004970300055,O,2025-12-06T11:12:38,Dijon
7091,818511958,BERNARDIN,5499,1071C,PME,81851195800014,O,2025-12-06T05:19:51,Dijon
7092,822440319,JILEO,5710,2511Z,PME,82244031900017,O,2025-12-06T08:00:39,Dijon
7093,822574489,V.A.M.P.,5710,8211Z,PME,82257448900032,O,2025-12-06T07:01:14,Dijon
7094,824887707,BOUCHERIE CINAR,5499,4711D,PME,82488770700019,O,2026-02-16T13:09:38,Dijon
7095,820296119,AIR +,5710,4774Z,ETI,82029611900028,O,2025-12-06T05:16:41,Dijon
7096,310800412,SANIT FRANCE OUEST,5710,4673B,PME,31080041200077,O,2025-12-06T06:41:41,Angers
7097,439946971,ENTREP RENOVATION ISOLATION DE LA MAISON,5499,4120B,PME,43994697100033,O,2025-12-06T05:38:42,Angers
7098,501273866,KREOS,5499,4669B,PME,50127386600035,O,2026-07-06T12:47:27,Angers
7099,979826336,DAVID PROJECT PARTICIPATIONS I,5710,3511Z,PME,97982633600088,O,2026-07-10T15:00:50,Angers
7100,952164481,FOCSIE EVAL,5710,7490B,PME,95216448100014,O,2026-07-23T15:31:37,Angers
7101,952605350,BATI CONSEIL&FORMATION OUEST,5499,8559A,PME,95260535000018,O,2025-12-06T08:10:33,Angers
7102,914791983,FLOCTEX DISTRIBUTION,5710,4642Z,PME,91479198300028,O,2025-12-06T05:41:04,Nimes
7103,381525351,THE NEW CANCAN,5710,5630Z,PME,38152535100080,O,2025-12-06T05:52:06,Nimes
7104,381915826,INSTIT PRIVE FORMAT COMMUNIC ENTREPRISES,5499,8542Z,PME,38191582600030,O,2025-12-06T09:26:57,Nimes
7105,383679180,G 2 A,5710,4669B,PME,38367918000026,O,2025-12-06T05:24:47,Nimes
7106,383772431,IMMOVEILLE,5499,8010Z,PME,38377243100060,O,2025-12-06T07:05:02,Nimes
7107,344863436,CARRIERES DES CONQUETTES,5499,2370Z,PME,34486343600053,O,2025-12-06T07:24:04,Nimes
7108,392549663,TIXA BETON,5710,2363Z,PME,39254966300012,O,2026-04-23T13:09:40,Nimes
7109,393525993,DRAKA COMTEQ FRANCE,5710,2731Z,ETI,39352599300522,O,2025-12-06T06:39:27,Nimes
7110,342305711,POTERIE LA MADELEINE,5499,4649Z,PME,34230571100018,O,2025-12-06T08:39:36,Nimes
7111,387472954,FERT MATERIELS,5499,4661Z,PME,38747295400016,O,2025-12-06T05:41:23,Nimes
7112,384750709,INTERSON PROTAC,5710,3250A,ETI,38475070900022,O,2025-12-06T05:14:08,Nimes
7113,399369479,S.H.C.B. GESTION,5710,5629A,ETI,39936947900031,O,2025-12-06T05:43:28,Nimes
7114,409449923,SOCIETE FRANCO CONTINENTALE DE CHARBONS,5710,4671Z,ETI,40944992300187,O,2025-12-06T05:43:44,Nimes
7115,917050106,SOCIETE D'OPTIQUE SCHMITT,5710,4778A,PME,91705010600322,O,2025-12-06T10:00:36,Clermont-Ferrand
7116,909454928,FORMA AURA,5710,8542Z,PME,90945492800013,O,2025-12-25T13:20:16,Clermont-Ferrand
7117,912969839,AMESAKU,5710,5610C,PME,91296983900055,O,2026-03-06T17:46:45,Clermont-Ferrand
7118,779206606,GAUDRIOT IEA - INGENIEURS CONSEILS,5599,6820B,PME,77920660600070,O,2025-12-06T05:40:41,Clermont-Ferrand
7119,982558785,ENAVANT,5710,6831Z,PME,98255878500019,O,2026-03-25T13:13:02,Clermont-Ferrand
7120,520442302,AUVERCLIM,5710,4322B,PME,52044230200060,O,2026-08-20T13:09:16.395,Clermont-Ferrand
7121,423458280,ESJ PRO,5710,8559A,ETI,42345828000074,O,2026-08-14T15:31:00.945,Clermont-Ferrand
7122,301866026,EQUIP'FROID,5710,3320B,PME,30186602600018,O,2026-08-06T09:09:25.575,Clermont-Ferrand
7123,794710798,CERCY,5710,3511Z,PME,79471079800016,O,2026-08-05T12:00:52.758,Clermont-Ferrand
7124,888845864,PRUNET LAVAGE,5710,4520A,PME,88884586400055,O,2025-12-06T05:19:32,Clermont-Ferrand
7125,890373228,COOPERATIVE AUVERGNATE DE L'ALIMENTATION DE PROXIMITE,5560,8299Z,PME,89037322800067,O,2026-07-16T14:34:35,Clermont-Ferrand
7126,898018379,PORRIMA,5499,4759B,PME,89801837900013,O,2025-12-06T06:27:26,Clermont-Ferrand
7127,898208764,ZD ACADEMY,5499,8559B,PME,89820876400024,O,2025-12-06T06:13:34,Clermont-Ferrand
7128,068200310,STE D ETUDES ROUTES ET CANALIS,5499,7112B,PME,06820031000099,O,2025-12-06T05:39:03,Clermont-Ferrand
7129,381099266,CALYPSO CONFECTION,5499,4771Z,PME,38109926600094,O,2025-12-06T06:15:07,Tours
7130,527760961,M.B.C. REMORQUES,5710,4519Z,PME,52776096100013,O,2025-12-06T07:07:25,Tours
7131,510917354,CONSULTANT SECURITE BATIMENT,5710,7490B,PME,51091735400019,O,2025-12-06T11:07:18,Tours
7132,510932007,SOLYOS 1,5499,3511Z,PME,51093200700089,O,2025-12-06T06:16:10,Tours
7133,524193166,GARAGE FILLON,5710,4520A,PME,52419316600047,O,2025-12-06T06:26:31,Tours
7134,803285345,GMC,5710,5221Z,PME,80328534500010,O,2026-06-08T11:31:40,Tours
7135,664800422,MARCEUL SA,5599,4531Z,PME,66480042200084,O,2025-12-06T09:31:21,Tours
7136,413171455,SAS VICTOR HUGO,5710,6820B,PME,41317145500020,O,2025-12-06T10:52:44,Metz
7137,428778120,MC INTERIM 3,5710,7820Z,PME,42877812000058,O,2026-06-12T12:33:00,Metz
7138,428828180,SOLOGIS,5710,5224B,ETI,42882818000011,O,2025-12-06T10:50:08,Metz
7139,414475046,NEOVIA LOGISTICS SERVICES (FRANCE),5710,5210B,ETI,41447504600028,O,2025-12-06T06:15:07,Metz
7140,414815290,TRANSPORTS GEORGES ET SCHMITT VRAC,5710,4941A,ETI,41481529000047,O,2025-12-06T05:32:23,Metz
7141,483830162,DS 54,5710,4942Z,ETI,48383016200077,O,2025-12-06T05:08:33,Metz
7142,488792383,ARTEMYS,5710,8559A,PME,48879238300074,O,2025-12-06T05:19:11,Metz
7143,485277289,FIFAM,5710,4711F,ETI,48527728900016,O,2025-12-19T11:01:16,Metz
7144,487500530,TERRE LORRAINE,5710,6831Z,PME,48750053000380,O,2025-12-06T06:45:28,Metz
7145,809138076,SARL SES AMNEVILLE,5499,4771Z,PME,80913807600017,O,2025-12-06T11:03:22,Metz
7146,809511256,ALSACE PIANOS,5710,4759B,PME,80951125600012,O,2025-12-06T05:23:29,Metz
7147,812755296,FAUVE,5710,5610A,PME,81275529600058,O,2026-05-07T16:00:37,Metz
7148,789929932,CAPSTONE SERVICES TECHNIQUES,5499,8110Z,PME,78992993200075,O,2026-04-09T13:12:32,Metz
7149,441641222,ARCHITECTURES A. SCARANELLO,5785,7111Z,PME,44164122200027,O,2025-12-06T05:41:16,Besancon
7150,502070501,PIERRES DE FRANCE,5499,6810Z,PME,50207050100015,O,2026-05-05T13:09:29,Besancon
7151,484982962,MAURET BILLEREY,5499,2319Z,PME,48498296200041,O,2025-12-06T05:21:26,Besancon
7152,923138457,SARL ABI.RC,5499,5610C,PME,92313845700018,O,2025-12-06T06:22:27,Besancon
7153,921538658,DECAYEUX LUXE,5710,2441Z,ETI,92153865800011,O,2025-12-06T05:25:15,Besancon
7154,922038070,TRIPLAST,5710,3832Z,PME,92203807000012,O,2025-12-06T06:57:04,Besancon
7155,922218862,ID'EES NUMERIQUE,5499,6202A,ETI,92221886200014,O,2025-12-06T05:22:44,Besancon
7156,385100912,SODIMAVI,5710,4531Z,PME,38510091200059,O,2025-12-06T05:13:42,Orleans
7157,379816655,HERSANT IMMOBILIER,5499,6831Z,PME,37981665500029,O,2025-12-06T06:34:47,Orleans
7158,388744914,ESPACE LOGGIA EXPANSION,5710,4759A,PME,38874491400044,O,2026-07-24T13:18:25,Orleans
7159,511055121,SABLES ET MINERAUX,5710,0812Z,PME,51105512100012,O,2026-07-30T11:31:28,Orleans
7160,529342503,ADWORK'S,5710,7820Z,ETI,52934250300156,O,2026-01-08T18:31:31,Orleans
7161,529849275,ADFAB CONNECT,5499,6201Z,PME,52984927500068,O,2025-12-06T06:46:00,Orleans
7162,530297134,CENTRE FRANCE EVENEMENTS,5710,8230Z,ETI,53029713400047,O,2026-07-27T12:00:38,Orleans
7163,749896130,MODE DECORATION ACCESSOIRES MDA,5710,4642Z,PME,74989613000012,O,2025-12-06T05:20:47,Orleans
7164,750730020,ADWORK'S 2,5710,7820Z,ETI,75073002000070,O,2026-01-06T12:31:29,Orleans
7165,534897293,TEAMEX,5710,8121Z,ETI,53489729300062,O,2025-12-06T05:14:10,Orleans
7166,531770709,CS PLUS,5710,4391B,PME,53177070900065,O,2025-12-06T07:42:40,Orleans
7167,793810326,SERVICE ASSISTANCE BATIMENT,5710,4322A,PME,79381032600033,O,2025-12-06T06:05:58,Orleans
7168,788798171,RAS 190,5710,7820Z,ETI,78879817100047,O,2025-12-06T05:20:10,Orleans
7169,801835158,EFFICIO,5710,6619B,PME,80183515800040,O,2025-12-06T06:23:14,Orleans
7170,802575282,TOUS AU CHATEAU,5499,9103Z,PME,80257528200016,O,2025-12-06T08:12:26,Orleans
7171,804426849,GROUPE LES P'TITS CLOUS,5710,6420Z,PME,80442684900019,O,2026-07-07T05:13:02,Orleans
7172,895286573,SELARL DU DOCTEUR IDER,5485,8622C,PME,89528657300012,O,2025-12-06T09:46:34,Mulhouse
7173,890935919,MVP CARE,5710,8121Z,PME,89093591900013,O,2025-12-06T09:08:25,Mulhouse
7174,892067331,SOLEFRA 39 SAS,5710,3511Z,PME,89206733100025,O,2025-12-06T06:42:08,Mulhouse
7175,301482634,ETABLISSEMENTS M. ET G. KELCHLIN SARL,5499,4771Z,PME,30148263400013,O,2025-12-06T06:21:36,Mulhouse
7176,301918447,ALFYMA INDUSTRIE,5710,3320B,ETI,30191844700063,O,2025-12-06T05:25:04,Mulhouse
7177,304907025,SCHAFFNER EMC,5710,4652Z,ETI,30490702500106,O,2025-12-06T05:16:17,Mulhouse
7178,503365397,BATI ARMOR,5710,4110A,ETI,50336539700051,O,2026-06-01T15:00:36,Caen
7179,479238727,RUAUX AGRICOLE,5710,4661Z,ETI,47923872700016,O,2025-12-06T05:25:38,Caen
7180,452277791,MARY MOTO,5710,4540Z,ETI,45227779100029,O,2026-03-20T12:01:00,Caen
7181,509366456,RFC PEINTURE,5499,4752B,PME,50936645600028,O,2025-12-06T06:15:08,Caen
7182,334426277,LOISIRS 14,5202,5530Z,PME,33442627700128,O,2026-03-25T09:00:26,Caen
7183,501588164,MAISONS TECO,5710,4120A,PME,50158816400084,O,2026-06-30T13:17:36,Caen
7184,501713077,GERIANCE,5710,8730A,ETI,50171307700011,O,2025-12-06T05:40:47,Caen
7185,512345992,SELARL JURIADIS GORAND - DELAPLACE - GODARD - DEBUYS - LERABLE - LE BRET - AKLI - SANSON,5485,6910Z,PME,51234599200097,O,2025-12-06T11:32:09,Caen
7186,309745891,ALPHAPRO GROUPE,5710,2221Z,ETI,30974589100056,O,2025-12-06T05:15:44,Nancy
7187,380623868,EXCO NEXIOM AUDIT,5710,6920Z,ETI,38062386800037,O,2026-07-01T14:32:52,Nancy
7188,500966502,EMBALLAGES INDUSTRIELS LOGISTIQUE SERVICES,5710,1624Z,PME,50096650200055,O,2025-12-06T05:17:13,Nancy
7189,948322151,VASCU EST,5485,8622B,PME,94832215100010,O,2025-12-06T08:37:37,Nancy
7190,339759805,INTERFAS,5710,1812Z,ETI,33975980500023,O,2025-12-06T05:16:17,Nancy
7191,818509804,NEW DEAL CE,5499,7912Z,PME,81850980400022,O,2026-06-02T16:01:02,Poitiers
7192,493803308,FRANCE DEBOSSELAGE,5499,4520A,PME,49380330800029,O,2026-05-13T07:30:25,Poitiers
7193,920406881,MY CONTROLE,5710,7120A,PME,92040688100010,O,2025-12-06T07:50:55,Poitiers
7194,901371229,DOMINO NOVAQ,5710,7820Z,ETI,90137122900013,O,2025-12-06T05:38:51,Poitiers
7195,914284039,MIANDODO,5499,5610C,PME,91428403900015,O,2026-03-30T13:17:10,Poitiers
7196,341916559,SARL DU PARC,5499,5510Z,ETI,34191655900055,O,2025-12-06T05:14:21,Annecy
7197,387677032,SARL BORGET,5499,4781Z,PME,38767703200030,O,2025-12-06T07:48:28,Annecy
7198,388166290,BOUCHERIES CHARQUET,5499,4722Z,PME,38816629000063,O,2025-12-06T06:28:30,Annecy
7199,384347027,IA LOGIC,5710,6202A,ETI,38434702700060,O,2025-12-06T05:20:09,Annecy
7200,384824496,PARFLAM SA,5599,3320B,ETI,38482449600127,O,2025-12-06T05:43:44,Annecy
7201,385189006,ALPES PRODUITS INDUSTRIELS A.P.I,5710,4669B,PME,38518900600013,O,2025-12-06T06:22:24,Annecy
7202,409205754,MG 2 A,5710,6920Z,ETI,40920575400057,O,2026-05-28T13:16:25,Annecy
7203,409208931,A.F.G.IMMOBILIER,5710,6810Z,PME,40920893100033,O,2025-12-06T06:17:11,Annecy
7204,395294150,SOC D'ETUDES COREDIA,5710,7112B,PME,39529415000036,O,2025-12-06T05:40:40,Annecy
7205,397450925,FREQUENCE,5710,9002Z,ETI,39745092500078,O,2025-12-06T07:04:54,Annecy
7206,398336404,ODLO FRANCE,5710,4642Z,PME,39833640400080,O,2025-12-06T05:41:23,Annecy
7207,401611553,JONCLAIN,5499,5510Z,PME,40161155300058,O,2025-12-06T06:07:47,Annecy
7208,402249924,TRANS'EXPRESS SERVICES,5710,4941B,PME,40224992400034,O,2025-12-06T10:44:09,Annecy
7209,410187280,S B INGENIERIE,5710,2572Z,PME,41018728000046,O,2026-05-05T16:27:17,Annecy
7210,411874886,UGILOC,5710,7732Z,PME,41187488600012,O,2025-12-06T10:08:09,Annecy
7211,412010928,ARCOM,5499,4618Z,PME,41201092800023,O,2025-12-06T05:43:28,Annecy
7212,788853976,SYMPHONY PARTNERS,5710,6820B,PME,78885397600124,O,2026-01-19T16:33:46,Paris
7213,891114902,MONSIEUR CHARPENTIER,5710,9529Z,PME,89111490200028,O,2026-03-09T13:38:07,Paris
7214,881790901,PRONOIA ILE DE FRANCE,5710,5610C,ETI,88179090100014,O,2025-12-06T06:03:54,Paris
7215,823066113,SMART SOLAR-1,5499,3511Z,PME,82306611300015,O,2025-12-06T06:32:04,Paris
7216,980058051,MAISON DE LA LITERIE,5710,3103Z,ETI,98005805100015,O,2026-08-10T13:09:11.422,Paris
7217,809245889,DELEEV,5710,5610C,ETI,80924588900120,O,2026-08-06T09:09:29.972,Paris
7218,961505591,CARS PHILIBERT,5710,4939A,ETI,96150559100019,O,2026-07-23T18:33:50,Lyon
7219,500180385,ML OPTIC,5710,4778A,PME,50018038500071,O,2026-02-24T18:27:06,Lyon
7220,832363873,SUNILIOS,5710,3511Z,PME,83236387300312,O,2025-12-06T06:12:23,Marseille
7221,097280234,ETABLISSEMENTS CANCE,5710,2511Z,ETI,09728023400010,O,2025-12-06T06:05:12,Marseille
7222,317454122,S. G. R. T,5499,6832A,ETI,31745412200225,O,2025-12-06T05:40:24,Marseille
7223,904092590,MCS 02,5710,3511Z,ETI,90409259000010,O,2025-12-06T08:21:17,Toulouse
7224,562063057,GIVAUDAN FRANCE,5710,4675Z,ETI,56206305700078,O,2026-08-06T09:09:26.859,Toulouse
7225,304154651,SOCIETE ANONYME DE TUYAUX DE MATERIAUX ET D'AGGLOMERES,5710,0811Z,ETI,30415465100380,O,2025-12-06T07:57:44,Toulouse
7226,402613590,CAMOZZI MATERIAUX,5710,4673A,ETI,40261359000015,O,2025-12-06T05:25:04,Toulouse
7227,324466861,FRANSYL SARL,5710,4519Z,PME,32446686100139,O,2025-12-09T13:18:05,Lille
7228,448713040,ASTRADEC,5710,3832Z,ETI,44871304000039,O,2026-01-16T13:12:17,Lille
7229,518630850,LA PIERRE DE FRANCE,5710,0811Z,PME,51863085000023,O,2025-12-06T05:38:35,Lille
7230,799342001,ROSSEL,5710,9601B,PME,79934200100168,O,2025-12-06T05:23:47,Lille
7231,798151379,VV33,5499,4649Z,PME,79815137900152,O,2025-12-06T05:38:57,Bordeaux
7232,918339821,LEA 2,5710,3511Z,ETI,91833982100012,O,2025-12-06T05:13:59,Bordeaux
7233,312614183,JOUCK-BAISIEUX-PAGE-PAUTONNIER,6577,7112A,PME,31261418300019,O,2025-12-06T05:33:12,Nantes
7234,318697687,BOUYER LEROUX,5558,2332Z,ETI,31869768700016,O,2025-12-06T08:00:52,Nantes
7235,503433484,ADISCOM,5710,4120A,PME,50343348400071,O,2025-12-25T13:14:11,Nantes
7236,504341827,ALLIN,5710,4661Z,ETI,50434182700047,O,2026-02-17T12:52:53,Nantes
7237,452538432,EUSTACHE,5710,2571Z,PME,45253843200132,O,2025-12-06T07:11:59,Nantes
7238,314283326,PV DISTRIBUTION,5599,7912Z,ETI,31428332600093,O,2026-07-01T13:46:45,Strasbourg
7239,331377036,NA PALI,5710,4642Z,ETI,33137703600479,O,2025-12-06T05:15:33,Strasbourg
7240,424176089,YUMENS,5710,7311Z,ETI,42417608900151,O,2026-04-01T14:32:20,Strasbourg
7241,951910751,LE SOLEIL C'EST BIEN,5710,3511Z,PME,95191075100134,O,2026-01-20T11:01:43,Strasbourg
7242,797556834,LES MICRO-CRECHES DE L'EVEIL,5710,8891A,PME,79755683400027,O,2026-03-04T13:16:24,Strasbourg
7243,378869846,PROFIL,5499,7810Z,ETI,37886984600170,O,2026-05-12T14:11:59,Strasbourg
7244,399201565,MD BOISSONS,5710,4634Z,ETI,39920156500054,O,2026-05-28T17:00:28,Strasbourg
7245,412575623,NEWREST FRANCE,5599,5629A,ETI,41257562300019,O,2025-12-06T05:23:46,Strasbourg
7246,350169124,EMINENCE,5710,1414Z,ETI,35016912400020,O,2025-12-06T05:48:33,Strasbourg
7247,802283234,ARKOLIA SOLAR PARK 3,5710,6420Z,ETI,80228323400101,O,2025-12-06T07:37:16,Montpellier
7248,788140028,BELLE ENVIRONNEMENT,5710,3320B,PME,78814002800069,O,2025-12-06T05:25:22,Montpellier
7249,776008781,SOCIETE COOPERATIVE D'INTERET COLLECTIF PAR ACTIONS SIMPLIFIEE D'APPROVISIONNEMENT DE LUNEL,5560,4675Z,PME,77600878100101,O,2025-12-06T06:05:51,Montpellier
7250,878388412,RS SPVAC ENT B1,5710,3511Z,ETI,87838841200016,O,2025-12-06T06:17:37,Montpellier
7251,919084301,MOCHIS MOCHIS,5710,5610C,PME,91908430100085,O,2026-07-21T12:30:22,Montpellier
7252,332401652,VIVAGRI,5710,4661Z,ETI,33240165200133,O,2026-01-14T19:01:23,Rennes
7253,329626261,MAISONS DE L'AVENIR,5710,4120A,ETI,32962626100146,O,2026-04-22T11:00:49,Rennes
7254,982094518,RHEXIS,5485,8622C,PME,98209451800015,O,2026-07-06T10:00:36,Rennes
7255,500387121,ODETEC,5710,7112B,PME,50038712100014,O,2026-02-06T13:00:56,Rennes
7256,344266630,ATLANTIQUE DE LOGISTIQUE ET TRANSPORT,5710,5210B,ETI,34426663000427,O,2026-06-03T11:05:12,Rennes
7257,388200487,MARRAUD INGENIERIE,5710,7112B,ETI,38820048700071,O,2025-12-06T05:43:44,Rennes
7258,412259715,SEPTEO ADB,5710,3320C,ETI,41225971500107,O,2026-05-19T10:30:40,Rennes
7259,508320017,NEOEN FRANCE,5710,7112B,ETI,50832001700165,O,2026-06-06T11:31:30,Rennes
7260,423388438,GUISNEL LOCATIONS,5710,4941C,ETI,42338843800024,O,2025-12-06T08:33:44,Rennes
7261,327946356,PROTECMO,5499,4333Z,PME,32794635600034,O,2026-04-08T18:06:35,Grenoble
7262,348511585,ESPACE 4,5710,4332C,PME,34851158500013,O,2025-12-06T05:38:03,Grenoble
7263,435880042,ENTREPRISE GENTIAL ET FILS,5710,2363Z,PME,43588004200047,O,2025-12-06T07:30:47,Grenoble
7264,535398713,RYSODIO,5710,4778A,PME,53539871300037,O,2025-12-06T09:24:24,Grenoble
7265,530545144,ACTT EMPLOIS,5499,7820Z,PME,53054514400095,O,2025-12-06T11:15:37,Grenoble
7266,421302266,INNOVEX GROUPE,5710,6621Z,PME,42130226600109,O,2025-12-06T07:09:55,Grenoble
7267,421467721,CLUB VERCORS SARL SCOP,5460,5520Z,PME,42146772100013,O,2025-12-06T05:38:49,Grenoble
7268,419105986,SOGEDIS,5499,9602B,PME,41910598600063,O,2025-12-06T08:12:25,Grenoble
7269,498719582,CHALLENGE INTERCONTINENTAL EXPRESS,5710,4941A,PME,49871958200120,O,2026-05-05T16:01:01,Rouen
7270,491439204,AS2G PNEU,5710,4532Z,PME,49143920400042,O,2025-12-06T06:32:03,Rouen
7271,524118890,PRAT OPTIC,5499,4778A,PME,52411889000010,O,2025-12-06T06:32:20,Rouen
7272,519654123,UGOLF OUEST,5499,9311Z,ETI,51965412300032,O,2025-12-06T06:11:52,Rouen
7273,753580240,VAVAPE,5499,4778C,PME,75358024000061,O,2026-01-14T10:01:41,Rouen
7274,879990380,VICAM AUDITION,5710,4774Z,PME,87999038000062,O,2026-02-06T12:01:03,Rouen
7275,888759396,COUDREY & CO - REAL ESTATE,5710,6831Z,PME,88875939600011,O,2026-04-30T12:00:56,Rouen
7276,892169087,ANIREPRO,5485,7500Z,PME,89216908700012,O,2025-12-06T05:19:42,Rouen
7277,814733432,MASMA,5710,4778A,PME,81473343200011,O,2025-12-06T07:26:37,Rouen
7278,815119383,KADRAN,5710,7112B,PME,81511938300066,O,2026-01-09T17:00:38,Rouen
7279,920668449,ARKOLIA INVEST 112,5710,3511Z,ETI,92066844900498,O,2026-06-16T11:31:08,Rouen
7280,813005113,LYLA SERVICES,5710,8891A,PME,81300511300119,O,2026-05-29T16:00:42,Rouen
7281,814118279,LA BOUQUINERIE DU SART,5499,4779Z,PME,81411827900011,O,2026-08-06T09:09:29.667,Rouen
7282,907567713,EDYFICES,5710,7112B,PME,90756771300017,O,2025-12-06T07:02:17,Dijon
7283,788411742,ANDRE & ASSOCIES,5710,6920Z,ETI,78841174200075,O,2026-08-05T13:07:47.389,Dijon
7284,797780780,J.M.J.,5499,4771Z,PME,79778078000061,O,2026-08-06T09:09:23.974,Dijon
7285,882833999,IFP'ALTERNANCE,5710,8559A,PME,88283399900023,O,2025-12-06T06:04:24,Dijon
7286,892450354,MCE AGENCES,5710,3514Z,PME,89245035400022,O,2025-12-06T06:16:29,Dijon
7287,890440696,VIF TRANSPORT & LOGISTIQUE,5710,5229B,PME,89044069600098,O,2026-03-30T13:09:17,Dijon
7288,895351146,BOULANGERIE PATISSERIE KHENSA TRAITEUR,5499,5610C,PME,89535114600017,O,2026-03-23T13:07:41,Dijon
7289,891292849,BERTHIER TRUCKS SERVICES,5710,7022Z,ETI,89129284900017,O,2026-04-16T15:00:42,Dijon
7290,885124701,SUPERMERCADO BARATO,5710,4711D,PME,88512470100016,O,2026-03-18T08:17:12,Dijon
7291,887493690,ASAP TT,5499,7820Z,PME,88749369000010,O,2025-12-06T09:00:51,Dijon
7292,303274831,SOC EXPLOIT ETS UHL BONAVENTURE,5599,9511Z,PME,30327483100013,O,2025-12-06T05:39:32,Dijon
7293,950447813,AB SYSTEM,5499,8122Z,PME,95044781300045,O,2025-12-06T05:59:28,Angers
7294,950748822,DU DOCTEUR LAURENT BESNIER,5485,8622B,PME,95074882200018,O,2025-12-06T11:15:46,Angers
7295,950841734,GAUTIER-DUCOROY,5499,5610A,PME,95084173400011,O,2025-12-06T05:53:55,Angers
7296,947854725,TROTTI R,5710,4511Z,PME,94785472500043,O,2026-05-29T13:10:42,Angers
7297,884793258,S.E.V.I. (SERVICE ENTRETIEN VEHICULE INDUSTRIEL),5710,4520B,PME,88479325800051,O,2025-12-06T06:25:53,Angers
7298,851691998,BF3B,5710,4631Z,PME,85169199800013,O,2025-12-06T05:39:34,Angers
7299,947958534,DIMH STS,5710,4719B,PME,94795853400010,O,2026-04-13T13:09:51,Angers
7300,844293357,OPUS GROUPE,5710,7010Z,PME,84429335700043,O,2025-12-06T10:06:34,Angers
7301,562046417,PROMOTION CONSTRUCTIIONS IMMOBI LILIEVRE,5710,4110A,PME,56204641700076,O,2025-12-06T05:13:56,Angers
7302,500288402,AUDITION DES MAUGES,5499,4774Z,PME,50028840200034,O,2025-12-06T06:31:31,Angers
7303,911424935,KLARA IMMOBILIER MEYZIEU 24. 1,6540,6820B,PME,91142493500011,O,2025-12-06T06:55:24,Angers
7304,401710439,RHONE CEVENNES INGENIERIE SARL,5499,7112B,PME,40171043900050,O,2025-12-06T05:38:42,Nimes
7305,402421259,TRANSYSTEME - JMT IMPLANTS,5599,3250A,PME,40242125900043,O,2025-12-06T06:26:22,Nimes
7306,399899079,JEREMY CARRARE,5710,9603Z,PME,39989907900046,O,2025-12-06T05:20:46,Nimes
7307,400681870,LEVANDIS,5710,4711F,PME,40068187000038,O,2025-12-06T05:25:13,Nimes
7308,400761938,ARCHE LIVIA,5710,5829C,ETI,40076193800093,O,2026-05-07T13:06:54,Nimes
7309,410114698,TH PEINTURE,5710,4531Z,PME,41011469800039,O,2025-12-06T05:17:12,Nimes
7310,412729899,MARCELIN & POTIRON,5499,5610C,ETI,41272989900069,O,2025-12-06T06:11:52,Nimes
7311,385218805,PATRICK SOHIER SAS,5710,4941A,PME,38521880500021,O,2025-12-06T06:24:32,Nimes
7312,379623804,SOC ROQUEMAUROISE DE DISTRIBUTION,5499,4730Z,PME,37962380400018,O,2025-12-06T08:52:06,Nimes
7313,423364710,F.M.R,5499,5610A,PME,42336471000057,O,2025-12-06T05:39:47,Nimes
7314,423636877,EURO COMMUNICATION ASSISTANCE PROTECTION - EUROCAP,5499,4652Z,PME,42363687700064,O,2025-12-06T06:52:10,Nimes
7315,342386158,PVB AVOCATS,5785,6910Z,PME,34238615800030,O,2025-12-06T05:38:11,Nimes
7316,552620130,DEMENAGEMENTS DAVIN,5499,4942Z,ETI,55262013000021,O,2025-12-06T06:03:30,Nimes
7317,316754977,MANUTENTION SERVICE,5710,4669B,PME,31675497700031,O,2025-12-06T09:55:33,Clermont-Ferrand
7318,317145894,GARAGE CONCORDET,5710,4520A,PME,31714589400018,O,2025-12-06T05:46:12,Clermont-Ferrand
7319,319850830,ODYSSEUS PARISIENNE,5499,4775Z,PME,31985083000096,O,2026-02-24T13:11:51,Clermont-Ferrand
7320,320279540,SOCIETE DU GARAGE DUGAT,5599,4511Z,PME,32027954000019,O,2026-05-08T13:10:32,Clermont-Ferrand
7321,320789407,AUDASSUR,5499,6622Z,ETI,32078940700089,O,2025-12-06T10:03:38,Clermont-Ferrand
7322,910403369,PPR,5710,4329A,PME,91040336900010,O,2025-12-29T13:20:21,Clermont-Ferrand
7323,478586118,LE DISTIL,5499,5610A,PME,47858611800026,O,2026-01-01T13:10:44,Clermont-Ferrand
7324,498773712,EPILOG,5710,4329B,PME,49877371200068,O,2025-12-17T12:53:58,Tours
7325,602062119,GALERIE CLAUDE BERNARD,5710,4778C,PME,60206211900014,O,2026-06-19T10:32:38,Tours
7326,954073540,SARL CLERGERIE PATRIMOINE,5499,6820A,PME,95407354000062,O,2025-12-06T06:22:18,Tours
7327,978100311,JUNE,5710,8559A,PME,97810031100015,O,2025-12-06T06:13:04,Tours
7328,913819074,TERRA EXPLORA,5710,9321Z,PME,91381907400026,O,2026-05-05T14:31:55,Tours
7329,829705409,C.G.R. ASSURANCES,5710,6622Z,ETI,82970540900086,O,2026-07-17T13:14:04,Tours
7330,830010484,ELMA QUATRE,5499,4771Z,PME,83001048400012,O,2025-12-06T06:20:03,Tours
7331,804764454,DGBOOST,5499,8559A,ETI,80476445400059,O,2025-12-06T07:00:19,Metz
7332,811187848,CG2B 54,5710,9329Z,PME,81118784800015,O,2026-06-11T14:00:23,Metz
7333,502382203,POMPES FUNEBRES ET MARBRERIE PIRUS,5499,9603Z,PME,50238220300011,O,2025-12-06T11:15:37,Metz
7334,511343337,SN ROUSSELOT SAS,5710,4942Z,PME,51134333700016,O,2025-12-06T06:13:18,Metz
7335,512019472,HOME ALLIANCE PRO,5499,8121Z,PME,51201947200020,O,2025-12-06T06:16:46,Metz
7336,508839271,JOHN COCKERILL SERVICES NUCLEAIRE,5710,7112B,ETI,50883927100055,O,2025-12-06T05:16:30,Metz
7337,491095675,GRAND TEST COUVEUSE D'ENTREPRISES,5499,8299Z,PME,49109567500014,O,2026-02-27T17:32:00,Metz
7338,491638557,MOTOMAX,5499,4540Z,PME,49163855700026,O,2025-12-06T05:25:31,Metz
7339,492028667,DEMATHIEU BARD GESTION,5710,7022Z,ETI,49202866700060,O,2026-04-29T10:59:29,Metz
7340,517707519,SCHMIT TP,5499,4312A,PME,51770751900016,O,2025-12-06T08:13:09,Metz
7341,517741468,CANAAN EXOTIC,5499,4729Z,PME,51774146800014,O,2026-04-23T13:11:52,Metz
7342,523839744,BE ENERG'AIRE,5499,7112B,PME,52383974400084,O,2025-12-06T05:20:57,Metz
7343,523863561,BAGELS,5499,5610C,PME,52386356100057,O,2026-06-05T13:13:04,Metz
7344,524553765,CARRE HOTEL,5499,5510Z,PME,52455376500040,O,2025-12-06T05:21:46,Metz
7345,520619305,AU FOURNIL DE FRED,5499,1071C,PME,52061930500045,O,2025-12-06T06:49:49,Metz
7346,522226356,TUV SUD FRANCE,5710,7120B,PME,52222635600015,O,2025-12-06T07:09:10,Metz
7347,804816742,BILULLE,5499,8891A,PME,80481674200014,O,2025-12-06T05:24:57,Orleans
7348,797834496,APPUISOL,5499,7112B,PME,79783449600011,O,2025-12-06T05:41:03,Orleans
7349,794818229,BOKRENO,5499,8553Z,PME,79481822900039,O,2025-12-06T06:07:48,Orleans
7350,799378054,RESOSAFE,5710,6202A,ETI,79937805400073,O,2025-12-06T05:43:45,Orleans
7351,390524585,STARCOME +,5599,4321A,PME,39052458500010,O,2025-12-06T05:22:13,Orleans
7352,438599243,MAIN STUDIOS,5710,5911A,PME,43859924300054,O,2026-05-13T14:31:44,Orleans
7353,569800725,GUINAULT,5710,2711Z,ETI,56980072500040,O,2026-02-04T10:44:44,Orleans
7354,572017903,SANDVIK HOLDING FRANCE,5710,6202A,ETI,57201790300319,O,2025-12-06T05:41:02,Orleans
7355,529068785,STARTER,5710,9004Z,PME,52906878500011,O,2026-06-11T13:11:37,Orleans
7356,503655904,CONCEPT-TY INGENIERIE,5710,7112B,PME,50365590400038,O,2025-12-12T13:10:52,Orleans
7357,950453605,CAISSE DE CREDIT MUTUEL ENSEIGNANT CENTRE,6595,6419Z,PME,95045360500079,O,2025-12-06T06:04:37,Orleans
7358,951715242,FJF ENERGIES,5710,4322A,PME,95171524200016,O,2025-12-06T05:21:47,Orleans
7359,922347190,DESTOCK DISTRIBUTION CHAMBLY,5710,4719B,PME,92234719000055,O,2025-12-06T06:26:09,Orleans
7360,311099485,SONOCO IPD FRANCE,5710,1729Z,ETI,31109948500097,O,2025-12-06T05:43:36,Mulhouse
7361,312451438,SADIFEL,5499,4752A,PME,31245143800054,O,2025-12-06T06:19:28,Mulhouse
7362,317705614,DRLW ARCHITECTES,5499,7111Z,PME,31770561400053,O,2025-12-06T05:43:28,Mulhouse
7363,319089223,"DEISS-BOCH, JACQUET, DUCHAUX, WURTZ ET AUTRES",6585,7500Z,PME,31908922300055,O,2025-12-06T07:47:48,Mulhouse
7364,320813884,TERTIA SOLUTIONS,5710,4665Z,PME,32081388400071,O,2025-12-06T05:39:47,Mulhouse
7365,794077446,GENERATIONS FH,5499,9313Z,PME,79407744600019,O,2026-07-30T19:48:29,Mulhouse
7366,802657437,ARCHIMED ENVIRONNEMENT,5710,7112B,PME,80265743700025,O,2025-12-06T06:23:46,Mulhouse
7367,840831846,ALSA JURIS,5485,6910Z,PME,84083184600034,O,2025-12-06T10:38:57,Mulhouse
7368,398196766,LE BEAUVOIR,5499,6820A,PME,39819676600057,O,2025-12-06T06:05:28,Caen
7369,393759923,SOCIETE EUROPEENNE DE GARANTIE,5710,7022Z,PME,39375992300336,O,2026-07-07T12:07:34,Caen
7370,403463904,TRIAXE,5710,9002Z,PME,40346390400132,O,2026-02-10T13:06:55,Caen
7371,326931854,SEPTIME,5710,6832A,PME,32693185400227,O,2026-07-30T20:31:35,Caen
7372,309599314,SA CARINIE,5710,4759A,PME,30959931400015,O,2025-12-06T10:09:48,Caen
7373,321336208,AB INBEV FRANCE,5710,4634Z,ETI,32133620800285,O,2025-12-06T05:23:45,Caen
7374,382888758,ATELIER REGIONAL DE BOBINAGE,5710,3314Z,PME,38288875800010,O,2025-12-06T05:16:40,Caen
7375,441111796,SYNAPSE,5499,7021Z,PME,44111179600039,O,2025-12-06T05:43:44,Caen
7376,439169442,SARL LE FORASTERO,5710,1082Z,PME,43916944200019,O,2025-12-06T05:20:19,Caen
7377,439242751,GIRARD ET FOSSEZ ET CIE,5710,0812Z,PME,43924275100048,O,2025-12-06T05:23:46,Caen
7378,439739467,LES SERENIALES,5710,8710A,ETI,43973946700116,O,2026-02-03T13:08:50,Caen
7379,439980228,INTERACTION EMERAUDE,5710,7820Z,ETI,43998022800142,O,2025-12-06T05:25:30,Caen
7380,440098812,CAE,5499,7120B,ETI,44009881200033,O,2026-03-19T13:26:42,Caen
7381,432612661,PERCEVAUT FTI,5499,3320A,PME,43261266100012,O,2025-12-06T05:20:46,Caen
7382,379522261,SPRAYING SYSTEMS FRANCE SAS,5710,4669B,PME,37952226100104,O,2026-07-07T14:31:53,Nancy
7383,345051684,NANCY SERVICES,5710,6201Z,PME,34505168400115,O,2026-06-16T07:30:35,Nancy
7384,393328463,HYDRO GEOTECHNIQUE EST,5499,7112B,ETI,39332846300012,O,2026-07-01T15:48:30,Nancy
7385,341208551,SCHMITZ FRANCE,5710,4646Z,PME,34120855100059,O,2025-12-06T05:19:29,Nancy
7386,393785092,COMPAGNIE FRANCAISE DE L'IMMOBILIER GERE,5710,6832A,PME,39378509200015,O,2025-12-06T05:39:54,Nancy
7387,384050704,EURL COVADIT,5499,4110A,PME,38405070400053,O,2025-12-06T08:11:42,Nancy
7388,412138620,IMALO,5485,8622C,PME,41213862000015,O,2025-12-06T05:19:40,Nancy
7389,389230509,DEVELOP ETUDE FORMAT INTEGR INFORMATIQUE,5710,6201Z,PME,38923050900058,O,2025-12-06T08:11:28,Nancy
7390,542097530,KODAK,5710,4614Z,PME,54209753000530,O,2026-06-03T11:05:14,Nancy
7391,548502475,ALCHEMINE,5710,4399D,PME,54850247500013,O,2025-12-06T06:40:30,Nancy
7392,917894487,ALLIANCE ACCESSOIRE,5499,4742Z,PME,91789448700011,O,2025-12-06T06:39:30,Poitiers
7393,775683899,QUIES,5710,3250A,PME,77568389900055,O,2025-12-06T09:31:59,Poitiers
7394,829689462,LANOUE'GATINE,5710,1071C,PME,82968946200036,O,2025-12-06T05:22:14,Poitiers
7395,830166377,MONLOOK,5499,4791B,PME,83016637700044,O,2025-12-06T06:20:03,Poitiers
7396,818351876,NAOS HOTEL NIEPCE,5710,5510Z,PME,81835187600045,O,2025-12-06T05:38:05,Poitiers
7397,823377213,MISSIONS CULTURE,5710,7022Z,PME,82337721300017,O,2025-12-06T08:45:04,Poitiers
7398,813092780,NAOS HOTEL TOURS,5710,5510Z,ETI,81309278000028,O,2025-12-06T05:20:20,Poitiers
7399,818924979,ROBINDESBOIS.COM,5710,4759A,PME,81892497900029,O,2025-12-06T06:20:42,Poitiers
7400,820647865,CREATION CHOCOLAT,5499,1071C,PME,82064786500014,O,2025-12-08T13:25:08,Poitiers
7401,807394697,DEVILLE TPC SAS (DEVILLE TECHNICAL PLASTIC COMPONENTS),5710,2229A,ETI,80739469700013,O,2025-12-06T05:25:31,Poitiers
7402,389326182,CORUS,5710,6311Z,PME,38932618200133,O,2025-12-06T05:14:21,Annecy
7403,403107683,ADEQUASYS FRANCE,5710,6202A,PME,40310768300035,O,2026-07-09T11:57:29,Annecy
7404,403690456,LA CORNICHE,6540,6820B,PME,40369045600021,O,2025-12-06T07:50:52,Annecy
7405,351301502,SEGUIN AUVERGNE,5710,4752A,ETI,35130150200065,O,2026-06-03T11:05:12,Annecy
7406,514000975,NPA,5710,1071D,PME,51400097500011,O,2025-12-06T05:21:46,Annecy
7407,504928359,JEDO,5499,6820A,PME,50492835900018,O,2026-02-23T13:31:42,Annecy
7408,553780198,PLATTARD SAS,5710,2361Z,ETI,55378019800014,O,2025-12-06T05:43:37,Annecy
7409,394468201,GIDEF,5499,8559A,PME,39446820100147,O,2026-05-07T19:21:57,Paris
7410,331221150,LOCAL.FR,5710,6201Z,ETI,33122115000229,O,2026-02-02T13:10:59,Paris
7411,343048294,FILIPPI PARTICIPATION,5710,6420Z,PME,34304829400015,O,2026-02-13T15:03:10,Paris
7412,445388473,SAS CHOCOLATERIE DE PUYRICARD,5710,1082Z,PME,44538847300024,O,2026-05-27T13:09:35,Paris
7413,449437557,ETOILE TILSITT,5499,6820A,PME,44943755700027,O,2025-12-06T06:34:08,Lyon
7414,380153205,ADF MAINTENANCE INDUSTRIELLE,5710,3312Z,ETI,38015320500063,O,2025-12-06T10:03:16,Marseille
7415,387470594,EDEN INVEST,5710,3513Z,PME,38747059400020,O,2025-12-06T06:55:36,Marseille
7416,501595268,FACYLITIES MULTI SERVICES,5710,6311Z,ETI,50159526800043,O,2026-03-27T13:23:51,Toulouse
7417,501654776,CEMEX BETONS SUD OUEST II,5710,2363Z,ETI,50165477600159,O,2025-12-06T07:34:44,Toulouse
7418,378869465,CLINIQUE NEPHROLOGIQUE SAINT EXUPERY,5710,8610Z,PME,37886946500021,O,2025-12-06T06:14:04,Toulouse
7419,410437404,DEMEURES D'OCCITANIE,5499,4120A,PME,41043740400032,O,2026-06-02T13:32:37,Toulouse
7420,979422201,ALYZIA CARGO HANDLING,5710,5224B,ETI,97942220100017,O,2026-05-22T11:30:58,Lille
7421,820003093,AMVALOR,5710,7219Z,PME,82000309300011,O,2025-12-06T07:21:26,Lille
7422,853981777,MINE DE SOLEIL,5710,3511Z,PME,85398177700131,O,2026-01-16T13:31:59,Lille
7423,853056281,HOLDING DUFAYE,5499,4774Z,PME,85305628100019,O,2025-12-06T08:05:58,Lille
7424,484529573,ABOUTIR EMPLOI,5710,7820Z,PME,48452957300038,O,2026-08-24T13:11:44.140,Bordeaux
7425,481932499,T.B.CONSULTANTS,5499,8559A,PME,48193249900108,O,2025-12-06T05:22:04,Bordeaux
7426,339706673,ETABLISSEMENTS LESIMPLE,5710,4673A,PME,33970667300011,O,2025-12-06T10:52:43,Nantes
7427,335310348,ATLANTIC MEDIA,5710,5912Z,ETI,33531034800073,O,2025-12-06T07:41:16,Nantes
7428,348534306,STORDATA,5710,4651Z,ETI,34853430600033,O,2026-04-01T08:23:12,Strasbourg
7429,429369309,ALBINGIA,5599,6512Z,ETI,42936930900043,O,2026-06-08T20:30:40,Strasbourg
7430,534522990,RISK CONTROL,5710,7120B,PME,53452299000058,O,2026-04-21T14:32:43,Strasbourg
7431,512852013,KRAMER EQUITATION,5499,4690Z,PME,51285201300030,O,2026-07-15T16:36:31,Strasbourg
7432,413663329,C.N.P.E.,5710,7022Z,PME,41366332900105,O,2025-12-06T05:52:37,Strasbourg
7433,428843130,HELLOWORK,5710,6312Z,ETI,42884313000140,O,2026-05-20T13:31:50,Strasbourg
7434,404091035,DEEP FRANCE,5710,6203Z,PME,40409103500190,O,2026-01-05T13:00:59,Strasbourg
7435,453207243,INTM,5710,6202A,ETI,45320724300149,O,2025-12-06T06:32:28,Strasbourg
7436,478077233,MACANDERS GROUP,5710,7810Z,ETI,47807723300086,O,2026-02-11T10:01:01,Strasbourg
7437,922940366,AD METAUX PRECIEUX,5710,4672Z,PME,92294036600011,O,2026-04-22T14:00:31,Montpellier
7438,904241957,PERENNE,5710,5610C,PME,90424195700029,O,2026-06-09T13:10:53,Montpellier
7439,887949543,LE MARCHE FRANCAIS,5710,5610B,PME,88794954300011,O,2026-08-26T14:30:54.089,Montpellier
7440,349824243,STAPHYT,5710,7120B,PME,34982424300019,O,2026-08-07T13:31:33.560,Montpellier
7441,331454769,GINHOUX VOYAGES,5710,7912Z,ETI,33145476900133,O,2025-12-06T05:43:28,Montpellier
7442,319755823,SOCIETE BRAJA VESIGNE,5599,4211Z,ETI,31975582300147,O,2025-12-06T06:24:24,Montpellier
7443,402618938,HYPERELEC,5710,4669A,PME,40261893800144,O,2025-12-06T07:55:22,Montpellier
7444,501962203,PRISES EN MAIN,5499,9311Z,PME,50196220300011,O,2025-12-06T06:25:59,Montpellier
7445,324204395,RENNES MOTOCULTURE,5710,4661Z,PME,32420439500267,O,2025-12-06T05:56:18,Rennes
7446,326367430,SPACE,5499,4771Z,PME,32636743000138,O,2025-12-06T06:41:24,Rennes
7447,433428018,ADVENS,5710,6202A,ETI,43342801800066,O,2025-12-06T05:08:32,Rennes
7448,448629014,SARL CHLOELINA,5499,4649Z,PME,44862901400086,O,2025-12-06T05:43:37,Rennes
7449,448863688,PARKER HANNIFIN FRANCE SAS,5710,2812Z,ETI,44886368800108,O,2025-12-06T05:38:49,Rennes
7450,444249478,FRANCE GARDIENNAGE,5710,8010Z,ETI,44424947800082,O,2025-12-06T06:05:13,Rennes
7451,513528091,SOCIETE BRETONNE D'ENERGIE PHOTOVOLTAIQUE SBEPV,5710,3511Z,PME,51352809100012,O,2025-12-06T05:13:01,Rennes
7452,599200136,SEMBREIZH,5515,7112B,PME,59920013600241,O,2025-12-06T05:15:45,Rennes
7453,422219196,SYGMATEL ELECTRICITE,5710,4321A,ETI,42221919600090,O,2026-06-19T19:00:32,Rennes
7454,452624463,AXXEL DISTRIBUTION,5499,4752A,PME,45262446300090,O,2026-04-27T16:00:26,Rennes
7455,390364990,ESPACE UNICIS,5499,7022Z,PME,39036499000031,O,2025-12-06T07:55:44,Grenoble
7456,453079766,A.R.C,5710,7112B,PME,45307976600086,O,2026-04-21T14:31:39,Grenoble
7457,487497620,ELS GROUP,5710,5229B,PME,48749762000020,O,2026-03-05T13:14:25,Grenoble
7458,480645860,ALTERNANCE RHONE ALPES,5499,8559A,PME,48064586000069,O,2025-12-06T06:21:44,Grenoble
7459,811574037,GENOP,5710,4778A,PME,81157403700065,O,2026-04-20T13:11:41,Grenoble
7460,811778190,ALLIANCE OPTIC,5710,4778A,PME,81177819000017,O,2026-04-17T12:06:44,Grenoble
7461,505077107,STRATEGECO EXPLOITATION,5499,4674B,PME,50507710700330,O,2025-12-06T10:55:15,Grenoble
7462,491421434,ECO2 INITIATIVE,5499,7112B,PME,49142143400052,O,2025-12-06T11:32:17,Grenoble
7463,529170706,X-RAY GRESIVAUDAN,5485,8622A,PME,52917070600012,O,2026-07-09T18:06:50,Grenoble
7464,521267765,RHONE-ALPES EVASION,5499,4939B,PME,52126776500019,O,2025-12-06T10:00:44,Grenoble
7465,492491048,A5P,5499,6820B,PME,49249104800095,O,2025-12-06T10:51:16,Grenoble
7466,493095889,EVEREST ECHAFAUDAGES,5710,4399B,PME,49309588900116,O,2025-12-06T05:15:21,Grenoble
7467,490089554,ESPRIT LIBRE VOYAGES,5710,7912Z,PME,49008955400011,O,2025-12-06T05:26:19,Grenoble
7468,316040252,ATELIER CONSTR ETUDES REALISA ELECTR....,5710,3320C,PME,31604025200025,O,2025-12-06T05:41:45,Rouen
7469,562750059,ETABLISSEMENTS MARCHAND,5710,4671Z,PME,56275005900080,O,2025-12-06T07:26:36,Rouen
7470,914932124,MARY AUTOMOBILES ROUEN-BARENTIN,5710,4511Z,ETI,91493212400011,O,2026-01-13T13:20:35,Rouen
7471,437969272,HESNAULT,5710,5229B,ETI,43796927200149,O,2025-12-06T06:15:16,Rouen
7472,512815796,CDF EXPLOITATION,5499,4776Z,PME,51281579600093,O,2025-12-06T06:23:53,Rouen
7473,401633987,ELENA,5499,6820A,PME,40163398700029,O,2025-12-06T08:14:19,Rouen
7474,015752660,ETS METALLURGIQUES E.GODARD,5710,3811Z,PME,01575266000066,O,2025-12-06T05:25:04,Dijon
7475,830230322,PERL ENVIRONNEMENT,5710,7112B,PME,83023032200034,O,2025-12-06T05:38:13,Dijon
7476,794019430,CITECH,5499,6202A,PME,79401943000048,O,2025-12-06T05:21:36,Dijon
7477,884664293,IVACOM,5710,4222Z,PME,88466429300047,O,2025-12-06T09:14:26,Dijon
7478,494500960,AZA DIJON NORD,5499,9311Z,PME,49450096000088,O,2025-12-06T06:32:44,Dijon
7479,914398037,ADVANCE SEARCH,5499,7022Z,PME,91439803700046,O,2025-12-06T06:24:27,Angers
7480,453121493,ASC CREDITS,5710,7022Z,ETI,45312149300622,O,2026-08-26T12:00:44.619,Angers
7481,382070381,SCI DU CLOS,6540,6820B,PME,38207038100092,O,2025-12-06T05:38:03,Angers
7482,383647047,ANJOU CONTROLE TECHNIQUE,5499,7120A,PME,38364704700042,O,2025-12-06T11:09:03,Angers
7483,392572947,MARKETINGSCAN,5710,7320Z,PME,39257294700084,O,2025-12-06T06:05:13,Angers
7484,392975884,SAS MAX 2,5710,4711F,PME,39297588400017,O,2025-12-06T06:39:27,Angers
7485,393543004,PONTHOU UTILITAIRES,5710,4511Z,PME,39354300400013,O,2025-12-06T07:46:10,Angers
7486,384494787,A G M A,5599,4339Z,PME,38449478700052,O,2025-12-06T06:28:23,Angers
7487,385048673,CENTRE CONTROLE TECHNIQUE GIENNOIS,5499,7120A,PME,38504867300029,O,2026-03-17T13:10:34,Angers
7488,399140961,NAMESHIELD,5710,7022Z,PME,39914096100109,O,2025-12-06T06:10:56,Angers
7489,399285402,DIAVERUM ANGERS,5710,8610Z,ETI,39928540200059,O,2025-12-06T05:41:09,Angers
7490,399332295,GRAVIS,5710,4676Z,ETI,39933229500068,O,2025-12-06T05:22:13,Angers
7491,399459080,GM MANUTENTION,5710,4669B,PME,39945908000046,O,2025-12-06T06:28:54,Angers
7492,395104920,HAMEL GEOMETRES-EXPERTS,5785,7112A,PME,39510492000057,O,2025-12-06T06:13:02,Angers
7493,483630372,EMILE GARCIN PROVENCE,5499,6831Z,PME,48363037200033,O,2025-12-06T07:57:37,Nimes
7494,494978976,AB BATIMENT,5499,4399C,PME,49497897600012,O,2025-12-06T06:41:34,Nimes
7495,492361597,VISAUDIO,5710,4778A,ETI,49236159700072,O,2025-12-06T08:38:32,Nimes
7496,793001702,3F,5499,4719B,PME,79300170200059,O,2025-12-06T06:57:33,Nimes
7497,793813965,CSOL 3,5202,3511Z,ETI,79381396500043,O,2025-12-06T05:26:29,Nimes
7498,342546967,CEVENNES MOTOCULTURE NIMES,5499,4661Z,PME,34254696700023,O,2025-12-06T07:05:10,Nimes
7499,342741659,JMR SYSTEM,5499,4774Z,PME,34274165900078,O,2025-12-06T06:29:08,Nimes
7500,343010690,VIRBAC NUTRITION,5710,1092Z,ETI,34301069000018,O,2025-12-06T05:13:26,Nimes
7501,343033932,SARL PARFUM BEAUTE SERVICE,5499,4775Z,PME,34303393200058,O,2025-12-06T06:28:01,Nimes
7502,343664173,EUROJOINT,5499,4213A,PME,34366417300063,O,2026-04-14T13:16:34,Nimes
7503,323447482,SELE,5710,4399C,ETI,32344748200015,O,2026-07-01T13:46:45,Nimes
7504,497804609,REMORQUES DE L'ESTEREL,5710,4519Z,PME,49780460900053,O,2026-02-25T19:01:10,Clermont-Ferrand
7505,498228626,SOS OXYGENE AUVERGNE,5710,7729Z,ETI,49822862600012,O,2025-12-06T05:23:46,Clermont-Ferrand
7506,498713221,ACCUEIL AUVERGNE FUNERAIRE,5499,9603Z,ETI,49871322100048,O,2026-02-17T17:00:22,Clermont-Ferrand
7507,450847595,TFC VITRAGES,5710,4532Z,PME,45084759500011,O,2026-07-30T17:00:53,Clermont-Ferrand
7508,482830437,VIE ET MAISON,5499,4299Z,PME,48283043700034,O,2025-12-06T05:21:35,Clermont-Ferrand
7509,484644158,SAPHIRS,5499,5510Z,PME,48464415800020,O,2025-12-06T07:07:41,Clermont-Ferrand
7510,484894985,FORTERRO FRANCE ABAS S.A.S.,5710,6202A,PME,48489498500080,O,2025-12-06T07:24:58,Clermont-Ferrand
7511,503167264,TAPIR,5710,4941C,PME,50316726400038,O,2025-12-06T09:58:05,Clermont-Ferrand
7512,452903032,ALTHEA FRANCE,5499,3313Z,PME,45290303200103,O,2026-07-16T16:47:29,Clermont-Ferrand
7513,390803179,BREUIL CHAUSSURES,5710,4772A,PME,39080317900014,O,2025-12-06T06:48:31,Clermont-Ferrand
7514,820984110,AROH GROUPE,5499,7022Z,PME,82098411000107,O,2026-01-29T13:15:47,Tours
7515,830390506,MAKE ICI,5710,8299Z,PME,83039050600012,O,2025-12-06T06:18:09,Tours
7516,844263053,SELARL DR CAMPAGNE,5485,8621Z,PME,84426305300028,O,2026-07-15T12:31:29,Tours
7517,834017691,BOUCHERIE ARTISANALE TOURANGELLE,5710,4722Z,PME,83401769100041,O,2026-04-03T12:31:53,Tours
7518,848601068,AGSA,5499,4774Z,PME,84860106800036,O,2026-06-22T13:31:48,Tours
7519,878307560,INTERACTION MAINE LOIRE,5710,7820Z,ETI,87830756000069,O,2025-12-19T13:36:47,Tours
7520,825286149,STCO - SOCIETE DE TRANSPORTS DU CENTRE-OUEST,5710,4941B,ETI,82528614900075,O,2026-08-18T12:00:22.803,Tours
7521,333427656,EMYS,5710,1392Z,PME,33342765600033,O,2026-08-06T09:09:30.203,Tours
7522,444540124,CLEN,5599,3101Z,ETI,44454012400013,O,2026-08-06T09:09:26.201,Tours
7523,759800451,SECEF,5710,6920Z,PME,75980045100032,O,2026-04-22T05:11:32,Metz
7524,752406983,FIRST SERVICES GROUP,5710,4762Z,PME,75240698300011,O,2025-12-06T06:18:33,Metz
7525,749852224,SEVEA ENERGY,5710,4322B,PME,74985222400080,O,2025-12-06T05:16:30,Metz
7526,895288983,MD PARTNERS,5710,4520A,PME,89528898300011,O,2026-05-07T13:11:50,Metz
7527,902435221,LES PINS SYLVESTRES,5710,5520Z,PME,90243522100012,O,2025-12-06T05:38:13,Metz
7528,902830611,VICTORIA'S BEAUTY,5710,9602B,PME,90283061100015,O,2026-05-25T13:12:52,Metz
7529,903316958,HELLOFRESH FRANCE LIVRAISON,5710,4941A,ETI,90331695800029,O,2025-12-06T08:02:24,Metz
7530,801983354,SGP FORMATION,5710,8559A,ETI,80198335400029,O,2025-12-06T05:32:24,Metz
7531,802343343,JM AUTOMOBILES 57,5710,4511Z,ETI,80234334300066,O,2026-05-18T19:01:13,Metz
7532,802901884,ASCO ENERGIE,5710,3511Z,PME,80290188400063,O,2025-12-06T06:34:49,Metz
7533,788601797,SYNERCOOP,5460,8299Z,PME,78860179700103,O,2026-01-27T10:36:46,Metz
7534,800021545,ASPIRTEC RHONE-ALPES,5710,4312A,ETI,80002154500010,O,2025-12-06T08:03:27,Metz
7535,780233276,SCA LES BERGERS DU NORD EST,6317,1011Z,PME,78023327600028,O,2025-12-06T05:16:30,Metz
7536,813852472,POIDS LOURDS SERVICES,5710,4531Z,ETI,81385247200014,O,2026-01-14T14:00:48,Metz
7537,979490232,FRENCHBARBER,5710,9602A,PME,97949023200019,O,2026-07-07T10:47:24,Besancon
7538,979688124,JO CHOCOLATERIE,5499,1082Z,PME,97968812400010,O,2025-12-06T10:04:04,Besancon
7539,979691243,ROLLS TRANSPORTS,5710,4941B,PME,97969124300013,O,2025-12-06T11:14:12,Besancon
7540,980845101,CUSTOM GARAGE 25,5710,4511Z,PME,98084510100016,O,2026-04-29T13:01:05,Besancon
7541,978600930,KANALPHA,5499,4778C,PME,97860093000025,O,2026-06-12T10:46:18,Besancon
7542,978951721,VANGUARD ACQUISITION,5710,6810Z,PME,97895172100031,O,2026-06-02T18:00:29,Besancon
7543,979213220,ACR,5710,9602B,PME,97921322000010,O,2025-12-06T05:15:25,Besancon
7544,981454127,MA CASA RENOV,5710,4331Z,PME,98145412700029,O,2026-05-04T19:00:24,Besancon
7545,982175853,RECYCLAGE CONCASSAGE CRIBLAGE DE GRANULATS,5710,3832Z,PME,98217585300018,O,2025-12-24T13:10:28,Besancon
7546,828198572,CONVERGENCE ST3H,5710,6420Z,ETI,82819857200012,O,2025-12-06T10:09:57,Orleans
7547,828614792,SOMTP BRETAGNE,5710,4663Z,ETI,82861479200053,O,2026-07-16T16:00:42,Orleans
7548,815365432,LBL,5710,4639B,PME,81536543200013,O,2025-12-06T05:41:25,Orleans
7549,816620355,R. BLANCHET,5710,4941A,ETI,81662035500056,O,2025-12-06T05:25:22,Orleans
7550,817909740,DISTRIMAT,5710,4778C,PME,81790974000075,O,2025-12-06T06:26:54,Orleans
7551,812834703,NPH-CHRISTIN,5499,4644Z,ETI,81283470300033,O,2026-01-28T13:11:11,Orleans
7552,813677853,BR FORM FITNESS,5499,9313Z,PME,81367785300026,O,2025-12-06T06:13:03,Orleans
7553,841183007,NENES PARIS,5710,4771Z,PME,84118300700092,O,2026-06-29T16:32:02,Orleans
7554,831304191,ORBURY,5710,4772A,PME,83130419100016,O,2026-07-23T16:31:50,Orleans
7555,835641481,LEFORT ET FILS SA,5710,4669C,PME,83564148100022,O,2026-01-09T13:11:58,Orleans
7556,857200885,LABELIANS,5710,4646Z,PME,85720088500278,O,2025-12-06T05:16:08,Orleans
7557,845092261,ADWORK'S 10,5710,7820Z,ETI,84509226100013,O,2025-12-06T05:43:38,Orleans
7558,788522084,SCI ARAMIS,6540,6820B,PME,78852208400011,O,2025-12-06T05:40:55,Mulhouse
7559,494443419,CARRE EST,5710,4110A,ETI,49444341900010,O,2025-12-06T05:08:34,Mulhouse
7560,494532534,SARL BARAMU,5499,5630Z,PME,49453253400034,O,2025-12-06T06:13:57,Mulhouse
7561,499020188,EXPERTIS - AUDIT & CONSEILS,5499,6920Z,PME,49902018800045,O,2025-12-06T05:37:41,Mulhouse
7562,499558476,SARL YGGVAL,5499,7022Z,PME,49955847600010,O,2025-12-06T05:55:05,Mulhouse
7563,478216260,JP INTERIM,5710,7820Z,PME,47821626000016,O,2025-12-06T11:32:17,Mulhouse
7564,451148266,PEI,5499,7820Z,PME,45114826600021,O,2025-12-06T05:39:48,Mulhouse
7565,451187314,ITBE,5499,7820Z,PME,45118731400013,O,2025-12-06T05:43:51,Mulhouse
7566,484253190,SELF WASH,5499,9601B,PME,48425319000074,O,2025-12-06T06:19:53,Mulhouse
7567,430194159,MIL ECLAIR,5710,8121Z,PME,43019415900108,O,2025-12-06T05:30:09,Caen
7568,433983095,SESCOI FRANCE,5710,6202B,ETI,43398309500046,O,2025-12-06T06:30:50,Caen
7569,431282748,OPTIQUE YANNICK LEROYER,5499,4778A,PME,43128274800018,O,2025-12-06T06:25:17,Caen
7570,431872837,ATELIER DE LA ROSELIERE,5710,4759B,PME,43187283700031,O,2025-12-06T06:20:09,Caen
7571,422591826,CAP AVENIR,5499,4120A,PME,42259182600033,O,2025-12-06T06:37:09,Caen
7572,419913611,EXPLOROC,5710,4312B,PME,41991361100119,O,2026-06-08T12:00:29,Caen
7573,410314876,SMRC AUTOMOTIVE MODULES FRANCE SAS,5710,2932Z,ETI,41031487600187,O,2025-12-06T05:25:13,Caen
7574,415195122,LLA EXPERTS COMPTABLES,5785,6920Z,PME,41519512200064,O,2025-12-06T05:14:09,Caen
7575,417708070,ECOLE SUPERIEURE DES SERVICES AU ENTREPRISES,5710,8559A,ETI,41770807000061,O,2026-04-30T19:00:56,Caen
7576,418113908,E2SE,5710,8559A,ETI,41811390800036,O,2026-05-04T19:01:09,Caen
7577,418249769,AUTOCARS LE MONNIER FILS,5710,4939B,PME,41824976900013,O,2025-12-06T05:47:42,Caen
7578,412697005,CAEN LAZARE NOTAIRES,5485,6910Z,PME,41269700500038,O,2025-12-06T06:05:20,Caen
7579,343315263,TRANSPORTS BERNARD,5710,4941A,ETI,34331526300032,O,2025-12-06T05:40:02,Caen
7580,352230288,GERESTEL RODEZ-NANCY EST AURILLAC,5499,5510Z,ETI,35223028800081,O,2025-12-06T05:59:56,Nancy
7581,432848323,SARL SC3,5499,9602A,PME,43284832300023,O,2026-05-19T14:57:59,Nancy
7582,433535705,SOCIETE D'ETUDES ET DE REALISATIONS IMMOBILIERES ET FONCIERES 3B,5710,4110D,PME,43353570500035,O,2025-12-06T05:22:42,Nancy
7583,830918736,FINANCIERE LIFE,5710,6630Z,ETI,83091873600059,O,2026-03-31T10:32:34,Poitiers
7584,839043130,AQUITI GESTION,5710,8299Z,PME,83904313000054,O,2025-12-06T06:25:43,Poitiers
7585,832046163,CPGF HORIZON,5710,7112B,PME,83204616300040,O,2025-12-06T10:52:00,Poitiers
7586,844456723,ILAO CONTRACTING,5710,7112B,PME,84445672300031,O,2025-12-06T07:18:49,Poitiers
7587,834265522,K.Z FASHION,5499,4771Z,PME,83426552200013,O,2026-03-16T13:15:50,Poitiers
7588,834746224,DR JEAN-MARC CHAUDRUC,5485,8622B,PME,83474622400049,O,2025-12-06T06:13:11,Poitiers
7589,837974476,ENCOME ENERGY PERFORMANCE FRANCE,5710,7112B,PME,83797447600033,O,2025-12-06T06:01:41,Poitiers
7590,838039204,NOVE CONCEPT,5710,8559A,PME,83803920400014,O,2025-12-06T08:09:29,Poitiers
7591,877481820,ZE ENERGIES VIENNE,5710,7112B,PME,87748182000018,O,2025-12-06T07:52:47,Poitiers
7592,877743260,PARC EOLIEN DE LA PLAINE DE BALUSSON,5710,3511Z,PME,87774326000011,O,2025-12-06T06:22:18,Poitiers
7593,852237239,SERVICE OXYGENE OUEST,5710,7739Z,ETI,85223723900011,O,2025-12-06T06:26:46,Poitiers
7594,793778846,AMETEN,5710,7112B,PME,79377884600022,O,2025-12-06T07:52:46,Annecy
7595,794031815,FCR IMPORT,5499,4674B,PME,79403181500044,O,2025-12-06T07:54:14,Annecy
7596,342777711,UCR,5710,4777Z,PME,34277771100025,O,2025-12-06T06:26:30,Annecy
7597,342919677,PRELEM,5710,7112B,PME,34291967700035,O,2025-12-06T07:45:40,Annecy
7598,343377990,SARL PVG,5499,5510Z,ETI,34337799000027,O,2025-12-06T05:43:44,Annecy
7599,343727921,BOULANGERIE PATISSERIE G ROUGE,5499,1071C,PME,34372792100060,O,2025-12-06T05:38:26,Annecy
7600,349259473,MAC ARO,5710,4771Z,PME,34925947300024,O,2025-12-06T10:54:46,Annecy
7601,349624635,ECOGER,5710,6920Z,PME,34962463500059,O,2026-01-12T16:01:57,Annecy
7602,349952945,OSCAR ORGANISATION,5499,7021Z,PME,34995294500153,O,2025-12-06T06:56:46,Annecy
7603,323299602,SKI TROIS,5499,4764Z,PME,32329960200017,O,2025-12-06T09:41:16,Annecy
7604,323635474,SARL VIAFO,5499,4772A,PME,32363547400063,O,2025-12-06T10:21:18,Annecy
7605,326520574,SAVOIE BATIMENT MODERNE,5710,6832A,PME,32652057400061,O,2025-12-06T05:20:18,Annecy
7606,326520780,MITHIEUX TP,5710,4211Z,ETI,32652078000031,O,2026-05-12T14:11:59,Annecy
7607,326794468,TOHIER,5499,7490A,PME,32679446800065,O,2025-12-06T06:21:36,Annecy
7608,327984274,ALPES DEPANNAGES SERVICES TRANSPORT,5710,4511Z,PME,32798427400032,O,2026-04-24T11:07:10,Annecy
7609,328542550,BOUCHERIE CHARCUTERIE VIRET,5710,5621Z,PME,32854255000012,O,2025-12-06T07:35:29,Annecy
7610,815289913,IDF EXPLOITATION,5710,4776Z,PME,81528991300023,O,2026-07-14T13:14:12,Paris
7611,953820107,SOCIETE PUBLIQUE LOCALE FUNERAIRE DE PARIS,5599,9603Z,PME,95382010700019,O,2026-05-05T13:21:21,Paris
7612,980197388,NEW FRICHTI,5710,5610C,ETI,98019738800013,O,2026-04-21T18:33:16,Paris
7613,775692932,ETABLISSEMENTS COLORINE,5710,4673B,PME,77569293200012,O,2025-12-06T05:25:05,Paris
7614,819162769,DOUCES MATERNELLES,5710,8510Z,PME,81916276900023,O,2026-02-12T13:17:47,Paris
7615,830959045,PAIDOU,5710,8891A,PME,83095904500022,O,2025-12-06T05:44:21,Paris
7616,492888482,ENSIO EST,5710,4222Z,ETI,49288848200022,O,2025-12-06T05:14:22,Lyon
7617,758200604,SOCIETE DES CHAUSSURES DUBOURG,5710,4772A,PME,75820060400018,O,2026-04-24T13:12:04,Lyon
7618,852943505,DOMISSORI,5710,9609Z,PME,85294350500044,O,2026-04-15T13:13:14,Lyon
7619,850743634,LMDP AIN,5710,8891A,PME,85074363400022,O,2026-03-17T18:09:57,Lyon
7620,389481367,AB LOC,5710,7711A,PME,38948136700248,O,2026-02-19T14:56:04,Marseille
7621,348113226,LABORATOIRE PLUMELLE,5485,8690B,PME,34811322600040,O,2026-06-24T13:09:03,Marseille
7622,428709943,ADREP,5558,8559A,PME,42870994300107,O,2025-12-06T05:41:16,Marseille
7623,323034645,EXPERTS GEO,5499,7112A,PME,32303464500024,O,2026-06-16T09:31:35,Toulouse
7624,328759881,SAF HELICOPTERES,5710,8690A,ETI,32875988100035,O,2025-12-06T05:22:42,Toulouse
7625,537898306,PEAK INVEST 01,5202,3511Z,PME,53789830600387,O,2025-12-06T05:27:20,Toulouse
7626,537914657,PEAK INVEST 02,5202,3511Z,PME,53791465700243,O,2025-12-06T06:03:07,Toulouse
7627,949382311,MILENCE FRANCE SAS,5710,7112B,PME,94938231100023,O,2026-08-11T12:00:21.691,Lille
7628,949397939,MILENCE INFRASTRUCTURE FRANCE 1 SAS,5710,3514Z,PME,94939793900024,O,2026-08-11T11:59:22.429,Lille
7629,332909647,HIOLLE TECHNOLOGIES,5710,2712Z,ETI,33290964700098,O,2026-07-08T13:31:36,Lille
7630,751999517,LAVERIES BORDELAISES,5710,3320B,PME,75199951700111,O,2025-12-06T06:34:24,Bordeaux
7631,795045319,OCCITANIA,5710,4777Z,PME,79504531900121,O,2025-12-06T05:43:38,Bordeaux
7632,403932296,COFICIEL SOLUTIONS MODULAIRES,5499,7732Z,ETI,40393229600094,O,2026-06-25T10:14:36,Nantes
7633,977889237,BAKER TILLY DIGITAL,5710,7022Z,ETI,97788923700011,O,2026-01-22T13:13:02,Nantes
7634,824585384,SODIFRESH,5499,8299Z,ETI,82458538400012,O,2026-02-05T13:11:42,Nantes
7635,880116900,ED41,5710,3511Z,PME,88011690000015,O,2025-12-06T09:41:40,Nantes
7636,808977300,SERRURERIE DAVID,5710,4332B,PME,80897730000017,O,2025-12-06T09:19:52,Strasbourg
7637,505273334,ALFYMA NORD PICARDIE,5499,7112B,ETI,50527333400043,O,2025-12-06T10:55:08,Strasbourg
7638,511054199,RNO,5499,4618Z,PME,51105419900019,O,2025-12-06T05:20:19,Strasbourg
7639,504668377,OFEE,5710,7022Z,ETI,50466837700139,O,2025-12-06T05:25:05,Strasbourg
7640,495366866,PARC EOLIEN NORDEX LIII,5710,3511Z,ETI,49536686600129,O,2025-12-06T05:43:45,Strasbourg
7641,508965878,LUGDUNI CASTRUM,5499,6820A,PME,50896587800012,O,2025-12-06T09:35:09,Strasbourg
7642,494855406,ACADOMIA PRO,5499,8532Z,ETI,49485540600018,O,2025-12-06T11:15:29,Strasbourg
7643,518086913,BEST SOLAR,5710,3511Z,ETI,51808691300127,O,2025-12-06T06:07:03,Strasbourg
7644,514146513,SARL SOLAIRELOC,5499,3511Z,PME,51414651300098,O,2025-12-06T05:43:07,Strasbourg
7645,525045951,ARCESE TRANSPORT FRANCE,5499,5210B,PME,52504595100056,O,2025-12-06T06:29:54,Strasbourg
7646,696880178,REMONDIS FRANCE SAS,5710,3822Z,ETI,69688017800129,O,2025-12-06T05:25:14,Strasbourg
7647,483477618,INDUSTECHNIC GROUP,5710,3320C,PME,48347761800118,O,2026-02-09T13:13:19,Strasbourg
7648,898352703,SHP1,5499,4771Z,PME,89835270300075,O,2025-12-06T11:12:45,Strasbourg
7649,798005674,CLESTRA HAUSERMAN,5710,4332B,ETI,79800567400063,O,2025-12-06T09:42:10,Strasbourg
7650,788165603,SAMSON REGULATION,5710,2814Z,ETI,78816560300127,O,2025-12-06T05:25:22,Strasbourg
7651,791164999,AVC DEVELOPPEMENT,5499,4778C,PME,79116499900017,O,2026-01-12T16:01:51,Strasbourg
7652,949341762,SELARL IMAGERIE MEDICALE DE THAU,5485,8622A,PME,94934176200019,O,2025-12-06T06:19:47,Montpellier
7653,340676279,VEO,5710,7711A,PME,34067627900094,O,2026-02-03T16:42:09,Montpellier
7654,392544441,SEL DE LABORATOIRE DE BIOLOGIE MEDICALE PAGES,5485,8690B,PME,39254444100034,O,2025-12-06T11:15:29,Montpellier
7655,392979126,SPT MARITIME ET INDUSTRIEL,5710,4332B,PME,39297912600027,O,2026-05-20T10:16:35,Montpellier
7656,342017563,S.A.S. GERARD STALRIC,5710,4772B,PME,34201756300012,O,2025-12-06T06:17:03,Montpellier
7657,399904234,COJER ENCASTRABLE,5710,4643Z,PME,39990423400081,O,2026-03-25T13:08:08,Montpellier
7658,400584140,APEX LOCATION,5710,7711A,ETI,40058414000075,O,2026-06-11T10:56:52,Montpellier
7659,411359375,JANUS SECURITE FRANCE,5499,8010Z,PME,41135937500101,O,2025-12-06T05:22:03,Montpellier
7660,804697449,SELAS IPSO,5785,8621Z,PME,80469744900010,O,2026-07-03T11:35:38,Rennes
7661,804930105,ABILIS GRAND OUEST,5710,9529Z,PME,80493010500122,O,2025-12-06T05:16:19,Rennes
7662,496480062,SOFRAL LE GOUESSANT,5710,1091Z,ETI,49648006200090,O,2025-12-06T05:43:45,Rennes
7663,508571692,SHOEMAKERS,5710,1520Z,PME,50857169200138,O,2025-12-06T06:34:48,Rennes
7664,527873400,SQUAD,5710,6202A,ETI,52787340000123,O,2025-12-19T17:31:59,Rennes
7665,709200323,GROUPE ARC,5710,4110D,ETI,70920032300117,O,2025-12-06T07:32:51,Rennes
7666,533095428,R 4,5710,8553Z,PME,53309542800033,O,2026-07-09T14:31:51,Rennes
7667,483444501,ARTEIS DEVELOPPEMENT,5499,4778C,PME,48344450100041,O,2025-12-06T10:00:51,Rennes
7668,848272969,LE REPAIRE,5499,4778C,PME,84827296900025,O,2025-12-06T06:15:35,Rennes
7669,798512489,AGI RENT,5710,7739Z,ETI,79851248900088,O,2026-03-03T19:01:35,Rennes
7670,792365421,VISTALID,5710,7311Z,ETI,79236542100157,O,2025-12-06T10:49:51,Rennes
7671,813214418,IN VIVO FRANCE,5710,7320Z,ETI,81321441800143,O,2025-12-06T05:25:39,Rennes
7672,753500404,ETOILE 38,5710,4511Z,ETI,75350040400011,O,2026-07-28T11:46:55,Grenoble
7673,750892200,MAREM,5710,1071C,PME,75089220000015,O,2025-12-06T05:21:55,Grenoble
7674,702005901,SETEC ORGANISATION,5710,7112B,ETI,70200590100104,O,2025-12-06T05:25:31,Grenoble
7675,719804817,MILEXIA FRANCE,5710,4652Z,ETI,71980481700059,O,2025-12-06T06:10:17,Grenoble
7676,482671443,PERRET LOCATION,5499,7732Z,PME,48267144300042,O,2026-02-23T15:26:52,Grenoble
7677,899797567,YOUNICORN,5710,7112B,PME,89979756700018,O,2025-12-06T05:38:21,Grenoble
7678,903064061,PV BELLEDONNE,5710,3511Z,PME,90306406100018,O,2025-12-06T08:22:49,Grenoble
7679,523206704,TEO LLS,5710,5229B,PME,52320670400091,O,2025-12-06T06:13:18,Grenoble
7680,801145707,DEMENAGEMENTS BLACHE,5499,4942Z,ETI,80114570700056,O,2025-12-06T10:47:36,Grenoble
7681,802044776,ARTELIA HOLDING,5710,7010Z,ETI,80204477600077,O,2025-12-06T05:47:43,Grenoble
7682,794661306,ARG,5499,5520Z,PME,79466130600017,O,2025-12-06T05:38:28,Grenoble
7683,813754389,UNITY TECHNOLOGIES SARL,5499,6201Z,PME,81375438900035,O,2025-12-06T05:40:48,Grenoble
7684,394332084,COTARD FORMATIONS,5710,8553Z,PME,39433208400059,O,2025-12-06T10:52:43,Rouen
7685,421239237,ADEQUATION DEVELOPPEMENT,5710,8559A,PME,42123923700025,O,2026-06-30T13:17:56,Rouen
7686,421318775,CABINET LABOURE,5710,6622Z,PME,42131877500051,O,2025-12-06T05:37:48,Rouen
7687,410436158,UGITECH,5599,2410Z,ETI,41043615800027,O,2025-12-06T05:43:44,Rouen
7688,417713690,AIRMAX GROUPE,5710,3312Z,ETI,41771369000028,O,2025-12-06T05:43:44,Rouen
7689,341392488,HELIE,5710,4722Z,PME,34139248800084,O,2025-12-19T17:01:19,Rouen
7690,347698094,PRORESEAU PROSPECT RESSOURCES HUMAINES,5499,7022Z,PME,34769809400088,O,2025-12-06T11:32:16,Rouen
7691,350219382,INTERPARFUMS,5599,2042Z,ETI,35021938200081,O,2026-04-21T15:32:50,Rouen
7692,443681903,COFEL INDUSTRIES,5710,3103Z,ETI,44368190300094,O,2025-12-06T07:32:43,Rouen
7693,442221545,AU COMPTOIR ALPIN,5499,4711B,PME,44222154500092,O,2025-12-06T05:23:28,Rouen
7694,437904717,HANGARD VOYAGES,5710,7912Z,PME,43790471700059,O,2025-12-06T05:14:09,Rouen
7695,340870351,FER MET ALU,5710,2511Z,PME,34087035100020,O,2025-12-06T05:43:28,Rouen
7696,450778022,LABORATOIRES SUPER DIET,5710,1086Z,ETI,45077802200043,O,2025-12-06T05:36:28,Dijon
7697,485313415,COLLECTE TRANSPORT TRAITEMENT DECHETS,5710,3811Z,PME,48531341500054,O,2025-12-06T10:54:46,Dijon
7698,489548065,AXESS ONLINE,5499,6203Z,ETI,48954806500015,O,2025-12-06T06:01:47,Dijon
7699,490093473,SARL BRUMA,5499,1071C,PME,49009347300018,O,2025-12-06T05:32:56,Dijon
7700,503264749,FORMADI,5499,8542Z,ETI,50326474900055,O,2025-12-06T05:40:41,Dijon
7701,504170002,GB CRISTAL,5499,7311Z,PME,50417000200050,O,2025-12-06T05:53:00,Dijon
7702,479434276,BOURGOGNE PEINTURE,5710,4673B,ETI,47943427600040,O,2025-12-06T05:25:13,Dijon
7703,507963189,GAVIGNET PERE ET FILS,5499,4634Z,PME,50796318900018,O,2025-12-06T05:56:34,Dijon
7704,452654197,JLG RECEPTIONS,5499,9002Z,PME,45265419700014,O,2026-03-24T13:16:04,Dijon
7705,452867914,AMBIANCE,5499,4771Z,PME,45286791400056,O,2025-12-06T06:27:54,Dijon
7706,509594115,OLEA,5499,1071C,PME,50959411500016,O,2026-05-12T14:12:01,Dijon
7707,491390191,R'PROPRETE,5499,8121Z,PME,49139019100055,O,2026-05-22T14:07:04,Dijon
7708,334052032,BATISSEURS BOURGUIGNONS,5710,4120A,PME,33405203200060,O,2025-12-06T06:18:23,Dijon
7709,415720242,ENTREPRISE RIEUFORT,5499,4334Z,PME,41572024200049,O,2025-12-06T10:35:14,Dijon
7710,501813398,LOCATRANS GENELARDAIS,5710,4941B,PME,50181339800069,O,2026-07-01T13:46:47,Dijon
7711,511989188,FRANCE ANTENNES SERVICE,5499,4321A,PME,51198918800012,O,2025-12-06T05:52:37,Dijon
7712,400260691,AEROLAB,5710,7120B,PME,40026069100052,O,2025-12-06T07:24:50,Dijon
7713,401300264,SARL MAURICE BOURASSEAU,5499,4778C,PME,40130026400017,O,2025-12-06T06:15:42,Angers
7714,402542740,SARL EMBALMAG,5710,4669C,PME,40254274000038,O,2025-12-06T07:26:20,Angers
7715,410708341,ID NUMERIQUE,5710,4651Z,PME,41070834100095,O,2025-12-06T05:16:07,Angers
7716,411708605,ATEMIS,5710,6202A,PME,41170860500075,O,2025-12-06T05:20:28,Angers
7717,412521619,VALOTECH ENERGIES RENOUVELABLES,5710,4321A,PME,41252161900038,O,2025-12-06T05:25:21,Angers
7718,388917403,AVENIR SERVICE INDUSTRIE ASI,5710,8299Z,ETI,38891740300072,O,2025-12-06T05:16:29,Angers
7719,389199571,COMUTEX,5710,3320D,PME,38919957100081,O,2026-06-08T17:00:51,Angers
7720,350694238,ALLO AUTO LOCA DISCOUNT,5710,7711A,PME,35069423800048,O,2026-07-27T13:18:35,Angers
7721,504960659,PRO LAVAGE POIDS LOURDS,5499,4520B,PME,50496065900028,O,2025-12-06T07:50:46,Angers
7722,520043464,ADHRENA,5499,7022Z,ETI,52004346400038,O,2025-12-06T10:51:59,Angers
7723,441760238,AGRAUXINE,5710,2020Z,ETI,44176023800085,O,2026-01-06T13:31:45,Angers
7724,351511357,SARTHE OPTIQUE,5710,4778A,PME,35151135700060,O,2025-12-06T06:26:37,Angers
7725,328244330,SCM IMAGERIE MED MONTPELLIER-MAUGUIO,6589,8219Z,PME,32824433000077,O,2025-12-06T09:58:04,Nimes
7726,347714941,VALEA SANTE,5710,4774Z,ETI,34771494100049,O,2025-12-06T06:19:28,Nimes
7727,353335581,VINCENT GOLF,5499,4764Z,PME,35333558100115,O,2026-02-25T18:00:47,Nimes
7728,449864172,WINBIKE ESPRIT PRO,5710,4764Z,PME,44986417200035,O,2025-12-06T06:29:45,Nimes
7729,442687141,SAS DJOUDI VIANDES,5710,4632A,PME,44268714100014,O,2025-12-06T05:20:28,Nimes
7730,447745936,ASSISTANCE TECHNIQUE SANTE,5710,7729Z,ETI,44774593600024,O,2026-03-13T13:12:32,Nimes
7731,438304479,DECORS & PEINTURE,5499,4334Z,PME,43830447900027,O,2025-12-06T06:28:54,Nimes
7732,432722429,EURO HYGIENE SARL,5499,8121Z,PME,43272242900052,O,2025-12-06T06:24:09,Nimes
7733,432797850,POMPES FUNEBRES COLLIN,5499,9603Z,PME,43279785000026,O,2025-12-06T11:32:17,Nimes
7734,432983195,CERTIFICATION IMMOBIL GERARD FRONT,5499,7112B,PME,43298319500053,O,2025-12-06T05:58:06,Nimes
7735,405318809,ETABLISSEMENTS GILLES LAYES,5710,4752A,PME,40531880900010,O,2025-12-06T05:26:45,Clermont-Ferrand
7736,338403124,MIRIBEL IMMOBILIER,5499,6831Z,PME,33840312400120,O,2025-12-06T08:02:43,Clermont-Ferrand
7737,313997223,ENVEA,5710,2651B,ETI,31399722300018,O,2026-06-03T13:01:24,Clermont-Ferrand
7738,329178487,SARL NENOT INTERTOURISME,5710,4939B,PME,32917848700057,O,2025-12-06T11:10:03,Clermont-Ferrand
7739,382473189,FITECH,5710,3312Z,PME,38247318900027,O,2025-12-06T06:24:40,Clermont-Ferrand
7740,383414109,BACSTREET TECHNOLOGIES,5499,7112B,PME,38341410900025,O,2025-12-06T06:45:59,Clermont-Ferrand
7741,440266062,NEW CENTER CAR,5710,4511Z,ETI,44026606200015,O,2025-12-06T06:16:54,Clermont-Ferrand
7742,440073047,SCI 19 BOULEVARD BERTHELOT,6540,6820B,PME,44007304700043,O,2025-12-06T06:04:22,Clermont-Ferrand
7743,432775153,SARL INSIDE,5499,4771Z,PME,43277515300021,O,2025-12-06T08:17:51,Clermont-Ferrand
7744,422399238,QUATERNAIRE,5710,7022Z,PME,42239923800118,O,2025-12-06T05:14:09,Clermont-Ferrand
7745,422925669,DPCS,5710,4777Z,PME,42292566900067,O,2025-12-06T06:25:17,Clermont-Ferrand
7746,310069596,LA MAISON DU SOMMEIL,5710,4759A,PME,31006959600016,O,2025-12-06T10:29:49,Tours
7747,332388495,ALLIANCE NOTAIRES TOURAINE,5710,6910Z,PME,33238849500027,O,2025-12-06T11:15:29,Tours
7748,438273575,SMURFIT WESTROCK CONSUMER PACKAGING SAS,5710,1721B,ETI,43827357500086,O,2026-02-27T14:00:42,Tours
7749,501396519,SELARL B.GILBERT,5485,7010Z,PME,50139651900040,O,2025-12-06T05:40:48,Tours
7750,440349090,TREGRET PERE & FILS,5710,4322A,PME,44034909000025,O,2025-12-06T05:39:40,Tours
7751,814170452,CHEZ BOOMILLE,5710,8891A,PME,81417045200019,O,2025-12-06T05:12:33,Metz
7752,829676444,EXPLORYS,5710,7022Z,ETI,82967644400013,O,2025-12-06T05:20:48,Metz
7753,830177705,LE FOURNIL DE NICOLAS,5499,1071C,PME,83017770500019,O,2025-12-06T06:14:06,Metz
7754,834817090,THEOBALD MOTORS,5710,4511Z,ETI,83481709000030,O,2026-02-26T11:01:01,Metz
7755,851792622,ARTK,5710,4941A,PME,85179262200033,O,2026-07-03T13:18:37,Metz
7756,853028413,QUADRAL CONSEIL EN FINANCEMENT,5710,6619B,ETI,85302841300054,O,2025-12-16T16:36:52,Metz
7757,843233545,SOCIETE DE STOCKAGE DU GRAND EST,5710,5210B,PME,84323354500014,O,2025-12-06T06:28:40,Metz
7758,844648584,SWEET HOME,5710,8810A,PME,84464858400010,O,2025-12-06T06:13:03,Metz
7759,882471287,AOURYSOLAR,5710,3511Z,PME,88247128700012,O,2025-12-06T06:18:57,Metz
7760,884937558,LA PETITE MOUCHE,5499,6820B,PME,88493755800010,O,2025-12-06T08:19:45,Metz
7761,885222893,DAN JOHN FRANCE,5710,4771Z,PME,88522289300012,O,2025-12-06T06:29:32,Metz
7762,823996996,JPL SERVICES,5499,7820Z,PME,82399699600067,O,2026-03-18T15:01:37,Metz
7763,817392749,OLSZAK ET LEVY,5785,6910Z,PME,81739274900047,O,2026-06-26T13:47:35,Metz
7764,951909449,LA ROCHE SOLAIRE,5710,3511Z,PME,95190944900013,O,2026-02-24T12:26:45,Besancon
7765,952027019,CHATEAUSPORT,5710,4764Z,PME,95202701900019,O,2025-12-06T08:19:53,Besancon
7766,952075109,NEW TOP BESANCON,5710,4778C,PME,95207510900035,O,2026-02-16T13:11:39,Besancon
7767,952155521,JM PLAC MENUISERIE,5499,4329A,PME,95215552100034,O,2025-12-24T13:10:16,Besancon
7768,952274678,SELARL DR NICOLAS BRICHE,5485,8621Z,PME,95227467800012,O,2025-12-06T05:40:49,Besancon
7769,952628279,SARL LES SAULES,5499,4776Z,PME,95262827900012,O,2026-04-17T19:01:08,Besancon
7770,952791069,LAVOGREEN,5710,4520A,PME,95279106900018,O,2025-12-06T06:20:03,Besancon
7771,953659604,LES DOUBS MOMENTS,5710,8891A,PME,95365960400011,O,2025-12-06T05:32:33,Besancon
7772,953718707,AGAPE,5710,6630Z,PME,95371870700011,O,2026-03-06T19:00:49,Besancon
7773,958506388,PAPIERS A PAVIOT,5710,1712Z,PME,95850638800023,O,2025-12-06T05:43:51,Besancon
7774,948035316,MIGHTY CARE,5710,4775Z,PME,94803531600017,O,2025-12-06T06:42:17,Besancon
7775,948648589,OMA,5499,1071D,PME,94864858900018,O,2025-12-06T05:57:29,Besancon
7776,949050249,CLAIR LOGIS AGENCEMENTS,5499,4332A,PME,94905024900018,O,2025-12-06T05:41:11,Besancon
7777,949082242,MILESYS NC,5710,2790Z,PME,94908224200015,O,2025-12-06T06:24:43,Besancon
7778,949087084,SADITEC NC,5710,7112B,PME,94908708400016,O,2025-12-06T05:40:56,Besancon
7779,908165863,WYTRO 2,5499,8553Z,PME,90816586300014,O,2025-12-06T07:26:37,Orleans
7780,908444789,TORRENS DEMENAGEMENTS,5499,4942Z,ETI,90844478900022,O,2025-12-06T05:14:24,Orleans
7781,902633189,CITYGEM,5710,8899B,PME,90263318900029,O,2026-08-26T13:08:10.911,Orleans
7782,480039114,OKOFEN FRANCE,5710,4674B,ETI,48003911400115,O,2026-08-06T09:09:30.025,Orleans
7783,843928714,CENTRE FRANCE PORTAGE,5710,5320Z,ETI,84392871400016,O,2026-08-06T09:09:29.382,Orleans
7784,305822231,SOCIETE TECHNIQ COMMERCIALE MANUTENTION,5710,3312Z,PME,30582223100034,O,2025-12-06T05:14:20,Orleans
7785,307558908,DELTA EQUIPEMENT,5710,4669B,PME,30755890800066,O,2026-07-30T17:31:16,Orleans
7786,314342049,ETABLISSEMENTS SERVAIS SA,5710,4752B,PME,31434204900017,O,2025-12-06T06:29:01,Orleans
7787,311765796,MARTIN ENVIRONNEMENT,5710,3812Z,PME,31176579600017,O,2025-12-06T05:15:21,Orleans
7788,085581395,UNIC PANTALON,5710,4771Z,PME,08558139500036,O,2025-12-06T06:23:52,Orleans
7789,086280278,ENTREPRISE CESARO,5710,4399C,PME,08628027800036,O,2025-12-30T12:31:48,Orleans
7790,305024382,JES,5710,5829B,PME,30502438200197,O,2025-12-06T07:41:16,Orleans
7791,484816632,IMAEE,5499,7112B,PME,48481663200067,O,2025-12-06T05:38:12,Mulhouse
7792,489361865,SAMOHT,5710,4778A,PME,48936186500012,O,2025-12-06T06:39:28,Mulhouse
7793,479957011,ELECTRO SERVICES FEHLMANN,5499,3320C,PME,47995701100014,O,2025-12-06T06:59:48,Mulhouse
7794,492203815,VARO ENERGY FRANCE SAS,5710,4671Z,ETI,49220381500047,O,2026-03-27T19:01:12,Mulhouse
7795,492419460,STILLMAX EURL,5499,6820A,PME,49241946000042,O,2025-12-06T06:24:25,Mulhouse
7796,452537020,KIKANO & CIE,5710,9321Z,PME,45253702000011,O,2025-12-06T06:16:36,Mulhouse
7797,509735619,CLIKECO FRANCE,5710,3812Z,PME,50973561900033,O,2025-12-06T05:17:23,Mulhouse
7798,481869394,AIME,5485,8621Z,PME,48186939400017,O,2025-12-06T11:32:08,Mulhouse
7799,480987999,FERME EOLIENNE DE MEAUTIS-AUVERS,5202,3511Z,PME,48098799900053,O,2025-12-06T06:31:14,Mulhouse
7800,481318095,DECO-6,5710,4673B,PME,48131809500017,O,2025-12-06T10:39:04,Mulhouse
7801,422466953,ACADYS FRANCE,5710,7022Z,PME,42246695300045,O,2025-12-06T05:39:47,Mulhouse
7802,334416336,1SPATIAL FRANCE SAS,5710,6202A,PME,33441633600207,O,2025-12-06T10:49:14,Mulhouse
7803,400492146,SARL UNIPERSONNELLE FLORIS ANJOU,5710,4622Z,PME,40049214600016,O,2025-12-06T06:00:03,Mulhouse
7804,398772533,SR DISTRIBUTION,5499,4778C,PME,39877253300020,O,2025-12-06T10:04:55,Mulhouse
7805,443421656,AFSAC,5710,4778C,PME,44342165600036,O,2025-12-06T06:34:08,Caen
7806,443852132,IMADIANS,5485,8621Z,PME,44385213200010,O,2025-12-06T05:39:04,Caen
7807,337543938,ENTREPOTS GODFROY,5710,5210A,PME,33754393800019,O,2025-12-06T08:20:54,Caen
7808,391699915,AMBULANCES LECOUSIN MICHEL,5499,8690A,PME,39169991500123,O,2026-07-23T13:16:50,Caen
7809,392920716,TERMALOC,5710,7732Z,ETI,39292071600025,O,2025-12-06T05:16:29,Caen
7810,389470089,LE COMPTOIR DES PEINTURE & SOL NORMANDIE,5499,4673A,PME,38947008900043,O,2025-12-06T05:22:51,Caen
7811,382199883,GROUPE RENARD,5599,7010Z,PME,38219988300010,O,2025-12-06T07:38:43,Caen
7812,385350863,FASTNET,5710,4321A,PME,38535086300085,O,2025-12-06T06:29:37,Caen
7813,528598568,SOLAIRE WATT,5710,3511Z,ETI,52859856800095,O,2025-12-06T07:34:15,Caen
7814,514127356,TERRE ET LAC III,5710,3511Z,PME,51412735600079,O,2025-12-06T05:58:14,Caen
7815,518707823,SPI RHONE,5499,3511Z,PME,51870782300333,O,2025-12-06T05:36:53,Caen
7816,519019582,FB PRESTIGE RH,5499,7820Z,PME,51901958200088,O,2026-04-08T16:01:25,Caen
7817,448300434,DEVARENNE ASSOCIES GRAND EST,5785,6910Z,PME,44830043400017,O,2025-12-06T08:12:25,Nancy
7818,437646136,GRAND OPTICIENS,5499,4778A,PME,43764613600014,O,2026-07-24T12:33:00,Nancy
7819,562061440,LA MAISON DE LA BIBLE,5710,4791B,PME,56206144000185,O,2025-12-06T06:22:50,Nancy
7820,562108043,SOC ETABLISSEMENTS MONCASSIN,5599,6820B,PME,56210804300372,O,2025-12-06T05:40:03,Nancy
7821,572233864,BURBERRY FRANCE SASU,5710,4771Z,ETI,57223386400915,O,2025-12-06T06:51:30,Nancy
7822,413150434,CENTRE NANCEIEN DE CORRECTION AUDITIVE,5499,4774Z,PME,41315043400012,O,2025-12-06T06:21:51,Nancy
7823,424281392,BOW MEDICAL,5710,5829C,PME,42428139200045,O,2025-12-06T05:25:21,Nancy
7824,845206424,BOURNEZEAU BIOGAZ,5710,3511Z,ETI,84520642400028,O,2025-12-06T08:08:47,Poitiers
7825,847630241,ARBOREA,5499,8130Z,PME,84763024100028,O,2026-05-13T13:14:07,Poitiers
7826,878515535,MAISON RENAUD,5499,1071C,PME,87851553500010,O,2025-12-06T06:01:56,Poitiers
7827,852918093,B.A.N.C.,5485,8621Z,PME,85291809300034,O,2026-05-20T13:14:26,Poitiers
7828,908223910,SSD 37,5499,9609Z,PME,90822391000070,O,2026-07-29T11:31:40,Poitiers
7829,391494028,CAEN ACCESSOIRES,5499,4764Z,ETI,39149402800023,O,2026-08-26T15:32:31.207,Poitiers
7830,445394760,POITOU PARE BRISE,5499,4532Z,PME,44539476000026,O,2026-08-19T13:11:34.897,Poitiers
7831,380141358,PENA ENVIRONNEMENT,5710,3832Z,PME,38014135800024,O,2026-08-06T09:09:24.163,Poitiers
7832,480749712,PAYS DE LOIRE ASSISTANCE,5710,8122Z,ETI,48074971200059,O,2026-08-06T09:09:30.713,Poitiers
7833,399516277,C.G.H.R,5710,5510Z,PME,39951627700072,O,2026-08-05T16:07:00.428,Poitiers
7834,880131800,CYCLAIR,5710,7112B,PME,88013180000018,O,2026-08-04T13:20:14.286,Poitiers
7835,306063595,SOCIETE NOUVELLE TRANSPORT,5710,4941A,ETI,30606359500046,O,2025-12-06T05:41:01,Poitiers
7836,313689341,SOCIETE DES TRANSPORTS MARTIN LES PULLMAN MONTMORILLONNAIS,5710,4939A,ETI,31368934100078,O,2025-12-06T08:12:25,Poitiers
7837,328679352,SAVOIE MONT-BLANC PATHOLOGIE,5785,8622C,PME,32867935200034,O,2025-12-06T05:37:39,Annecy
7838,335324307,EUROPEAN HOMES,5710,7010Z,ETI,33532430700032,O,2025-12-06T05:38:19,Annecy
7839,337622120,C.F.M. - CUISINE FROID MONTAGNE,5710,3320B,ETI,33762212000034,O,2025-12-06T05:47:41,Annecy
7840,352484984,CREMERIE DES MARCHES,5499,4781Z,PME,35248498400047,O,2026-06-08T15:34:48,Annecy
7841,352839393,LAMY AUDITION,5499,4774Z,PME,35283939300068,O,2025-12-06T06:10:31,Annecy
7842,449572759,4K 2D,5710,4778A,PME,44957275900016,O,2025-12-06T05:14:58,Annecy
7843,449614684,SATR,6220,4941A,PME,44961468400016,O,2025-12-06T05:14:46,Annecy
7844,447627381,PAH CERGY,5499,9321Z,PME,44762738100067,O,2026-03-13T12:17:16,Annecy
7845,447765041,P.S.L.,5499,9602A,PME,44776504100028,O,2025-12-06T06:29:38,Annecy
7846,438356958,LE FOURNIL DE MON PERE,5499,1071C,PME,43835695800019,O,2025-12-06T05:39:55,Annecy
7847,438726275,FERAUD SARL,5499,4642Z,PME,43872627500060,O,2025-12-06T06:13:02,Annecy
7848,439210477,PHIMECA,5710,7490B,PME,43921047700055,O,2025-12-06T06:03:45,Annecy
7849,439419615,ALPES MAINTENANCE GAZ-AMG,5499,4322B,PME,43941961500034,O,2025-12-06T05:21:35,Annecy
7850,431387174,GDP VENDOME PRESTIGE CAR,5710,7711A,ETI,43138717400029,O,2025-12-06T05:59:14,Annecy
7851,853197473,CLEANINVEST,5710,8121Z,ETI,85319747300012,O,2026-06-02T13:15:00,Paris
7852,982721342,NEW KOOKAI,5710,1413Z,ETI,98272134200011,O,2025-12-06T10:54:41,Paris
7853,339655409,SIMONE PERELE RETAIL,5710,4771Z,ETI,33965540900268,O,2026-08-20T19:46:05.682,Paris
7854,478135940,RESEAU D'IMAGERIE PARIS-NORD,5785,8621Z,PME,47813594000011,O,2026-08-18T09:30:28.107,Paris
7855,307322214,RECTOR LESAGE,5710,2361Z,ETI,30732221400015,O,2025-12-06T06:07:16,Paris
7856,824298814,LEO LAGRANGE PETITE ENFANCE EN PAYS DE GEX,5710,7022Z,ETI,82429881400040,O,2025-12-06T10:44:55,Lyon
7857,478328107,VEJA FAIR TRADE S.A.R.L.,5499,4690Z,ETI,47832810700139,O,2026-06-18T13:13:56,Marseille
7858,498287630,SODIF INVESTMENT,5710,4771Z,PME,49828763000244,O,2026-06-30T14:32:17,Marseille
7859,752489856,GDSOL,5710,3511Z,PME,75248985600167,O,2025-12-06T06:17:28,Marseille
7860,790789556,CNDO NATION,5499,4777Z,PME,79078955600012,O,2026-04-08T14:25:51,Marseille
7861,489866384,PROMAID,5499,8810A,PME,48986638400139,O,2026-06-16T13:08:01,Toulouse
7862,830047239,TENAO 32,5710,3511Z,PME,83004723900140,O,2025-12-06T05:12:33,Toulouse
7863,823680756,ETABLISSEMENT FONTAINE PERE ET FILS,5710,4322A,PME,82368075600033,O,2025-12-06T06:01:40,Toulouse
7864,388161028,SA FLAMME ASSAINISSEMENT,5599,8122Z,ETI,38816102800013,O,2026-05-29T16:31:30,Lille
7865,384375234,ALPHA MOBILES SYSTEMES,5710,4742Z,PME,38437523400356,O,2025-12-06T06:28:30,Lille
7866,509786216,TERRES DE CAFE,5710,4729Z,PME,50978621600069,O,2026-07-04T17:31:29,Lille
7867,323077867,TERIDEAL,5710,4211Z,ETI,32307786700261,O,2026-02-18T10:01:26,Lille
7868,326685161,JH INDUSTRIES,5710,1623Z,ETI,32668516100084,O,2025-12-06T05:43:28,Lille
7869,326815370,GLB,5710,2042Z,PME,32681537000019,O,2025-12-06T05:25:04,Lille
7870,444726228,INTERIM A BUT SOCIAL,5458,7820Z,PME,44472622800018,O,2026-03-05T16:08:24,Lille
7871,433948031,FIVES NORDON,5710,3311Z,ETI,43394803100011,O,2025-12-06T06:05:50,Lille
7872,980917959,TECHNIQUE SOLAIRE INVEST 72,5710,3511Z,ETI,98091795900010,O,2026-02-16T16:57:01,Bordeaux
7873,828212894,ELYADE FINANCE 3,5202,3511Z,PME,82821289400160,O,2025-12-06T06:25:53,Bordeaux
7874,808801955,EV MMC FRANCE,5710,6831Z,PME,80880195500150,O,2026-08-04T13:09:06.339,Bordeaux
7875,323576579,AGGREKO FRANCE,5499,7739Z,ETI,32357657900102,O,2026-08-12T16:16:44.219,Nantes
7876,332484021,ECRITEL,5710,6203Z,PME,33248402100164,O,2026-06-03T11:05:12,Nantes
7877,380342808,AUBERT & DUVAL,5710,2550A,ETI,38034280800173,O,2025-12-06T07:26:28,Nantes
7878,949726277,DISTRICHAZ,5710,4719B,PME,94972627700013,O,2026-03-09T19:00:51,Nantes
7879,844645903,GIRAUD SERVICE HOTELIER,5710,9609Z,PME,84464590300049,O,2026-03-26T13:19:44,Strasbourg
7880,817432594,TOPIVO,5710,5610C,ETI,81743259400072,O,2025-12-06T10:54:04,Strasbourg
7881,916020647,JUSTIN BLEGER SA TOUT POUR LE BATIMENT,5710,4673A,ETI,91602064700019,O,2026-07-17T16:00:41,Strasbourg
7882,487502973,EVS PROFESSIONNEL FRANCE,5710,4669C,PME,48750297300133,O,2026-08-24T13:10:09.989,Strasbourg
7883,448647016,PARCS EOLIENS DE FRUGES,5499,3511Z,ETI,44864701600089,O,2026-08-06T09:09:30.272,Strasbourg
7884,775671076,CABINET BEAU DE LOMENIE,6599,6910Z,PME,77567107600187,O,2026-08-06T12:37:59.182,Strasbourg
7885,898192075,ECOLE POUR L'INFORMATIQUE ET LES TECHNIQUES AVANCEES (EPITA),5710,8542Z,ETI,89819207500015,O,2026-06-09T13:14:17,Strasbourg
7886,382499499,APEX ENERGIES,5710,4321A,ETI,38249949900228,O,2026-03-25T17:33:10,Montpellier
7887,451498935,MSE LES DUNES,5710,3511Z,ETI,45149893500159,O,2025-12-06T06:00:34,Montpellier
7888,550802771,PATRIMOINE LANGUEDOCIENNE SOCIETE ANONYME D'HABITATIONS A LOYER MODERE,5599,6820A,ETI,55080277100034,O,2026-07-10T15:32:04,Montpellier
7889,347461188,SPEEDWAY,5710,4540Z,PME,34746118800018,O,2026-07-31T19:01:31,Montpellier
7890,449437078,AMBULANCES & TAXIS JERRISE,5499,8690A,PME,44943707800131,O,2025-12-06T05:40:17,Montpellier
7891,442157400,ECLIPSE ISTEC SAS,5710,8559A,PME,44215740000049,O,2026-06-18T11:17:06,Montpellier
7892,434173415,ICRHNET,5710,7022Z,ETI,43417341500176,O,2026-02-25T19:01:34,Montpellier
7893,443930136,SOCIETE COOPERATIVE AGRICOLE CAVE DE L'ORMARINE,6317,1102B,PME,44393013600017,O,2025-12-06T05:14:22,Montpellier
7894,530364751,EQUI INVEST D,5202,3511Z,PME,53036475100129,O,2025-12-06T10:54:18,Montpellier
7895,574201414,L'INDEPENDANT DU MIDI,5599,5813Z,ETI,57420141400319,O,2025-12-06T05:13:28,Montpellier
7896,884612391,CH RENOVATION,5710,7490A,PME,88461239100117,O,2025-12-15T17:31:47,Rennes
7897,749200051,LANGLOIS SOBRETI,5710,4329A,PME,74920005100151,O,2026-08-06T09:09:28.157,Rennes
7898,882013279,FLEXO,5710,6630Z,PME,88201327900022,O,2025-12-06T06:54:38,Rennes
7899,315844837,CENTRE DE FORMATION ROUTIERE MARIONNEAU,5710,8553Z,PME,31584483700056,O,2025-12-06T07:13:07,Rennes
7900,511373300,NORGAY,5710,7022Z,ETI,51137330000231,O,2026-04-02T12:32:13,Rennes
7901,833132764,MA CLOPE SUD,5499,4778C,PME,83313276400063,O,2025-12-06T05:27:03,Grenoble
7902,539762542,PEGIME,5710,7112B,PME,53976254200014,O,2025-12-06T11:15:30,Grenoble
7903,853147809,MISTER MATERIAUX,5710,4613Z,PME,85314780900018,O,2026-04-13T13:11:29,Grenoble
7904,889309431,2G&CO,5499,4729Z,PME,88930943100027,O,2026-07-17T13:54:55,Grenoble
7905,890173743,IMMOTHEP,5710,6831Z,PME,89017374300075,O,2026-07-24T10:36:34,Grenoble
7906,878184209,SELURL DU DOCTEUR BENJAMIN MOTTET,5485,8622C,PME,87818420900012,O,2025-12-06T05:38:28,Grenoble
7907,818500142,PEXIN,5710,7112B,PME,81850014200018,O,2025-12-06T05:41:25,Grenoble
7908,823274303,ENERG'Y CITOYENNES,5710,3511Z,PME,82327430300028,O,2025-12-06T06:20:18,Grenoble
7909,816520605,STEARINERIE DUBOIS FILS,5710,2014Z,ETI,81652060500014,O,2026-07-21T12:00:44,Grenoble
7910,817470214,BUXIA ENERGIES,5710,3511Z,PME,81747021400013,O,2025-12-06T06:11:53,Grenoble
7911,821595543,EAUX VIVES LOCATION,5499,7711A,ETI,82159554300017,O,2025-12-06T05:15:57,Grenoble
7912,917930000,ELEGIA ENERGIES,5710,7112B,PME,91793000000067,O,2025-12-06T10:55:45,Grenoble
7913,919584466,REDEMAR,5710,4764Z,PME,91958446600065,O,2026-07-13T16:00:37,Grenoble
7914,392753513,DUCASTEL,5710,4661Z,PME,39275351300028,O,2025-12-06T05:22:42,Rouen
7915,381213594,J P L,5710,4520A,ETI,38121359400017,O,2025-12-06T05:43:44,Rouen
7916,381319151,DUMESNIL,5710,4621Z,PME,38131915100035,O,2025-12-06T06:29:53,Rouen
7917,381508274,SARL CECLEMA,5710,9603Z,ETI,38150827400028,O,2025-12-06T05:43:44,Rouen
7918,510224272,CARREAU DECO,5710,4752B,PME,51022427200029,O,2026-01-19T17:36:47,Rouen
7919,524036696,PBH IMMO,5499,6831Z,PME,52403669600028,O,2025-12-06T06:29:31,Rouen
7920,745851303,GUILBERT PROPRETE,5710,8121Z,ETI,74585130300032,O,2025-12-06T05:23:37,Rouen
7921,789794997,SAVINO DEL BENE FRANCE,5710,5229B,PME,78979499700021,O,2026-04-28T14:56:53,Rouen
7922,801625443,OMS ENERGIE,5710,8122Z,ETI,80162544300016,O,2025-12-06T05:15:23,Rouen
7923,801650904,AIDATOU,5710,8121Z,PME,80165090400080,O,2025-12-06T11:09:04,Rouen
7924,804785251,LCF GRAND OUEST,5710,6492Z,PME,80478525100013,O,2026-07-31T18:40:04,Rouen
7925,805217163,JASMIN CAR WASH,5710,4520A,PME,80521716300114,O,2026-07-02T14:30:52,Rouen
7926,552057002,C.I.R.,5710,3299Z,PME,55205700200248,O,2025-12-06T05:13:56,Rouen
7927,400376265,TILMAT,5710,4663Z,PME,40037626500023,O,2025-12-06T06:26:52,Dijon
7928,400669883,MOMENTUM,5710,6622Z,ETI,40066988300052,O,2025-12-06T06:01:46,Dijon
7929,399293448,CHARLAST,5499,5520Z,PME,39929344800045,O,2025-12-06T05:20:18,Dijon
7930,327084778,INTERNATIONAL FLAVORS & FRAGRANCES IFF (FRANCE),5710,7219Z,ETI,32708477800072,O,2025-12-06T05:52:29,Dijon
7931,305817231,VINGEANNE TRANSPORTS,5710,4941A,PME,30581723100023,O,2025-12-06T05:25:20,Dijon
7932,307016121,NELLO CHELI,5710,4511Z,PME,30701612100039,O,2025-12-06T05:27:48,Dijon
7933,440292662,EDVB,5710,7911Z,PME,44029266200069,O,2025-12-06T06:25:34,Dijon
7934,440595973,STAMPERS INVENTORISTES,5499,8299Z,PME,44059597300031,O,2025-12-06T08:20:55,Dijon
7935,439475815,NEOS SOFTWARE DEVELOPMENT INTEGRATION,5710,6201Z,ETI,43947581500171,O,2025-12-06T05:23:46,Dijon
7936,432061133,SAINT MENET SASU,5710,4778A,PME,43206113300075,O,2025-12-06T06:15:34,Dijon
7937,433127297,LDS AUDIT,5710,6920Z,PME,43312729700060,O,2025-12-06T05:41:45,Dijon
7938,433473113,SALAISONS A.B.,5499,4722Z,PME,43347311300028,O,2025-12-06T06:24:57,Dijon
7939,793224460,DOCTEUR PYLD,5485,8622C,PME,79322446000014,O,2025-12-06T05:59:29,Angers
7940,794081455,3JS,5499,4520A,PME,79408145500022,O,2025-12-06T06:24:17,Angers
7941,326684537,DALLAGES DE L'OUEST,5710,4673A,PME,32668453700037,O,2026-06-29T13:09:48,Angers
7942,328960851,AGENCE ARTISTIQUE CINETEA,5499,8299Z,PME,32896085100058,O,2025-12-06T09:56:50,Angers
7943,347947442,CARPENTER SAS,5710,2221Z,ETI,34794744200021,O,2025-12-06T05:41:45,Angers
7944,434246997,M D N COMMUNICATION,5499,5610A,PME,43424699700010,O,2025-12-06T06:10:16,Nimes
7945,434544425,ATELIER JOURDAIN,5710,4332B,PME,43454442500029,O,2026-04-10T13:13:36,Nimes
7946,448401786,TERRE ET MER IMMOBILIER,5710,6831Z,PME,44840178600018,O,2025-12-06T05:55:57,Nimes
7947,448464917,A.M.F. QUALITE SECURITE ENVIRONNEMENT,5499,7112B,PME,44846491700047,O,2025-12-06T05:19:40,Nimes
7948,448687327,SARL IFRIQUIA,5499,4711B,PME,44868732700016,O,2025-12-06T07:14:30,Nimes
7949,449006949,BOITES PROFESSIONNELLES PERSONNALISEES,5499,1721B,PME,44900694900035,O,2025-12-06T11:32:08,Nimes
7950,435288725,LUNE,5499,4771Z,PME,43528872500037,O,2025-12-06T06:15:42,Nimes
7951,443468186,SYNANTO EXPERTISE COMPTABLE,5710,6920Z,PME,44346818600020,O,2025-12-06T05:26:28,Nimes
7952,443977871,SHIVA GROUPE,5499,8810A,ETI,44397787100070,O,2025-12-06T05:39:18,Nimes
7953,444132575,DYVA,5710,4771Z,PME,44413257500036,O,2025-12-06T09:40:37,Nimes
7954,534549993,ODG,5499,5610A,PME,53454999300010,O,2025-12-06T07:24:13,Nimes
7955,531723385,GS PISCINES,5499,4752A,PME,53172338500013,O,2025-12-06T06:27:40,Nimes
7956,512882259,PHOTOFORT 2009 SAINT GILLES-MENESPLET,5710,3511Z,ETI,51288225900058,O,2025-12-06T06:27:54,Nimes
7957,513091595,N.D.A.,5499,7111Z,PME,51309159500019,O,2025-12-06T06:29:54,Nimes
7958,513525725,EXCELASSUR,5499,6622Z,PME,51352572500059,O,2025-12-06T06:28:16,Nimes
7959,538177536,SARL OCTOPE,5499,4759B,ETI,53817753600025,O,2025-12-06T10:47:05,Nimes
7960,530261577,PHYCO- BIOTECH,5710,7211Z,PME,53026157700049,O,2025-12-06T05:59:21,Nimes
7961,424651800,BLANC PLUS,5710,9601B,PME,42465180000049,O,2025-12-06T05:38:42,Clermont-Ferrand
7962,424747657,C.LEBRETON,5499,4520A,PME,42474765700049,O,2025-12-06T06:30:11,Clermont-Ferrand
7963,409940020,AGNA,5499,7112B,PME,40994002000038,O,2026-03-26T13:11:01,Clermont-Ferrand
7964,415022805,ALTIVEC,5710,4322B,PME,41502280500063,O,2025-12-06T05:21:16,Clermont-Ferrand
7965,415170711,C.D. 1,5499,9311Z,ETI,41517071100113,O,2025-12-06T06:19:53,Clermont-Ferrand
7966,415184167,SYNERGIES LOGISTIQUES SA,5699,5229B,PME,41518416700013,O,2025-12-06T06:15:42,Clermont-Ferrand
7967,417529781,NORRAC,5710,8559A,PME,41752978100078,O,2025-12-06T05:22:23,Clermont-Ferrand
7968,412936429,ART-TRANS,5710,4942Z,PME,41293642900064,O,2026-01-26T11:28:05,Clermont-Ferrand
7969,352354856,TELEPHONIE DU VELAY,5710,3320D,PME,35235485600069,O,2025-12-06T05:40:17,Clermont-Ferrand
7970,352849137,ERASTEEL,5710,2431Z,ETI,35284913700067,O,2025-12-06T05:16:18,Clermont-Ferrand
7971,378415012,ATELIER DE SOUS TRAITANCE INDUSTRIELLE DU VAL D'ALLIER,5599,6420Z,PME,37841501200046,O,2025-12-06T06:13:17,Clermont-Ferrand
7972,379155823,SD LAQUES SYSTEMES,5710,4673B,PME,37915582300055,O,2026-07-21T18:06:14,Clermont-Ferrand
7973,921924908,COMMISSAIRES DE L'OUEST,5485,6910Z,PME,92192490800012,O,2025-12-06T08:14:14,Tours
7974,922093117,DPE 37,5710,7120B,PME,92209311700039,O,2025-12-06T05:41:11,Tours
7975,922506555,ADAIRC,5710,7729Z,PME,92250655500015,O,2025-12-06T05:19:52,Tours
7976,980871099,SELARL DU DOCTEUR QUENTIN DUROI,5485,8622C,PME,98087109900019,O,2025-12-06T05:38:36,Tours
7977,951196385,TOURAINE AGREGATS,5710,4690Z,PME,95119638500011,O,2026-06-03T13:31:39,Tours
7978,986150050,SERIOPLAST LAVARDAC,5710,2222Z,PME,98615005000052,O,2025-12-06T07:12:22,Tours
7979,340054295,DEGOTTEX INDUSTRIE,5710,2511Z,PME,34005429500027,O,2025-12-06T06:16:08,Tours
7980,378752521,GUARDIAN ALARM,5710,4321A,PME,37875252100047,O,2025-12-06T05:43:44,Tours
7981,379047426,BUREAU ETUDE STRUCTURE TECHN ENERGIE,5710,7112B,PME,37904742600042,O,2026-07-31T13:10:06,Tours
7982,344927520,STE D'EXPLOITATION DES ETS J.P. ROUSSEAU,5499,5510Z,PME,34492752000017,O,2025-12-06T05:21:34,Tours
7983,828456061,GROUPE6TM,5710,7022Z,ETI,82845606100013,O,2025-12-06T05:38:43,Metz
7984,676180060,SOCIETE ALSACIENNE DE MAROQUINERIE,5499,1512Z,PME,67618006000011,O,2025-12-06T06:11:44,Metz
7985,802984633,GREEN SHOP,5499,4773Z,PME,80298463300064,O,2025-12-06T06:23:54,Metz
7986,909169914,L'ATELIER D'AMAYA EST,5710,4778C,PME,90916991400019,O,2026-03-11T13:33:57,Metz
7987,533662722,ESHEMA HYDRO,5710,3511Z,ETI,53366272200065,O,2026-08-26T07:02:54.685,Metz
7988,389597261,SOCIETE ASCENSORISTE INDEPENDANT,5710,4329B,PME,38959726100038,O,2026-08-25T07:02:15.866,Metz
7989,552064933,ABL DIAGNOSTICS,5599,7219Z,PME,55206493300112,O,2026-08-11T12:30:48.763,Metz
7990,724501192,NIDEC ASI,5710,3320C,ETI,72450119200038,O,2026-08-06T09:09:29.961,Metz
7991,775726433,FIDAL ET ASSOCIES,5699,7010Z,ETI,77572643303700,O,2025-12-06T11:32:17,Besancon
7992,792969941,JL TAXI,5710,4932Z,PME,79296994100030,O,2025-12-06T06:02:46,Besancon
7993,792974669,CLIMENT PONTARLIER,5710,4673A,PME,79297466900014,O,2025-12-06T10:54:03,Besancon
7994,919926667,GLTP INVEST,6599,6630Z,PME,91992666700032,O,2026-02-09T19:01:23,Besancon
7995,844321315,T.J.L.P,5499,4711D,PME,84432131500013,O,2025-12-06T06:27:33,Besancon
7996,322249731,SA TECHMO,5710,4669B,PME,32224973100132,O,2025-12-06T10:48:44,Orleans
7997,322345380,SARL DIVA,5499,5610A,PME,32234538000024,O,2025-12-06T11:22:26,Orleans
7998,300419777,NOTACT,5485,6910Z,PME,30041977700069,O,2025-12-30T15:31:53,Orleans
7999,334785144,LOGI-PRESSE,5710,5229B,ETI,33478514400117,O,2025-12-06T06:26:44,Orleans
8000,334872850,BOURDIN,5710,8130Z,PME,33487285000022,O,2025-12-06T05:40:40,Orleans
8001,319450201,LAITERIE DE VARENNES,5710,1051A,ETI,31945020100037,O,2025-12-06T08:00:52,Orleans
8002,329845226,TRANSPORTS LA FLECHE BLEUE,5710,4941A,PME,32984522600128,O,2026-06-18T15:30:56,Orleans
8003,330267725,AUTO VAL DE LOIRE,5710,4511Z,ETI,33026772500027,O,2025-12-06T07:26:27,Orleans
8004,411468564,RELYENS GIE,6220,8299Z,ETI,41146856400017,O,2025-12-06T06:28:08,Orleans
8005,432284396,ACTIONS CONSEIL,5710,7022Z,PME,43228439600095,O,2025-12-06T06:15:51,Orleans
8006,302430657,RITTAL SAS,5710,4669A,PME,30243065700155,O,2025-12-06T07:55:22,Orleans
8007,399155563,ELTER,5710,8710A,ETI,39915556300071,O,2026-01-06T13:13:54,Mulhouse
8008,399270651,CARGO INVESTISSEMENT,5710,6420Z,PME,39927065100025,O,2025-12-06T05:37:55,Mulhouse
8009,399349299,VIAPRIM,5499,4722Z,PME,39934929900038,O,2025-12-06T06:32:44,Mulhouse
8010,395059777,EGLO FRANCE LUMINAIRE,5499,4647Z,PME,39505977700023,O,2025-12-06T05:45:35,Mulhouse
8011,394742266,TRANSPORTS COUE,5710,4941A,PME,39474226600031,O,2025-12-06T05:40:32,Mulhouse
8012,331502864,AGE GEOMETRES-EXPERTS,5485,7112A,PME,33150286400068,O,2025-12-06T06:13:40,Mulhouse
8013,306927229,ETABLISSEMENTS A. REYMANN ET FILS,5710,9603Z,PME,30692722900014,O,2025-12-06T08:15:30,Mulhouse
8014,329198287,CENTRE DE PATHOLOGIE ANAPATH68,5485,8690B,PME,32919828700016,O,2025-12-06T05:39:18,Mulhouse
8015,440865798,AC NEGOCE,5710,4531Z,ETI,44086579800050,O,2025-12-06T05:16:29,Mulhouse
8016,439378308,SARL ESPACE CHR,5499,4669C,PME,43937830800027,O,2026-01-21T13:32:10,Mulhouse
8017,429928401,PEPPERBAY,5710,5829A,PME,42992840100034,O,2026-05-07T13:11:14,Mulhouse
8018,521530972,FRANCE LOCATION EXPO,5710,7739Z,PME,52153097200020,O,2025-12-06T07:46:11,Caen
8019,524296811,C COMME COURS,5499,8559B,PME,52429681100010,O,2025-12-06T09:55:19,Caen
8020,752951632,COMPTA EXPERT SOCIAL NORMANDIE,5499,7022Z,ETI,75295163200021,O,2025-12-23T18:00:22,Caen
8021,753188887,DJAFER,5499,6820A,PME,75318888700032,O,2025-12-06T06:28:09,Caen
8022,532065307,NEOMOD,5499,4771Z,PME,53206530700011,O,2025-12-06T05:43:45,Caen
8023,804988798,IDROTO,5710,4520A,PME,80498879800067,O,2026-01-19T13:02:09,Caen
8024,538777087,MARY CYCLES,5499,4540Z,ETI,53877708700049,O,2025-12-06T10:38:56,Caen
8025,790076350,ESPACE CLOTURE ILE DE FRANCE,5710,4329B,ETI,79007635000053,O,2026-01-21T09:01:07,Caen
8026,790674360,LEGRAND MOTORS,5710,4511Z,ETI,79067436000017,O,2025-12-06T05:12:32,Caen
8027,794619726,GECI INGENIERIE,5499,4120B,PME,79461972600035,O,2026-01-29T15:00:33,Caen
8028,485260814,MARC JACQUES SAS,5710,8219Z,PME,48526081400044,O,2025-12-06T06:22:17,Nancy
8029,477925010,LOGIMO,5499,6831Z,PME,47792501000068,O,2025-12-06T05:15:22,Nancy
8030,810112359,MD EPINAL,5499,4729Z,PME,81011235900015,O,2025-12-06T05:36:20,Nancy
8031,812164739,SANTE CIE,5710,6420Z,ETI,81216473900045,O,2026-04-01T11:37:22,Nancy
8032,812743847,RED-E-GROUP,5599,4540Z,PME,81274384700012,O,2025-12-06T06:15:09,Nancy
8033,789186293,MANGENOT PIECES DISTRIBUTION,5710,4532Z,PME,78918629300013,O,2026-02-24T18:31:32,Nancy
8034,804845808,AUDIO T.T.,5499,4774Z,PME,80484580800018,O,2025-12-06T06:27:40,Nancy
8035,311712434,GROUPE EURO ABSORBANTS,5599,4675Z,PME,31171243400035,O,2025-12-06T05:20:18,Poitiers
8036,312032220,POITOU-MOTOCULTURE-VIENNE,5710,4661Z,PME,31203222000021,O,2026-03-27T16:31:33,Poitiers
8037,312125149,PROGECO II,5499,6810Z,PME,31212514900012,O,2025-12-06T05:25:38,Poitiers
8038,312381668,HEBERT ET ASSOCIES - EXPERTS COMPTABLES CONSEILS,5599,6920Z,PME,31238166800069,O,2025-12-06T05:51:50,Poitiers
8039,017050121,SOC EXPLOIT ELECTR DE MATHAY,5710,3511Z,PME,01705012100056,O,2025-12-06T05:48:33,Poitiers
8040,027180066,ETS MICHEL CHOUTEAU,5710,6420Z,ETI,02718006600063,O,2025-12-06T08:13:08,Poitiers
8041,304452972,KEESING FRANCE,5710,5814Z,ETI,30445297200066,O,2025-12-06T05:45:35,Poitiers
8042,304600927,ETABLISSEMENTS BOUTILLET SAS,5710,4399C,PME,30460092700012,O,2025-12-06T09:51:40,Poitiers
8043,325185437,JEAN CLAUDE BRIANT FINANCES,5710,7022Z,PME,32518543700028,O,2025-12-06T10:45:37,Poitiers
8044,432636389,SARL DELICES AL'PAINS,5499,1071C,PME,43263638900046,O,2026-04-16T17:06:55,Annecy
8045,433800570,AXALP,5560,7112B,PME,43380057000122,O,2025-12-06T07:16:54,Annecy
8046,434522009,AUTO EVENTS,5710,8559A,PME,43452200900027,O,2026-07-03T16:30:48,Annecy
8047,449061274,JEAN-SEBASTIEN BRUNET - MANUFACTURES,5499,3109A,PME,44906127400063,O,2025-12-06T09:25:44,Annecy
8048,443644166,MUSKHANE,5499,4759B,PME,44364416600045,O,2025-12-01T12:45:35,Annecy
8049,533965760,SELARL DU DOCTEUR PISAREWSKI,5485,8622C,PME,53396576000036,O,2025-12-06T06:11:45,Annecy
8050,534154687,AUTOCARS PAYS DE SAVOIE - A.P.S.,5710,4939A,PME,53415468700048,O,2026-07-06T17:36:40,Annecy
8051,534167192,TOMMES ET BEAUFORT,5499,4729Z,PME,53416719200010,O,2025-12-06T06:57:33,Annecy
8052,534643663,EMINZA,5710,4791A,PME,53464366300030,O,2026-07-01T13:46:48,Annecy
8053,531265239,GROUPE PPU,5499,4690Z,PME,53126523900024,O,2025-12-06T05:38:04,Annecy
8054,513077339,AAL LOCATIONS,5499,7711A,PME,51307733900051,O,2025-12-06T06:05:14,Annecy
8055,513301416,LES MOTS EN CAVALE,5499,4761Z,PME,51330141600014,O,2025-12-06T09:59:56,Annecy
8056,535346753,LABORATOIRES AREIA ENVIRONNEMENT,5499,7120B,PME,53534675300051,O,2025-12-06T10:38:34,Annecy
8057,537840308,EXINCO,5710,6920Z,PME,53784030800085,O,2026-06-01T13:11:49,Annecy
8058,949970834,LCMK,5710,5520Z,PME,94997083400014,O,2025-12-06T11:08:04,Paris
8059,397657941,CONSULTANTS IMMOBILIER,5710,6831Z,PME,39765794100027,O,2026-02-10T13:20:13,Paris
8060,390022531,IMMOJET,5710,4520A,PME,39002253100029,O,2025-12-06T10:47:27,Paris
8061,330730078,PRADA RETAIL FRANCE,5710,4772B,ETI,33073007800129,O,2025-12-06T07:50:52,Paris
8062,509164000,SOLAPRO,5499,4652Z,PME,50916400000044,O,2025-12-10T16:31:39,Lyon
8063,344844998,AKWEL SA,5699,2932Z,ETI,34484499800023,O,2025-12-06T05:43:36,Lyon
8064,332011287,BERNARD TRUCKS,5710,4519Z,ETI,33201128700221,O,2026-03-18T12:56:51,Lyon
8065,378233548,DURAND SERVICES,5710,4520A,ETI,37823354800031,O,2025-12-06T05:16:06,Lyon
8066,750167769,SOLEMIDI,5710,3511Z,ETI,75016776900363,O,2025-12-06T05:13:44,Marseille
8067,424492973,ARTOIS MOTOCULTURE,5710,4661Z,PME,42449297300013,O,2025-12-12T13:12:23,Lille
8068,479621625,COUTELLERIE ET CASSEROLERIE,5499,4759B,PME,47962162500033,O,2026-06-29T13:12:14,Lille
8069,529232910,LES CHEVRONS SOFIDA,5710,4511Z,ETI,52923291000032,O,2025-12-06T05:43:29,Lille
8070,393667241,SAS TRADI HOME,5710,7112B,PME,39366724100102,O,2025-12-06T05:37:40,Bordeaux
8071,096080577,BANQUE POUYANNE,5599,6419Z,PME,09608057700016,O,2025-12-06T11:32:07,Bordeaux
8072,982446627,KOURBE SPV4,5710,3511Z,ETI,98244662700019,O,2026-04-28T15:00:38,Bordeaux
8073,383167889,FLORENTAISE,5599,0891Z,ETI,38316788900013,O,2026-04-22T05:10:37,Nantes
8074,394898217,E.B.S LE RELAIS ATLANTIQUE,5558,3832Z,PME,39489821700085,O,2025-12-06T06:32:28,Nantes
8075,385106372,PATRIARCHE,5710,7111Z,ETI,38510637200027,O,2025-12-06T05:43:44,Nantes
8076,402968655,DEVOTEAM,5710,6311Z,ETI,40296865500165,O,2026-05-28T17:31:53,Nantes
8077,444484851,POINTE DE PENMARC'H,5710,4791B,ETI,44448485100019,O,2026-05-22T13:09:39,Nantes
8078,349428755,WSP FRANCE,5710,7112B,ETI,34942875500095,O,2026-03-04T17:16:55,Nantes
8079,323317032,ROTHSCHILD & CO MARTIN MAUREL,5599,6419Z,ETI,32331703200031,O,2026-02-05T05:07:50,Nantes
8080,312561665,MAERSK FRANCE,5710,5229B,ETI,31256166500141,O,2025-12-06T10:00:50,Strasbourg
8081,798555124,ECCO FRANCE,5710,4772A,PME,79855512400014,O,2025-12-06T05:21:27,Strasbourg
8082,840420228,RSP SERVICES,5499,4332B,PME,84042022800065,O,2025-12-06T05:12:04,Strasbourg
8083,503450462,BAYWA R.E. FRANCE,5710,7112B,ETI,50345046200158,O,2025-12-06T08:29:16,Strasbourg
8084,509222378,LAZARD GROUP REAL ESTATE,5599,4110B,ETI,50922237800028,O,2026-07-08T10:15:05,Strasbourg
8085,399570068,FIMIPAR,5599,6492Z,ETI,39957006800102,O,2025-12-06T10:45:37,Strasbourg
8086,403266174,CRIS RESEAUX,5710,4651Z,PME,40326617400115,O,2025-12-06T08:03:26,Strasbourg
8087,305546616,CENTRE D'ETUDES ET DE GESTION INFORMATIQUE,5710,6202B,ETI,30554661600049,O,2026-06-03T11:05:11,Strasbourg
8088,327945341,HAPIMAG FRANCE SARL,5499,5520Z,PME,32794534100128,O,2025-12-06T05:20:18,Strasbourg
8089,416850337,GRIESSER FRANCE SA,5710,2512Z,PME,41685033700013,O,2025-12-06T05:43:29,Montpellier
8090,478862378,THES DE LA BAS,5499,4729Z,PME,47886237800013,O,2025-12-06T05:48:34,Montpellier
8091,452763592,GALZIN LANGUEDOC,5499,1071C,PME,45276359200014,O,2026-05-12T14:12:00,Montpellier
8092,484821236,ALYZIA,5710,5223Z,ETI,48482123600045,O,2025-12-06T06:34:48,Montpellier
8093,488860057,BOELS RENTAL FRANCE,5710,7739Z,PME,48886005700063,O,2026-06-09T15:46:56,Montpellier
8094,489666826,IMAGERIE MEDICALE THAU EST RC,5710,8622A,PME,48966682600024,O,2025-12-06T05:39:33,Montpellier
8095,478355399,LULLI & CUPIDON,5499,4778C,PME,47835539900070,O,2025-12-06T08:25:37,Montpellier
8096,789673340,INSIDE,5710,6202A,ETI,78967334000038,O,2026-05-05T13:14:53,Montpellier
8097,510429319,EURL ROSE,5499,5510Z,PME,51042931900039,O,2025-12-06T07:19:58,Montpellier
8098,508819265,MAGMA,5710,8230Z,ETI,50881926500028,O,2026-01-06T13:03:19,Montpellier
8099,528534050,CENTRALE SOLAIRE DE CANOPIA,5499,3511Z,PME,52853405000141,O,2025-12-06T06:16:18,Montpellier
8100,500028089,INTERACTION MAINE,5710,7820Z,ETI,50002808900174,O,2025-12-06T05:43:45,Rennes
8101,333926830,ETABLISSEMENTS HENRY LECOMTE,5710,4661Z,PME,33392683000014,O,2025-12-06T08:46:29,Rennes
8102,334438827,COOPER SECURITE SAS,5710,2740Z,ETI,33443882700035,O,2025-12-06T05:15:33,Rennes
8103,397557927,SELIMED,5785,8622A,PME,39755792700019,O,2025-12-06T07:13:15,Rennes
8104,439480617,ADRIEN ALARME,5499,4321A,PME,43948061700026,O,2025-12-06T05:19:50,Rennes
8105,344001169,LANSARD ENERGIE,5710,4322B,ETI,34400116900020,O,2026-08-25T13:54:34.478,Grenoble
8106,399339431,ARM FRANCE,5710,7219Z,ETI,39933943100112,O,2026-08-19T13:26:24.726,Grenoble
8107,431722891,B ET M ENGINEERING,5499,7112B,PME,43172289100014,O,2026-08-19T05:09:43.228,Grenoble
8108,343096087,CIC ORIO,5710,3320A,PME,34309608700022,O,2026-08-06T09:09:30.461,Grenoble
8109,434743076,THIERY MEDICAL,5710,4774Z,PME,43474307600011,O,2026-08-06T09:09:30.463,Grenoble
8110,883848103,COMPAGNIE DES PUBLICATIONS ET MEDIAS RHONE-ALPES,5710,5814Z,ETI,88384810300015,O,2025-12-09T13:14:01,Grenoble
8111,888986056,REVERA,5560,4677Z,PME,88898605600040,O,2026-04-09T17:30:35,Grenoble
8112,881821409,GUJGAL,5499,6820A,PME,88182140900011,O,2025-12-06T06:25:18,Grenoble
8113,882411291,DC2SCALE,5710,6203Z,PME,88241129100058,O,2026-01-29T13:21:46,Grenoble
8114,897080289,DELTA DORE,5599,2651B,ETI,89708028900027,O,2025-12-06T05:26:19,Grenoble
8115,301010492,LYSEO,5710,5229B,PME,30101049200199,O,2026-03-03T11:37:33,Grenoble
8116,057505638,R. ALLEMAND ET COMPAGNIE,5710,4941A,PME,05750563800031,O,2025-12-06T06:37:00,Grenoble
8117,070501580,SOCIETE ALPINE D'ISOLATION THERMIQUE,5710,4329A,ETI,07050158000024,O,2025-12-06T08:11:13,Grenoble
8118,480220052,ALLIANCE MP CLEON,5710,7820Z,PME,48022005200041,O,2025-12-06T05:21:35,Rouen
8119,900628348,GREEN NATURE,5499,4729Z,PME,90062834800014,O,2025-12-06T08:33:53,Rouen
8120,901057430,LA LAVERIE DU FAUBOURG,5710,9601B,PME,90105743000018,O,2026-07-31T19:00:49,Rouen
8121,814097507,ASFAR MTV,5710,4941B,PME,81409750700036,O,2025-12-06T09:32:00,Rouen
8122,812772382,VIVA SANTE,5710,6820B,PME,81277238200063,O,2026-02-16T16:36:02,Rouen
8123,830425971,INQUEST,5710,6202A,ETI,83042597100108,O,2026-05-13T14:30:57,Rouen
8124,418167953,ALPHA RECYCLAGE FRANCHE COMTE SARL,5710,3832Z,PME,41816795300037,O,2025-12-06T07:26:28,Dijon
8125,364800060,COVIVIO,5599,6820B,ETI,36480006000287,O,2026-06-29T18:32:30,Dijon
8126,349363838,ETABLISSEMENTS ANDRE PERRIER,5710,3312Z,PME,34936383800070,O,2025-12-06T05:14:45,Dijon
8127,353477201,SODEP,5499,4673B,PME,35347720100027,O,2025-12-06T10:16:27,Dijon
8128,379386220,C.I.S.,5499,4321A,PME,37938622000030,O,2025-12-06T05:39:54,Dijon
8129,350905816,MOGRA,5710,4669B,PME,35090581600046,O,2025-12-06T10:54:17,Dijon
8130,443160817,AVENIA AUDIT,5499,6920Z,PME,44316081700112,O,2026-02-25T12:00:39,Dijon
8131,448166512,S.A.R.I. 21,5710,7120B,PME,44816651200021,O,2025-12-06T06:00:04,Dijon
8132,448191387,DESPRETS OPTICIEN,5499,4778A,PME,44819138700019,O,2026-02-03T14:15:21,Dijon
8133,426150058,LES CREATIONS LTN,5599,4642Z,ETI,42615005800078,O,2025-12-22T13:08:38,Dijon
8134,437766405,DGK AVOCATS ASSOCIES,6561,6910Z,PME,43776640500058,O,2025-12-06T06:08:48,Dijon
8135,441977261,INTENDANCE@PARTICULIERS,5710,8121Z,PME,44197726100110,O,2025-12-06T11:09:48,Angers
8136,442785424,SDJ FROID,5710,3320B,PME,44278542400056,O,2025-12-06T05:25:38,Angers
8137,442990297,FOCSIE CENTRE,5710,7022Z,PME,44299029700032,O,2025-12-06T05:14:58,Angers
8138,447563297,SARL NAYATS,5499,4778C,PME,44756329700012,O,2026-04-29T11:31:32,Angers
8139,432507812,LES JARDINS DU VAL DE LOIRE,5710,3511Z,PME,43250781200019,O,2026-03-12T18:00:26,Angers
8140,432989937,L.M. MANUTENTION,5710,4669B,PME,43298993700060,O,2025-12-08T15:31:34,Angers
8141,432993780,SOGELINK,5710,6312Z,ETI,43299378000043,O,2026-06-03T11:05:13,Angers
8142,429493455,CLINIQUE VETERINAIRE DES COTEAUX,6576,7500Z,PME,42949345500027,O,2025-12-06T09:50:48,Angers
8143,430482315,FROID & SERVICES ATLANTIQUE,5710,4669B,ETI,43048231500016,O,2025-12-06T05:43:44,Angers
8144,448373480,SARTHE MEDICAL SERVICE,5710,4774Z,PME,44837348000053,O,2025-12-06T05:16:18,Angers
8145,448531996,ACT E CONSEIL,5485,6910Z,PME,44853199600032,O,2026-05-12T09:00:37,Angers
8146,448581561,EPSD TRAITEUR,5710,5621Z,PME,44858156100017,O,2025-12-06T08:09:48,Angers
8147,448670935,AVANTAGE CREDIT ASSURANCE,5499,6619B,PME,44867093500015,O,2025-12-06T07:07:25,Angers
8148,582087706,S.A.M. LEFEVRE,5499,4649Z,ETI,58208770600260,O,2025-12-06T05:40:10,Nimes
8149,588202119,ENZA ZADEN FRANCE RECHERCHE,5710,7211Z,PME,58820211900024,O,2025-12-06T05:21:55,Nimes
8150,620800581,SEAC,5710,6820B,ETI,62080058100220,O,2025-12-06T05:39:04,Nimes
8151,413776527,FUNKY FISH FRANCE,5499,4778C,PME,41377652700025,O,2025-12-06T05:22:33,Nimes
8152,414274035,AMBULANCES DE LA GAZELLE,5499,8690A,PME,41427403500016,O,2025-12-06T06:48:54,Nimes
8153,418657086,SAS SALLES FLORENT,5710,1013B,PME,41865708600017,O,2025-12-06T05:40:17,Nimes
8154,428292734,AMEXC,5599,8622C,PME,42829273400020,O,2025-12-06T07:02:16,Nimes
8155,422062331,BY DE BO DESIGN,5710,1413Z,PME,42206233100109,O,2025-12-06T06:27:23,Nimes
8156,422313130,BAZILLE GESTION,5710,6831Z,PME,42231313000011,O,2025-12-06T06:16:36,Nimes
8157,417622172,LA COUPE D'OR,5499,4725Z,PME,41762217200019,O,2025-12-06T06:27:39,Nimes
8158,379433626,MARLIER S.A,5599,7120B,PME,37943362600023,O,2025-12-06T06:45:59,Clermont-Ferrand
8159,324535848,BERTRAND MARTIN LAISNE MARTINE DETHOOR MARTIN ANTOINE PORTAL CHRISTOPHE GALAND ET ASSOCIES,6561,6910Z,PME,32453584800067,O,2025-12-06T07:24:49,Clermont-Ferrand
8160,350776589,DIFFUSION ROSICRUCIENNE D R C,5710,4791B,PME,35077658900011,O,2025-12-06T06:29:37,Clermont-Ferrand
8161,449257195,MAURICE NAILLER,5710,4391B,PME,44925719500056,O,2025-12-06T05:16:51,Clermont-Ferrand
8162,447994609,CARRES DE LUMIERE,5710,4332A,PME,44799460900165,O,2026-07-10T15:31:40,Clermont-Ferrand
8163,428768543,BORZEIX-BESSE,5710,1082Z,PME,42876854300012,O,2025-12-06T05:15:10,Clermont-Ferrand
8164,437487556,BACACIER PROFILAGE,5710,7010Z,ETI,43748755600072,O,2025-12-06T05:43:37,Clermont-Ferrand
8165,337507115,IMMOBILIER GERGOVIA,5499,6832A,PME,33750711500042,O,2025-12-06T05:20:36,Clermont-Ferrand
8166,383875440,AUTOMATISMES DU CENTRE EST - ACE,5710,3320C,PME,38387544000034,O,2025-12-06T05:14:57,Clermont-Ferrand
8167,385015359,RAYNAL,5710,4673A,ETI,38501535900040,O,2025-12-06T05:41:02,Clermont-Ferrand
8168,392668521,ADC GUYANE,5710,6920Z,PME,39266852100033,O,2025-12-06T05:16:29,Clermont-Ferrand
8169,392860524,MAISON JOFFROIS,5499,1013B,PME,39286052400017,O,2025-12-06T05:40:47,Clermont-Ferrand
8170,381589886,ABICOM,5710,6311Z,PME,38158988600039,O,2025-12-06T10:52:43,Clermont-Ferrand
8171,325805885,OPTIQUE CLERMONT NORD,5710,4778A,PME,32580588500028,O,2026-01-22T04:53:13,Clermont-Ferrand
8172,528166432,FEROVERGNE,5710,4920Z,ETI,52816643200013,O,2025-12-06T09:31:59,Clermont-Ferrand
8173,388380362,AUTOMOBILE CONTROLE TECHNIQUE,5710,7120A,PME,38838036200029,O,2025-12-06T05:37:40,Tours
8174,384077509,LAVAUX,5710,0812Z,ETI,38407750900048,O,2025-12-06T05:14:46,Tours
8175,385068531,MAINE BACHES,5710,1392Z,ETI,38506853100040,O,2025-12-06T05:16:29,Tours
8176,408618999,CELLIER DE LA VERRINE,5499,4725Z,PME,40861899900010,O,2025-12-06T10:55:29,Tours
8177,411188931,FABREGUE,5710,1812Z,ETI,41118893100033,O,2025-12-06T05:08:32,Tours
8178,389528142,VIVA CENTRE,5499,4751Z,PME,38952814200018,O,2025-12-06T06:25:25,Tours
8179,542048798,AXFLOW SA,5710,4662Z,ETI,54204879800152,O,2026-06-03T11:05:14,Tours
8180,554800219,TRANSPORTS CARRE,5499,4942Z,ETI,55480021900053,O,2025-12-06T06:05:28,Tours
8181,794063230,2G COM 79,5499,6120Z,PME,79406323000047,O,2025-12-06T06:24:58,Tours
8182,343503967,P.B.,5710,6831Z,PME,34350396700048,O,2025-12-06T10:00:43,Tours
8183,343756078,MOBIVAL,5710,4759A,PME,34375607800048,O,2025-12-06T05:15:09,Tours
8184,349930453,LA REGLE DU JEU,5499,4765Z,PME,34993045300031,O,2026-07-10T13:09:50,Tours
8185,326680253,GUILLOT SA,5710,4672Z,PME,32668025300019,O,2025-12-06T05:14:08,Tours
8186,891627325,SELARL DR MARC NIPPERT,5485,8621Z,PME,89162732500014,O,2026-03-27T11:01:04,Metz
8187,892151911,EVEL & QUADRAL SAS,5710,8299Z,ETI,89215191100013,O,2025-12-06T05:25:40,Metz
8188,892206202,GIS MIC SUPPORT,5710,7022Z,ETI,89220620200012,O,2025-12-06T05:17:03,Metz
8189,894459650,JBJM,5499,6820B,PME,89445965000012,O,2026-02-12T17:34:03,Metz
8190,300398880,SEMIN,5710,2030Z,ETI,30039888000058,O,2025-12-06T06:34:47,Metz
8191,301190864,ETABLISSEMENTS ACKERMANN SA,5710,4661Z,PME,30119086400027,O,2025-12-06T05:20:18,Metz
8192,500019633,INTD,5499,4642Z,PME,50001963300022,O,2025-12-06T06:08:33,Besancon
8193,500101191,VORAYSIENNE,5710,6820B,PME,50010119100012,O,2025-12-06T06:45:59,Besancon
8194,500354865,BD BOISSONS DISTRIBUTION,5710,4634Z,PME,50035486500023,O,2025-12-06T11:15:44,Besancon
8195,440029437,SOCIETE GABRIEL ENVIRONNEMENT,5710,3832Z,PME,44002943700017,O,2026-01-09T12:31:45,Orleans
8196,380349761,VIM,5710,2825Z,ETI,38034976100201,O,2025-12-06T05:43:28,Orleans
8197,501352033,ALLEIMA FRANCE,5710,4643Z,PME,50135203300069,O,2025-12-06T06:26:08,Orleans
8198,501803290,DECOUP SERVICE PLUS,5710,4399D,PME,50180329000045,O,2026-06-03T11:05:14,Orleans
8199,440769149,CONSEIL INGERIERIE REALISATION C I R,5499,7112B,PME,44076914900020,O,2025-12-06T05:21:45,Orleans
8200,433439015,PREMIUM AUTOMOBILE,5710,4511Z,ETI,43343901500044,O,2025-12-06T08:38:32,Mulhouse
8201,431843697,MAYA,5710,6831Z,PME,43184369700035,O,2025-12-06T06:18:55,Mulhouse
8202,424190171,ERSTEIN BRICO,5499,4752B,PME,42419017100019,O,2025-12-06T10:39:57,Mulhouse
8203,418919684,NSI 2,5710,8121Z,ETI,41891968400054,O,2025-12-09T13:12:10,Mulhouse
8204,419380936,GROUPE DES ASSURANCES MUTUELLES DE L'EST,6411,6512Z,ETI,41938093600023,O,2026-06-08T17:46:40,Mulhouse
8205,419896949,SAINT LOUIS SPORTS ET LOISIRS,5710,4764Z,ETI,41989694900049,O,2025-12-06T08:29:15,Mulhouse
8206,412068421,SELARL AMIM,5485,8621Z,PME,41206842100012,O,2025-12-15T12:01:21,Mulhouse
8207,377744651,BRETZELS MORICETTES MFP POULAILLON,5599,1085Z,ETI,37774465100060,O,2025-12-06T06:56:46,Mulhouse
8208,342443652,JACOULOT SERVICE PLUS,5499,4661Z,PME,34244365200041,O,2026-02-02T13:11:45,Mulhouse
8209,349438234,EUROLASER,5710,4649Z,PME,34943823400347,O,2025-12-06T05:39:03,Mulhouse
8210,349758912,HILZINGER PORTES ET FENETRES,5710,2512Z,ETI,34975891200027,O,2025-12-06T05:16:18,Mulhouse
8211,349865592,TECHNICOM,5499,4649Z,PME,34986559200019,O,2025-12-06T10:50:08,Mulhouse
8212,378979959,PLEIADE,5599,6420Z,ETI,37897995900558,O,2025-12-06T06:13:01,Mulhouse
8213,443920848,LES GENETS,5499,6820A,PME,44392084800019,O,2026-03-26T15:13:32,Mulhouse
8214,444045892,SARL HYDROALSACE,5499,4321A,PME,44404589200080,O,2025-12-06T05:22:03,Mulhouse
8215,799235957,HOLDING RENAUD,5710,6420Z,PME,79923595700070,O,2026-04-03T16:00:35,Caen
8216,693820367,GORRIAS NORMANDIE,5710,4511Z,ETI,69382036700060,O,2025-12-06T05:59:14,Caen
8217,732003090,ATELIERS ROBERT GOHARD,5710,9524Z,PME,73200309000048,O,2025-12-06T11:15:37,Caen
8218,733821144,BETON DE MOUEN,5710,2363Z,PME,73382114400074,O,2025-12-06T07:57:52,Caen
8219,670500412,ELECTROTECHNIQUE DE NORMANDIE,5499,4669A,ETI,67050041200119,O,2026-06-05T12:01:12,Caen
8220,785680166,IMMOBILIERE BATIBAIL,5599,6820A,PME,78568016600028,O,2025-12-06T05:42:00,Caen
8221,788185585,BOIS ET DERIVES DE NORMANDIE,5710,4673A,ETI,78818558500023,O,2025-12-06T05:14:35,Caen
8222,572158269,COMPAGNIE D'AFFRETEMENT ET DE TRANSPORT,5710,5229B,ETI,57215826900868,O,2025-12-06T09:14:25,Caen
8223,575750401,SOCIETE FORESTIERE DU MAINE,5710,4673A,ETI,57575040100110,O,2025-12-06T05:16:52,Caen
8224,554200816,PHILIPPE REY SA-TRANSIT TRANSPORTS,5710,5229B,PME,55420081600383,O,2025-12-06T10:51:09,Caen
8225,503605263,ESPACES ATYPIQUES DEVELOPPEMENT,5710,6831Z,PME,50360526300238,O,2025-12-06T05:14:10,Caen
8226,509838116,ACTOJURIS,5485,6910Z,PME,50983811600069,O,2026-06-18T15:00:51,Caen
8227,523476547,LES VENTS DU SOLESMOIS,5710,3511Z,ETI,52347654700089,O,2025-12-06T05:15:23,Caen
8228,493655054,CIMME MANUTENTION,5710,4669B,ETI,49365505400028,O,2025-12-06T05:25:14,Caen
8229,920692498,BATINEO RENOVATION,5710,4120A,ETI,92069249800016,O,2026-07-27T09:00:22,Caen
8230,980617963,YAKA,5710,4774Z,PME,98061796300015,O,2026-06-15T12:00:44,Caen
8231,922365614,ADERIM NORMANDIE,5710,7820Z,PME,92236561400010,O,2025-12-06T06:01:56,Caen
8232,509544599,NEXIOM AUDIT,5710,6920Z,ETI,50954459900046,O,2025-12-06T05:14:35,Nancy
8233,752566687,EXPERTISE CHOIX B,5710,6920Z,PME,75256668700063,O,2025-12-06T05:43:52,Nancy
8234,750111965,ELITE CREDIT,5499,6619B,PME,75011196500042,O,2026-02-18T10:32:06,Nancy
8235,898471438,WESTEA,5202,4110D,ETI,89847143800017,O,2025-12-06T07:30:56,Nancy
8236,325670578,PENAUD,5710,4771Z,PME,32567057800013,O,2025-12-06T10:08:24,Poitiers
8237,331089474,TUI FRANCE,5599,7912Z,ETI,33108947403178,O,2026-05-12T14:11:59,Poitiers
8238,331357319,SOCIETE M.RY,5558,4211Z,PME,33135731900044,O,2026-06-03T11:05:12,Poitiers
8239,331912048,CENTRALE TEXTILES,5499,4771Z,PME,33191204800021,O,2026-07-28T14:18:17,Poitiers
8240,321539918,SOCIETE DES ETABLISSEMENTS MAISONNIER,5499,4752B,PME,32153991800011,O,2025-12-06T06:28:54,Poitiers
8241,321616120,SAGEFI,5710,6420Z,PME,32161612000093,O,2025-12-06T05:51:36,Poitiers
8242,322307018,SARL PAIN,5499,4332B,PME,32230701800034,O,2025-12-06T06:41:24,Poitiers
8243,322720087,GFA BELLET,6534,6820B,PME,32272008700020,O,2025-12-06T11:22:26,Poitiers
8244,322827387,SOCIETE BLAISE-EMBALLAGES,5710,1624Z,PME,32282738700042,O,2026-03-25T13:18:49,Poitiers
8245,300154184,MAISON CARCAILLON,5499,4754Z,PME,30015418400042,O,2025-12-06T06:19:11,Poitiers
8246,529752537,MEDICIS PATRIMOINE ALPES,5710,6831Z,PME,52975253700025,O,2025-12-06T08:21:03,Annecy
8247,605720507,VAL D'ARVE,6540,6820B,PME,60572050700041,O,2026-07-30T11:56:53,Annecy
8248,606520419,ROCH,5710,4674A,ETI,60652041900031,O,2025-12-06T06:45:28,Annecy
8249,535178016,COOPERATIVE ARTISANALE DU SANITAIRE DE L'ELECTRICITE ET DU CHAUFFAGE,5553,4674B,PME,53517801600015,O,2025-12-06T06:23:14,Annecy
8250,413578998,TROC SPORT,5499,4779Z,PME,41357899800010,O,2025-12-06T06:19:45,Annecy
8251,414242529,LA SOURCE,5710,4711C,ETI,41424252900025,O,2025-12-06T06:29:30,Annecy
8252,418098752,AUDIN,5599,4669B,PME,41809875200037,O,2025-12-06T06:20:01,Annecy
8253,418345310,VICTOR FORMATION II,5499,8559A,PME,41834531000019,O,2025-12-06T10:50:08,Annecy
8254,428252050,AIN MOBILES CARS,5499,4511Z,PME,42825205000029,O,2025-12-06T06:24:25,Annecy
8255,428585160,PHILIPPE RIGOLLOT PATISSIER CHOCOLATIER,5499,1071D,PME,42858516000016,O,2025-12-06T08:11:28,Annecy
8256,789931268,RED ENERGY,5499,3511Z,PME,78993126800260,O,2025-12-06T05:13:15,Paris
8257,502631393,M.V.O.,5710,8122Z,PME,50263139300274,O,2025-12-06T06:00:04,Paris
8258,518126990,DG URBANS,5499,5510Z,ETI,51812699000010,O,2026-03-25T13:18:10,Paris
8259,533591020,CIRCET SERVICES,5710,6190Z,ETI,53359102000193,O,2026-01-29T14:01:10,Paris
8260,334707502,FIDUCIAIRE PISSETTAZ,5710,6920Z,PME,33470750200038,O,2025-12-06T05:38:03,Lyon
8261,381114107,VALTERRA MATIERES ORGANIQUES,5710,3821Z,PME,38111410700257,O,2025-12-06T05:15:33,Lyon
8262,381228386,KOESIO AURA,5710,9511Z,ETI,38122838600102,O,2025-12-06T05:54:16,Lyon
8263,528584972,TECHNIQUE SOLAIRE INVEST 12,5499,3511Z,ETI,52858497200186,O,2025-12-06T05:12:47,Lyon
8264,632036950,GUDULE SA,5710,4777Z,PME,63203695000038,O,2025-12-06T05:54:25,Lyon
8265,453163131,POMPES FUNEBRES LE PAPILLON,5499,9603Z,PME,45316313100163,O,2026-07-24T13:07:55,Marseille
8266,498327972,CENTRALES PHOTOVOLTAIQUES TOITURES N 1,5710,3511Z,ETI,49832797200341,O,2025-12-06T09:27:28,Marseille
8267,452225790,SILICON STORE,5710,6201Z,PME,45222579000016,O,2025-12-06T05:39:48,Marseille
8268,313652745,GEO SUD OUEST,5785,7112A,PME,31365274500032,O,2025-12-06T07:00:10,Toulouse
8269,421994658,CWF CHILDREN WORLDWIDE FASHION,5710,4642Z,ETI,42199465800027,O,2026-07-30T18:32:02,Toulouse
8270,833991789,MCD9,5499,3511Z,ETI,83399178900292,O,2025-12-06T06:28:32,Lille
8271,819054859,OLANO LOGISTIQUE,5710,5224B,ETI,81905485900015,O,2025-12-06T07:21:26,Lille
8272,834978959,MONTAIGNE,5710,4771Z,PME,83497895900114,O,2026-08-12T17:31:29.493,Lille
8273,445125438,JEREMY,5499,4759B,PME,44512543800116,O,2025-12-06T11:12:44,Nantes
8274,421863259,SEW USOCOME,5710,2711Z,ETI,42186325900014,O,2025-12-06T06:23:29,Strasbourg
8275,417790979,AMBULANCES GREINER,5499,8690A,PME,41779097900013,O,2025-12-06T05:39:04,Strasbourg
8276,443035217,ATLASSIB FRANTA,5499,5221Z,PME,44303521700050,O,2025-12-06T06:09:12,Strasbourg
8277,444214209,GANTHA,5710,7112B,ETI,44421420900025,O,2026-06-17T13:11:46,Strasbourg
8278,442131322,AMETIS,5710,4110A,ETI,44213132200046,O,2025-12-06T10:50:33,Strasbourg
8279,435022769,CBL CONSULTING,5710,6202A,ETI,43502276900119,O,2025-12-06T05:22:03,Strasbourg
8280,384288395,STEELCASE IDF,5710,4665Z,ETI,38428839500245,O,2026-02-23T12:31:33,Strasbourg
8281,899160170,LEGENDAIRE,5499,4773Z,PME,89916017000093,O,2025-12-06T08:16:35,Montpellier
8282,900955675,INGELYO DEVELOPPEMENT,5710,3511Z,PME,90095567500013,O,2026-01-13T13:00:47,Montpellier
8283,802084392,T.A.F INTERIM,5710,7820Z,PME,80208439200058,O,2026-01-29T09:00:54,Montpellier
8284,799715248,E-LEVEN,5710,7112B,PME,79971524800024,O,2026-06-17T13:07:20,Montpellier
8285,680200193,GAZ SERVICE,5710,4322B,PME,68020019300034,O,2026-05-29T11:46:39,Montpellier
8286,812846988,FORMATION ECAF,5710,8559A,PME,81284698800101,O,2026-04-01T13:14:11,Montpellier
8287,911148369,STUDI,5710,8559A,ETI,91114836900018,O,2025-12-06T07:01:14,Montpellier
8288,812921260,RIDER LEVETT BUCKNALL FRANCE,5710,7112B,PME,81292126000137,O,2026-03-25T18:31:24,Montpellier
8289,352512511,ADN ADG,5710,4673A,ETI,35251251100028,O,2025-12-06T05:45:35,Rennes
8290,448666404,TAILORMADE LOGISTICS FRANCE,5710,4941A,ETI,44866640400034,O,2026-07-01T13:46:47,Rennes
8291,335061552,ADDITI MULTIMEDIA,5710,6311Z,ETI,33506155200204,O,2026-02-19T16:00:41,Rennes
8292,528808702,METIER INTERIM & CDI,5710,7820Z,PME,52880870200112,O,2025-12-06T08:33:44,Rennes
8293,514547918,COTE FILLE,5499,4778C,PME,51454791800011,O,2026-05-26T15:00:48,Rennes
8294,519313829,SEENOVATE,5710,6202A,PME,51931382900110,O,2025-12-06T07:46:11,Rennes
8295,521053173,NEXT DECISION,5710,6202A,PME,52105317300162,O,2026-01-29T11:31:31,Rennes
8296,534734629,UF EVOLUTION,5499,9311Z,ETI,53473462900023,O,2025-12-06T10:38:03,Rennes
8297,317494508,FONDACONSEIL,5710,7112B,PME,31749450800110,O,2025-12-06T05:40:09,Grenoble
8298,319881827,FRANCE DENEIGEMENT,5710,4399E,PME,31988182700038,O,2025-12-06T05:43:43,Grenoble
8299,912628096,TOOAL,5710,4772A,ETI,91262809600014,O,2025-12-06T06:17:45,Grenoble
8300,451153605,SARL MIDO,5499,4771Z,PME,45115360500097,O,2025-12-06T10:08:25,Grenoble
8301,502617970,MISTERPISCINES,5710,4752A,ETI,50261797000053,O,2025-12-06T09:21:20,Grenoble
8302,478969173,ECM TECHNOLOGIES,5710,2821Z,ETI,47896917300044,O,2025-12-06T05:16:51,Grenoble
8303,480111244,GIRAUDET BOUTIQUES,5710,4729Z,PME,48011124400012,O,2025-12-06T06:18:24,Grenoble
8304,492202916,ENERLOGIS,5499,4613Z,PME,49220291600069,O,2026-05-28T13:18:41,Grenoble
8305,490697745,TROISIEME LIGNE BRAND STORES,5499,4764Z,PME,49069774500092,O,2025-12-06T10:55:30,Grenoble
8306,905247300,UBICITE,5710,6110Z,ETI,90524730000023,O,2026-02-13T11:32:52,Rouen
8307,907663223,INGENIERIE TECHNIQUES D'EXTINCTION,5710,4322A,ETI,90766322300010,O,2026-02-11T13:17:03,Rouen
8308,430249292,JENICLEAN,5710,4520A,PME,43024929200086,O,2026-08-12T12:00:27.385,Rouen
8309,302136494,HAUTOT JEAN ET FILS,5710,4520A,PME,30213649400028,O,2025-12-06T06:25:41,Rouen
8310,309065910,SOCIETE ARMORICAINE DE CANALISATIONS,5710,4221Z,PME,30906591000031,O,2025-12-06T11:08:25,Rouen
8311,391790466,ARCHE TALENTS,5710,7022Z,ETI,39179046600083,O,2026-05-12T14:11:59,Dijon
8312,391941184,ROBERT MULLER SARL,5499,4941A,PME,39194118400015,O,2025-12-06T05:38:03,Dijon
8313,393115605,SARL LA RONDE DES VINS,5710,4725Z,PME,39311560500023,O,2025-12-06T09:58:04,Dijon
8314,325267573,LITERIE SERVICE,5710,4759A,PME,32526757300161,O,2025-12-06T06:36:26,Dijon
8315,520287004,TRENITALIA FRANCE,5710,4910Z,PME,52028700400102,O,2026-05-11T13:35:11,Dijon
8316,522458397,BATIGONE,5710,7112B,PME,52245839700091,O,2026-04-27T11:37:48,Dijon
8317,753657147,AUCAP TERRAVEA,5710,6920Z,PME,75365714700074,O,2025-12-06T08:05:07,Dijon
8318,535420277,RUBIN LACAQUE,5710,4669A,PME,53542027700019,O,2026-05-15T05:08:25,Dijon
8319,449072792,GODET DOMINIQUE,5710,4722Z,PME,44907279200046,O,2025-12-06T06:23:45,Angers
8320,437281207,GPA 26,5710,3831Z,ETI,43728120700013,O,2025-12-06T06:13:48,Angers
8321,438117384,ASSELIO,5710,6622Z,PME,43811738400034,O,2025-12-06T06:00:11,Angers
8322,443863923,INPUT SALES FORCES,5710,7311Z,ETI,44386392300050,O,2025-12-06T05:22:03,Angers
8323,444412738,CADVISION,5710,4651Z,PME,44441273800114,O,2026-03-27T13:38:06,Angers
8324,533865366,GLOBAL DISTRI,5710,4673B,PME,53386536600017,O,2025-12-06T08:17:52,Angers
8325,531604775,GREKO,5710,6420Z,PME,53160477500027,O,2025-12-06T06:12:47,Angers
8326,513850248,ALIZE,6599,6820B,PME,51385024800032,O,2025-12-06T10:52:51,Angers
8327,537893331,TM,5710,4941B,PME,53789333100059,O,2025-12-06T05:42:38,Angers
8328,530214220,CONFLUENCE,5710,5630Z,PME,53021422000069,O,2025-12-06T06:00:34,Angers
8329,571720200,MAISONS HENRI DEVRED,5499,6810Z,PME,57172020000013,O,2025-12-06T08:19:58,Angers
8330,413351115,COLBERT ASSURANCES,5499,6622Z,PME,41335111500063,O,2025-12-06T08:39:14,Angers
8331,424838993,ICM,5499,4649Z,PME,42483899300063,O,2025-12-06T05:41:09,Nimes
8332,404197626,PLH CONSEIL,5710,6810Z,PME,40419762600066,O,2026-04-01T13:09:39,Nimes
8333,451889265,BE TEC,5499,7112B,PME,45188926500026,O,2025-12-06T06:34:48,Nimes
8334,456800861,RICHTER SA,5599,6420Z,PME,45680086100043,O,2025-12-06T06:00:48,Nimes
8335,488931726,GATE 3D,5710,4332B,PME,48893172600019,O,2025-12-06T06:29:54,Nimes
8336,485277651,LES MASSACANS,5499,8710A,PME,48527765100033,O,2025-12-06T08:38:32,Nimes
8337,480511138,CHRYSTEL,5499,4511Z,PME,48051113800038,O,2026-04-23T13:10:04,Nimes
8338,480948975,ALOHA,5499,4771Z,PME,48094897500010,O,2025-12-06T10:50:33,Nimes
8339,481775633,NIMOTEL LA BRANDADE,5710,5510Z,PME,48177563300011,O,2025-12-06T05:41:17,Nimes
8340,407764687,WESTFALIA FRUIT FROID,5710,5210A,ETI,40776468700023,O,2025-12-06T06:08:09,Nimes
8341,513859405,SOCIETE EUREA,5499,4221Z,ETI,51385940500021,O,2025-12-06T05:20:47,Clermont-Ferrand
8342,515069375,VARSUN,5499,3511Z,PME,51506937500043,O,2025-12-06T07:57:45,Clermont-Ferrand
8343,519615322,MERIDIAN SOLAIRE III,5499,7112B,PME,51961532200079,O,2025-12-06T05:58:14,Clermont-Ferrand
8344,522365311,FONCIERE SEGAP,5710,3511Z,PME,52236531100037,O,2025-12-06T07:48:28,Clermont-Ferrand
8345,523896017,SARL MEZEYRAC - ENERGIE,5499,3511Z,PME,52389601700051,O,2025-12-06T06:34:15,Clermont-Ferrand
8346,753351709,NEXEREN,5710,6202A,ETI,75335170900013,O,2026-07-03T13:20:53,Clermont-Ferrand
8347,753760172,OPTIM CEYRAT,5499,4778A,PME,75376017200019,O,2026-01-09T13:11:24,Clermont-Ferrand
8348,753857978,CAP ENERGIE GENTIANE,5499,7490B,PME,75385797800070,O,2026-07-28T15:36:21,Clermont-Ferrand
8349,534851670,TFB PROD4,5710,3511Z,PME,53485167000073,O,2025-12-06T06:22:51,Clermont-Ferrand
8350,532087038,TFB PROD1,5710,3511Z,PME,53208703800057,O,2025-12-06T06:29:09,Clermont-Ferrand
8351,810637488,R & K,5499,5610A,PME,81063748800018,O,2026-01-26T10:00:40,Clermont-Ferrand
8352,329163455,CPI GLOBAL,5710,1721B,PME,32916345500135,O,2025-12-06T05:23:45,Tours
8353,329186761,CCEA EXPERTISE,5710,6621Z,PME,32918676100030,O,2026-01-20T12:31:35,Tours
8354,345375604,CABINET ROUX,5599,6621Z,ETI,34537560400195,O,2026-01-28T17:47:02,Tours
8355,441940905,A.L.V.A,5710,1041A,PME,44194090500033,O,2025-12-06T05:25:30,Tours
8356,447773573,SARL NAGI,5499,6820A,PME,44777357300020,O,2026-03-12T19:01:34,Tours
8357,433061975,ITANCIA,5710,9521Z,ETI,43306197500036,O,2025-12-06T05:41:24,Tours
8358,444390777,CAPENSIS,5710,6202A,PME,44439077700100,O,2025-12-16T13:12:26,Tours
8359,572024032,SATEBA FRANCE,5599,2361Z,ETI,57202403200102,O,2025-12-06T05:20:10,Tours
8360,602058281,CUL DE COCHON,5710,4722Z,PME,60205828100240,O,2025-12-06T06:41:25,Tours
8361,413423146,OUEST BATTERIES,5710,4511Z,PME,41342314600088,O,2026-05-26T16:58:12,Tours
8362,419725866,KEREX,5710,4631Z,PME,41972586600042,O,2025-12-06T08:39:43,Tours
8363,317031565,FIGELOR,5710,6920Z,PME,31703156500102,O,2026-03-19T11:01:02,Metz
8364,311666564,GRENNEVO CONSTRUCTIONS LORRAINE,5710,4399C,PME,31166656400076,O,2025-12-06T06:24:32,Metz
8365,840762207,"BRUNI, BRUNI & CIPOLLA",6220,6512Z,PME,84076220700016,O,2025-12-06T05:41:10,Metz
8366,852407816,DF DANCE ET EVENTS,5710,8552Z,PME,85240781600010,O,2025-12-06T05:22:35,Metz
8367,821516499,TRICA & ASSOCIES,5499,4942Z,PME,82151649900018,O,2025-12-06T06:12:39,Metz
8368,495063117,VIVRECO,5499,4322B,PME,49506311700065,O,2026-03-03T10:01:05,Metz
8369,499328540,M.V GIUSTINATI,5499,1071C,PME,49932854000038,O,2026-05-21T11:07:28,Metz
8370,500127634,OCEAL SERVICES,5499,8810A,PME,50012763400037,O,2025-12-06T05:38:27,Metz
8371,498711266,SELAS MILCORAD,5785,8622A,PME,49871126600011,O,2025-12-06T05:41:03,Metz
8372,914726856,SIMON CHARPENTE,5499,4391A,PME,91472685600026,O,2026-05-07T13:08:48,Besancon
8373,381107614,STEINHAUSER,5202,6820B,PME,38110761400020,O,2026-06-03T11:05:12,Besancon
8374,339484594,STADIUM PLUS,5499,4764Z,PME,33948459400017,O,2025-12-06T06:17:59,Besancon
8375,339619389,SEGERAD,5499,6832A,PME,33961938900036,O,2026-04-02T13:08:42,Besancon
8376,382951663,DISTRIBUTION LUMINAIRE DECORATION,5499,4759B,PME,38295166300014,O,2025-12-06T06:22:24,Besancon
8377,383068533,HEINRICH CANALISATION,5710,4673A,ETI,38306853300017,O,2025-12-06T06:39:27,Besancon
8378,378416929,AVEC MATHEY,5499,4941A,PME,37841692900040,O,2025-12-06T05:38:34,Besancon
8379,978314805,BNB 45,5499,4771Z,PME,97831480500018,O,2025-12-06T06:03:16,Orleans
8380,953954609,PF ANGELIS,5710,9603Z,PME,95395460900012,O,2025-12-06T07:50:55,Orleans
8381,976420257,ALEXANDER,6540,6820B,PME,97642025700215,O,2025-12-06T05:39:26,Orleans
8382,948157672,L'ATELIER D'AMAYA CENTRE 2,5710,4777Z,PME,94815767200015,O,2026-06-03T11:05:16,Orleans
8383,775500515,SCM ORCOM ET ASSOCIES,6589,6619A,PME,77550051500033,O,2025-12-06T07:07:25,Orleans
8384,840125157,KM AGRI,5710,4661Z,ETI,84012515700015,O,2025-12-06T07:18:49,Orleans
8385,847630175,3R AUTO ECOLE,5710,8553Z,PME,84763017500028,O,2025-12-06T05:38:50,Orleans
8386,838609659,TECHNIQUE - PERFORMANCE - INNOVATION,5710,4120B,PME,83860965900027,O,2025-12-06T06:25:43,Orleans
8387,499971596,NEWLIFE,5499,4759A,PME,49997159600014,O,2025-12-06T06:15:25,Orleans
8388,500367313,DELTA IMMOBILIER,5710,6831Z,PME,50036731300011,O,2025-12-06T08:08:18,Orleans
8389,500448659,BETON LOGISTIQUE MARECHAL,5710,2363Z,ETI,50044865900044,O,2025-12-06T05:43:21,Orleans
8390,445185937,MMD,5710,4941A,ETI,44518593700015,O,2025-12-06T05:16:51,Mulhouse
8391,445201247,SARL L'ANNEAU,5710,8010Z,ETI,44520124700076,O,2025-12-06T09:27:05,Mulhouse
8392,442247516,LURE DIFF,5499,4759B,ETI,44224751600036,O,2025-12-06T05:38:04,Mulhouse
8393,442870010,NAILS CENTER,5499,9602B,PME,44287001000075,O,2025-12-06T10:14:41,Mulhouse
8394,448250738,MASTER WINEMAKERS SARL,5499,4634Z,PME,44825073800011,O,2025-12-06T08:33:44,Mulhouse
8395,435290275,M.C. SPORTS,5499,4642Z,PME,43529027500054,O,2025-12-06T05:39:47,Mulhouse
8396,340783828,CARNIATO EUROPE,5599,4638B,PME,34078382800015,O,2025-12-06T05:25:04,Mulhouse
8397,337818272,SOCIETE DE COMMERCIALISATION DE BETAIL ELEVAGE ET VIANDE EN ALSACE,5710,4623Z,ETI,33781827200029,O,2025-12-06T11:07:47,Mulhouse
8398,384273918,SCP VILMIN CANONICA REMY ROLLET,6561,6910Z,PME,38427391800035,O,2026-03-26T13:20:15,Mulhouse
8399,384470431,LES NOUVEAUX ESPACES,5710,7911Z,PME,38447043100022,O,2026-06-19T15:00:39,Mulhouse
8400,384986964,ATELIER MARC BARRAL BARON,5499,7420Z,PME,38498696400037,O,2026-03-16T14:55:55,Mulhouse
8401,380115618,PALAIS DE PERSE,5499,4753Z,PME,38011561800080,O,2025-12-06T07:07:15,Mulhouse
8402,393282181,ALSA TEMPORAIRE SAS,5710,7820Z,PME,39328218100055,O,2026-01-20T15:00:44,Mulhouse
8403,388876997,DENNEY AUTOMOBILES,5710,4511Z,ETI,38887699700015,O,2025-12-06T05:25:38,Mulhouse
8404,381109354,EURHODE BUSINESS SERVICES,5499,8299Z,PME,38110935400062,O,2026-04-09T13:13:15,Mulhouse
8405,387473044,FRANCESCA RESTAURATION,5499,5610A,PME,38747304400064,O,2025-12-06T06:22:24,Mulhouse
8406,387767056,SOCIETE MAINTENANCE INDUSTRIELLE DU RHIN,5499,3312Z,PME,38776705600030,O,2025-12-06T06:25:06,Mulhouse
8407,388013021,AUTO CONTROLE TECHNIQUE WKW,5499,7120A,PME,38801302100018,O,2025-12-06T05:20:18,Mulhouse
8408,901703496,EM NORMANDIE COMPETENCES,5710,8559A,PME,90170349600017,O,2025-12-06T05:53:55,Caen
8409,900740374,CHEZ POTO,5710,5610C,PME,90074037400013,O,2025-12-06T09:58:13,Caen
8410,918222142,FICADEX CONSULTING JACQUES COLIBERT ET ASSOCIES,5710,6920Z,PME,91822214200039,O,2026-06-18T10:00:51,Caen
8411,815028162,DIGITAL INSURE SERVICES,5710,6622Z,ETI,81502816200072,O,2026-07-31T14:32:44,Caen
8412,817516776,PLAISIRS DES REVES ENCHANTES,5710,9321Z,PME,81751677600017,O,2025-12-06T08:19:37,Caen
8413,823209564,ADEL FORMATIONS,5499,8559A,PME,82320956400058,O,2026-06-30T13:16:26,Caen
8414,823747928,ART TEA,5710,4778C,PME,82374792800047,O,2026-06-18T13:10:33,Caen
8415,824521561,DESJOUIS DEMENAGEMENTS,5710,4942Z,PME,82452156100012,O,2025-12-06T05:16:19,Caen
8416,824596795,GROUPE AIRWELL,5599,4669B,ETI,82459679500032,O,2025-12-06T05:43:38,Caen
8417,839157880,FRANCK PEPIN,5710,6820A,PME,83915788000015,O,2026-05-20T19:00:25,Caen
8418,904773868,CHEZ BEBERT,5710,4729Z,PME,90477386800016,O,2025-12-06T06:24:19,Nancy
8419,798025284,FUTURES ENERGIES MONT HEUDELAN,5710,3511Z,ETI,79802528400075,O,2026-07-30T16:30:35,Nancy
8420,794806620,SIBEO INGENIERIE,5710,7112B,PME,79480662000017,O,2025-12-06T10:50:18,Nancy
8421,795129261,UGOLF EST,5499,9311Z,ETI,79512926100033,O,2025-12-06T09:30:31,Nancy
8422,791682172,INOTREM,5599,7219Z,PME,79168217200030,O,2026-02-20T13:11:00,Nancy
8423,781621644,NUMEN SERVICES,5710,6311Z,ETI,78162164400017,O,2025-12-06T05:16:52,Nancy
8424,814292678,OC LOGISTIQUE,5499,4941B,ETI,81429267800012,O,2026-06-08T16:00:32,Nancy
8425,829020320,DUVAL DEVELOPPEMENT EST,5710,4110A,ETI,82902032000067,O,2026-03-09T13:12:29,Nancy
8426,301637740,MESSENT,5710,4334Z,PME,30163774000046,O,2025-12-06T11:12:58,Poitiers
8427,310072384,P. BORDAS,5710,6311Z,PME,31007238400079,O,2025-12-06T06:41:33,Poitiers
8428,334025772,ETABLISSEMENTS ARNAULT,5710,6420Z,PME,33402577200107,O,2025-12-06T06:11:11,Poitiers
8429,334537594,GUYONNAUD-AUDEBRAND,5499,3320B,PME,33453759400015,O,2026-01-09T16:49:13,Poitiers
8430,334993284,CAP 86,5710,4674B,PME,33499328400010,O,2025-12-06T10:45:01,Poitiers
8431,332358316,PROMONT,5710,1082Z,PME,33235831600013,O,2025-12-06T05:43:44,Poitiers
8432,333201762,GANAYE,5499,4661Z,PME,33320176200015,O,2025-12-06T08:46:29,Poitiers
8433,321017550,MATRALAN,5710,4941A,PME,32101755000013,O,2026-05-12T14:11:58,Poitiers
8434,417736451,ATELIER ALPHA ENSEIGNES,5499,4321A,PME,41773645100028,O,2025-12-06T05:40:33,Poitiers
8435,422802728,EUROMEDIA SP,5710,4649Z,PME,42280272800036,O,2025-12-06T06:00:26,Annecy
8436,415019785,ELTIS,5499,4321A,PME,41501978500039,O,2026-05-07T13:13:41,Annecy
8437,419649306,SAS COTE FJORD,5710,7022Z,ETI,41964930600075,O,2025-12-06T09:14:17,Annecy
8438,424257608,LA CASE AUX AFFAIRES,5499,4719B,PME,42425760800036,O,2025-12-06T11:06:03,Annecy
8439,425125895,JEAN LAIN AUTOMOBILES SEYNOD,5710,4511Z,ETI,42512589500010,O,2026-02-03T13:17:40,Annecy
8440,479148520,ERIC AYMONIER,5499,4722Z,PME,47914852000030,O,2025-12-18T13:12:13,Annecy
8441,451804165,LES CAILLOUX,5499,7721Z,PME,45180416500012,O,2025-12-06T05:41:02,Annecy
8442,452471824,BLEU TURQUOISE,5710,4771Z,PME,45247182400014,O,2025-12-06T10:08:33,Annecy
8443,453634495,CENTRE DE FORMATION DES 2 SAVOIES,5499,8553Z,PME,45363449500031,O,2025-12-06T07:18:02,Annecy
8444,453858763,TECHNI FLUX,5499,8122Z,PME,45385876300023,O,2026-07-28T16:11:00,Annecy
8445,453946709,SOLEIL INVESTISSEMENTS,5499,7010Z,PME,45394670900038,O,2026-01-13T13:15:37,Annecy
8446,848365094,COMEANDWORK,5710,7022Z,PME,84836509400236,O,2025-12-06T05:55:05,Paris
8447,523225233,ARTISANS DEPANNAGE SERVICE,5499,4332B,PME,52322523300015,O,2025-12-06T07:57:52,Paris
8448,801233925,ALTESSE,5710,4648Z,ETI,80123392500073,O,2025-12-06T07:20:06,Paris
8449,781619937,AGRITEAM OUEST,5710,4661Z,ETI,78161993700118,O,2025-12-06T05:25:14,Paris
8450,751558990,EURO BATIMENT,5499,4334Z,PME,75155899000014,O,2025-12-06T05:52:07,Paris
8451,824437529,GDSOL 66,5499,3511Z,ETI,82443752900202,O,2025-12-06T05:12:48,Paris
8452,912339926,NTF-VB,5710,7490A,PME,91233992600012,O,2025-12-06T06:25:27,Paris
8453,887502375,AFD31,5710,3511Z,ETI,88750237500157,O,2025-12-06T06:29:03,Paris
8454,878450048,JUPITER,5710,3511Z,PME,87845004800532,O,2025-12-06T06:15:26,Lyon
8455,753100999,SOLEIL 01,5202,3511Z,PME,75310099900329,O,2025-12-06T06:23:38,Toulouse
8456,749836938,FIPA SAS,5710,3511Z,PME,74983693800011,O,2025-12-06T08:39:08,Toulouse
8457,751252677,REGIORAIL FRANCE,5710,4920Z,PME,75125267700016,O,2025-12-06T05:16:19,Toulouse
8458,532123569,HANGARS PHOTOVOLTAIQUES 2010 N 2,5710,3511Z,ETI,53212356900180,O,2025-12-06T05:16:41,Toulouse
8459,809713878,TEGORIA,5710,3511Z,PME,80971387800142,O,2025-12-06T06:18:01,Toulouse
8460,802775361,NORMEC ABIOLAB,5710,7120B,ETI,80277536100016,O,2026-03-02T15:23:22,Toulouse
8461,301589784,LOGISTIQUE FRET SAS LOGFRET,5710,5229B,ETI,30158978400067,O,2025-12-06T11:10:49,Lille
8462,752526178,LEGO BRAND RETAIL SAS,5710,4765Z,ETI,75252617800120,O,2025-12-06T05:25:31,Lille
8463,504731068,FOOT KORNER,5710,7010Z,PME,50473106800137,O,2026-07-30T13:38:35,Lille
8464,602000689,E.A.P.O.,5599,1413Z,PME,60200068900169,O,2026-04-22T07:30:31,Bordeaux
8465,421457532,CEGECLIM,5710,4674B,ETI,42145753200065,O,2026-07-24T13:20:06,Bordeaux
8466,804710648,CREDER,5710,7022Z,PME,80471064800028,O,2026-07-08T17:30:55,Bordeaux
8467,498147156,MONTAGNE,5499,4711C,PME,49814715600216,O,2026-03-27T13:23:59,Bordeaux
8468,509585782,ESTIVEL,5710,5520Z,PME,50958578200022,O,2025-12-06T05:37:41,Bordeaux
8469,780077798,GROUPE BERTO,5699,7712Z,ETI,78007779800087,O,2026-05-15T05:15:31,Nantes
8470,833453442,MARMAX,5710,4791B,PME,83345344200059,O,2026-07-10T13:09:45,Nantes
8471,880086384,NAYAK-LM FRANCE,5710,3316Z,PME,88008638400026,O,2025-12-06T05:43:52,Nantes
8472,518126743,MIDISOL,5710,3511Z,ETI,51812674300138,O,2025-12-06T06:30:19,Strasbourg
8473,539672808,REVOLT,5710,7739Z,PME,53967280800067,O,2026-02-17T13:31:37,Strasbourg
8474,493472641,BULTEAU SYSTEMS DISTRIBUTION,5710,4618Z,ETI,49347264100015,O,2025-12-06T10:47:58,Strasbourg
8475,899919948,AUTO MOTO ECOLE HAAS,5499,8553Z,PME,89991994800013,O,2025-12-06T06:12:48,Strasbourg
8476,900655986,PWC SOCIETE D'AVOCATS,5785,6910Z,ETI,90065598600017,O,2025-12-06T05:43:30,Strasbourg
8477,823930268,BODET CAMPANAIRE,5710,3320D,ETI,82393026800086,O,2025-12-06T11:07:56,Strasbourg
8478,840088439,NLIGHTEN FRANCE,5710,6110Z,PME,84008843900012,O,2026-05-07T13:14:47,Strasbourg
8479,532197936,SARL DEMEURES D'OCCITANIE LANGUEDOC ROUSSILLON,5499,4120A,PME,53219793600018,O,2026-08-06T13:09:41.281,Montpellier
8480,452018567,TECHNISOL,5710,4399C,PME,45201856700126,O,2026-08-04T13:12:35.093,Montpellier
8481,811848399,MBA CITY,5710,7112B,ETI,81184839900028,O,2026-08-04T16:31:10.243,Montpellier
8482,893427302,FANCY,5499,4719B,PME,89342730200086,O,2026-06-18T17:30:30,Montpellier
8483,881573505,NEUKIN,5710,7112B,PME,88157350500107,O,2025-12-06T05:20:48,Montpellier
8484,302639877,COMPTOIR INDUSTRIEL REGIONAL,5710,4669B,ETI,30263987700067,O,2025-12-06T05:14:20,Montpellier
8485,312800097,COPY-SUD,5710,4651Z,PME,31280009700056,O,2025-12-06T07:48:27,Montpellier
8486,499246544,INTER-INTERIM,5710,7820Z,PME,49924654400211,O,2025-12-06T06:16:27,Montpellier
8487,500123757,ND & CO,5710,4753Z,PME,50012375700055,O,2026-03-16T13:09:07,Montpellier
8488,450874300,MSE LE VIEUX MOULIN,5710,3511Z,ETI,45087430000111,O,2026-07-20T11:32:06,Montpellier
8489,451272975,SHINING,5710,5829C,PME,45127297500017,O,2026-07-07T15:32:25,Montpellier
8490,420742660,LATELEC,5710,2732Z,ETI,42074266000137,O,2026-02-10T13:09:45,Montpellier
8491,794462861,GO ! FORMATIONS BRETAGNE,5710,8559B,PME,79446286100020,O,2026-02-27T13:15:09,Rennes
8492,722029642,WELCOME,5710,5610C,PME,72202964200120,O,2026-02-05T12:00:59,Rennes
8493,609200076,ETABLISSEMENTS PERIN ET COMPAGNIE SA,5710,2361Z,ETI,60920007600014,O,2025-12-06T05:43:37,Rennes
8494,659801948,BUREAU ETUDES TECH ORGANISATION MODERNE,5710,7112B,PME,65980194800202,O,2025-12-06T05:16:30,Rennes
8495,777346693,TRENTE CINQ NOTAIRES,6565,6910Z,PME,77734669300016,O,2025-12-06T06:02:46,Rennes
8496,900930330,NVCM,5710,4778A,PME,90093033000098,O,2025-12-06T06:30:13,Rennes
8497,388525420,NET INFORMATIQUE SERVICES,5710,9511Z,PME,38852542000146,O,2025-12-06T05:13:42,Grenoble
8498,399144971,ABAC INGENIERIE,5710,7112B,PME,39914497100021,O,2026-03-27T10:34:15,Grenoble
8499,399164656,BJ.SI.MAN TIME QUARTZ,5499,4777Z,PME,39916465600049,O,2025-12-06T05:42:51,Grenoble
8500,394639983,SOPRODEL,5599,3511Z,ETI,39463998300086,O,2025-12-06T08:29:15,Grenoble
8501,344297775,LABORATOIRE ETUDES RECHERCHE MATERIAUX,5710,7112B,ETI,34429777500050,O,2025-12-06T11:15:22,Grenoble
8502,339155301,SERPOLLET EAU SILLON ALPIN,5710,4221Z,ETI,33915530100098,O,2025-12-06T05:43:36,Grenoble
8503,320921364,ADALTRA,5710,4669A,ETI,32092136400339,O,2026-01-05T15:00:50,Rouen
8504,429251416,RHENUS AIR & OCEAN SAS,5710,5229B,ETI,42925141600112,O,2025-12-06T05:12:30,Rouen
8505,440009157,CUBE,5710,2363Z,ETI,44000915700254,O,2026-03-16T15:01:47,Rouen
8506,500810056,SIMON OPTIC,5710,4778A,PME,50081005600043,O,2026-04-16T14:32:05,Rouen
8507,981409550,"ADRIEN PATY, ANNE-CHRISTINE PELLETIER, OLFA CHERIF & ZEYNEP ERKUL, NOTAIRES ASSOCIES",5785,6910Z,PME,98140955000010,O,2025-12-06T05:40:42,Rouen
8508,842951642,PHONE CASH,5710,4791A,PME,84295164200029,O,2025-12-06T09:41:10,Rouen
8509,847653201,CHOCOFAB,5499,4724Z,PME,84765320100016,O,2025-12-06T09:25:45,Rouen
8510,399577519,HITACHI CONSTRUCTION MACHINERY FRANCE,5710,4663Z,ETI,39957751900040,O,2026-03-17T11:01:31,Rouen
8511,412108029,LUKLA,5710,6203Z,ETI,41210802900288,O,2025-12-23T13:11:50,Rouen
8512,533051090,ESCALIER ENERGIE,5499,3511Z,PME,53305109000074,O,2025-12-06T11:07:11,Dijon
8513,801522871,WID GROUP,5710,2611Z,PME,80152287100012,O,2026-04-10T17:46:52,Dijon
8514,798339537,POMPES FUNEBRES MAGNO,5499,9603Z,PME,79833953700044,O,2025-12-06T11:10:43,Dijon
8515,798466108,RESO,5710,5229B,PME,79846610800015,O,2025-12-06T06:30:20,Dijon
8516,538169525,ENERGY BIOMASS SOURCING,5710,7219Z,PME,53816952500093,O,2026-03-05T20:02:05,Dijon
8517,799133541,NOVATUBE,5710,4669B,ETI,79913354100026,O,2025-12-06T08:05:57,Dijon
8518,799151774,LA ROMANE,5499,1071C,PME,79915177400012,O,2025-12-06T06:01:40,Dijon
8519,799995782,BIOSERENITY,5710,7211Z,ETI,79999578200023,O,2025-12-06T06:13:18,Dijon
8520,778209031,S.P.E. JOUFFROY & FILEAS,5710,6910Z,PME,77820903100021,O,2025-12-18T13:14:28,Dijon
8521,438275588,KARDHAM DIGITAL,5710,6202A,ETI,43827558800038,O,2025-12-06T05:17:02,Dijon
8522,438622243,INTERIM SANS FRONTIERES,5499,7820Z,PME,43862224300022,O,2025-12-06T05:22:23,Dijon
8523,821879277,21 10 FINANCE,5499,6201Z,PME,82187927700019,O,2025-12-06T10:50:19,Dijon
8524,413425281,RIVA.COM,5710,7021Z,ETI,41342528100099,O,2026-06-10T11:00:54,Angers
8525,413847070,AUTOS LIBERTE,5710,4511Z,ETI,41384707000013,O,2025-12-06T06:23:44,Angers
8526,421530288,LEA COMPOSITES NORD OUEST,5710,2223Z,ETI,42153028800057,O,2026-04-03T11:30:42,Angers
8527,418396370,SOCIETE DE MONTAGE TELEPHONIQUE,5710,6190Z,ETI,41839637000110,O,2025-12-06T09:31:52,Angers
8528,422077164,ABOARD RAFTING,5499,8551Z,PME,42207716400016,O,2025-12-06T07:42:32,Angers
8529,420107005,EURL ELECTRO SYSTEM,5499,9521Z,PME,42010700500043,O,2025-12-06T10:50:08,Angers
8530,405109083,LAMBERT ET FILS,5710,3320A,PME,40510908300023,O,2025-12-06T05:37:47,Angers
8531,390220499,ANJOU LITERIE,5499,4759A,PME,39022049900045,O,2025-12-06T05:43:36,Angers
8532,478721160,GOODWILL TRADER,5499,6831Z,PME,47872116000057,O,2025-12-06T06:28:31,Angers
8533,484450564,HOME CONSULTING,5499,6831Z,PME,48445056400055,O,2025-12-06T08:25:44,Angers
8534,484580824,GT LOGISTICS.02,5710,5229B,ETI,48458082400015,O,2025-12-06T06:27:31,Angers
8535,484768486,O2T,5410,4729Z,PME,48476848600017,O,2025-12-06T06:03:45,Angers
8536,452983596,NEXAIR,5710,7112B,PME,45298359600084,O,2025-12-06T05:20:00,Angers
8537,809136120,ELITE DISTRIBUTION,5710,4764Z,PME,80913612000056,O,2025-12-06T06:19:54,Nimes
8538,812364123,BRASSERIE LA BASTIDE,5710,5630Z,PME,81236412300057,O,2025-12-06T06:19:38,Nimes
8539,812624757,FEELOBJECT,5710,7112B,PME,81262475700074,O,2025-12-06T10:54:03,Nimes
8540,803017292,RESEAU ALOIS SERVICE OCCITANIE,5499,8810A,PME,80301729200050,O,2025-12-06T07:24:59,Nimes
8541,391839560,SIP PISCINES & SPA,5499,4399D,PME,39183956000011,O,2026-06-19T13:08:55,Nimes
8542,392015228,FRANCE AUTO,5710,4511Z,PME,39201522800068,O,2026-06-12T12:16:36,Nimes
8543,502425259,STRANIC,5710,4941C,PME,50242525900020,O,2026-04-16T13:08:50,Nimes
8544,512480625,HELIOS SOURCE,5710,3511Z,PME,51248062500015,O,2025-12-06T09:56:28,Nimes
8545,505115626,SARL PALETTES 26,5710,4673A,PME,50511562600044,O,2025-12-06T05:14:22,Nimes
8546,507755155,LOOK MAKE-UP,5499,9602A,PME,50775515500029,O,2025-12-06T05:56:12,Nimes
8547,507958908,EURL AUDITION GATTO,5499,4774Z,PME,50795890800018,O,2025-12-06T11:07:40,Nimes
8548,508179140,LOGUI,5499,4520A,PME,50817914000035,O,2025-12-06T09:37:32,Nimes
8549,510263072,DOWEL STRATEGIE,5710,7320Z,PME,51026307200090,O,2025-12-06T07:23:34,Nimes
8550,510441769,SOLAAS,5499,8129A,PME,51044176900047,O,2025-12-06T05:38:04,Nimes
8551,798273439,H2C,5710,4638B,PME,79827343900058,O,2025-12-06T07:00:19,Clermont-Ferrand
8552,790611370,LU 3,5499,8559B,PME,79061137000020,O,2026-02-02T18:26:29,Clermont-Ferrand
8553,778492009,CENTRE DE MATERIEL GENERAL,5710,4663Z,PME,77849200900072,O,2025-12-06T05:25:39,Clermont-Ferrand
8554,779240597,NOTAIRES VOLVIC & COMBRAILLES,5710,6910Z,PME,77924059700079,O,2025-12-06T05:58:59,Clermont-Ferrand
8555,392186128,AUVERGNE AUDITION,5710,4774Z,PME,39218612800048,O,2025-12-06T08:03:54,Clermont-Ferrand
8556,586450025,VELAY DIESEL,5499,4531Z,ETI,58645002500059,O,2025-12-06T05:39:40,Clermont-Ferrand
8557,495406308,SEGURET AUVERGNE,5499,4673B,PME,49540630800017,O,2025-12-06T05:43:37,Clermont-Ferrand
8558,525246021,SEP PUECHGARRIC,5499,3511Z,PME,52524602100048,O,2025-12-06T05:13:01,Clermont-Ferrand
8559,404843112,LABORATOIRE DE CONTROLE HYGIENE HABITAT,5499,4334Z,PME,40484311200016,O,2025-12-06T06:27:31,Tours
8560,452280811,SANTE DEMENAGEMENTS,5499,4942Z,PME,45228081100061,O,2025-12-06T05:22:23,Tours
8561,453272510,RDV PRODUCTIONS,5710,1089Z,PME,45327251000034,O,2025-12-06T06:23:37,Tours
8562,489441535,BILFINGER NUCLEAR FRANCE SAS,5710,7112B,ETI,48944153500106,O,2025-12-06T06:29:54,Tours
8563,481787109,PHILADIRECT,5499,4778C,PME,48178710900026,O,2025-12-06T10:29:36,Tours
8564,408250710,LAMALLE INGENIERIE,5499,7112B,PME,40825071000071,O,2026-04-03T13:19:46,Tours
8565,508618212,L'ATELIER LUCAS,5499,4332A,PME,50861821200072,O,2026-04-08T14:15:54,Tours
8566,508669926,MG PARQUET,5499,4719B,PME,50866992600018,O,2025-12-06T06:27:32,Tours
8567,508823721,ROC CONFORTATION,5710,4399D,PME,50882372100032,O,2026-07-01T13:46:48,Tours
8568,508903663,SNP,5710,4329B,PME,50890366300013,O,2025-12-06T05:39:55,Tours
8569,494576473,SARL GIRATI,5499,6831Z,PME,49457647300016,O,2025-12-06T06:25:07,Tours
8570,504358516,MAURICE,5710,4722Z,PME,50435851600012,O,2026-06-01T15:01:05,Metz
8571,492865431,PARC EOLIEN DE LAIGNES,5710,7112B,ETI,49286543100083,O,2025-12-06T07:37:15,Metz
8572,507568194,EMY'S DECO,5499,4759A,PME,50756819400017,O,2025-12-06T06:28:09,Metz
8573,508751708,GIS MIC (GLOBAL INTERNATIONAL SERVICES MATERIAL INSPECTION CONTROL),5710,7112B,ETI,50875170800084,O,2025-12-06T06:03:45,Metz
8574,481657542,A 2A ALTERNATIVE ASCENSEUR,5710,4329B,PME,48165754200074,O,2025-12-06T05:13:28,Metz
8575,480557891,BATIGERE GIE,6220,8299Z,PME,48055789100045,O,2025-12-06T05:25:38,Metz
8576,379582976,AMBULANCES HUNAULT,5710,8690A,ETI,37958297600013,O,2026-03-31T11:00:42,Metz
8577,351625710,EURL BABYBOTTE BEVERLY,5710,4772A,PME,35162571000014,O,2026-02-03T13:15:33,Metz
8578,408221851,SCIERIE DU RUPT DE MAD,5710,1610A,PME,40822185100012,O,2025-12-06T05:23:01,Metz
8579,398831602,AUTO ECOLE RENE PEQUIGNOT,5499,8553Z,PME,39883160200030,O,2025-12-06T06:06:33,Metz
8580,378448203,TTG,5710,5610A,PME,37844820300034,O,2026-05-05T12:00:39,Besancon
8581,378693576,GP2F INDUSTRIE,5499,2562B,PME,37869357600035,O,2026-03-23T11:01:18,Besancon
8582,378846513,JPM,5499,5510Z,PME,37884651300026,O,2025-12-06T08:46:43,Besancon
8583,344135116,SARL CHARBHOTEL,5499,5510Z,PME,34413511600038,O,2025-12-06T07:16:54,Besancon
8584,344712989,FRANCHE COMTE VOYAGES,5710,4939A,PME,34471298900021,O,2025-12-06T05:40:17,Besancon
8585,344808415,SOCIETE VELET TERRASSEMENTS,5710,0812Z,PME,34480841500014,O,2025-12-06T05:38:26,Besancon
8586,345030738,BOUDU SANTE,5499,4646Z,PME,34503073800040,O,2025-12-06T11:32:16,Besancon
8587,392370458,FIPAD CONSEIL,5499,7022Z,PME,39237045800037,O,2025-12-06T05:29:18,Besancon
8588,392405437,AUGE MICROTECHNIC GROUP,5710,7010Z,ETI,39240543700030,O,2025-12-06T07:16:22,Besancon
8589,392594701,DATC EUROPE,5710,2573B,PME,39259470100014,O,2025-12-06T05:18:03,Besancon
8590,340537943,ABRICOT,5499,4771Z,PME,34053794300086,O,2025-12-06T06:45:27,Orleans
8591,340670777,SOCIETE D'EXPLOITATION DISVAL ET DS RHONE-ALPES,5710,4639A,ETI,34067077700051,O,2026-07-28T16:19:35,Orleans
8592,382793776,BEAUCE SOLOGNE TRAVAUX PUBLICS,5710,4312B,ETI,38279377600016,O,2025-12-06T05:58:36,Orleans
8593,343941340,GROUPE BERNIER,6210,4511Z,ETI,34394134000048,O,2025-12-06T09:41:00,Orleans
8594,344245907,LA VINITHEQUE,5710,4729Z,PME,34424590700011,O,2025-12-06T07:30:47,Orleans
8595,344609524,SOL AGRI,5499,4339Z,PME,34460952400055,O,2026-05-06T19:06:38,Orleans
8596,393482906,MEDICARE - H.T.M.,5710,4646Z,PME,39348290600087,O,2025-12-06T11:22:04,Orleans
8597,342295292,SCI DU GRAND SARY,6541,4110D,PME,34229529200045,O,2025-12-06T06:06:18,Orleans
8598,388142366,ECOLE DE CONDUITE GILLES,5499,8553Z,PME,38814236600086,O,2025-12-06T11:15:36,Orleans
8599,384923082,GH FRANCE,5599,4669B,PME,38492308200067,O,2025-12-06T09:54:49,Orleans
8600,399051366,TECHNI-MURS 45 SARL,5710,4399A,ETI,39905136600025,O,2026-06-18T17:56:35,Orleans
8601,388344814,ALCOBA DISTRIBUTION,5710,4711F,ETI,38834481400032,O,2025-12-06T06:21:29,Mulhouse
8602,528437825,MK2T,5710,4664Z,PME,52843782500011,O,2025-12-06T06:12:47,Mulhouse
8603,528889983,EASYNEO,5710,6202A,ETI,52888998300029,O,2025-12-06T05:40:48,Mulhouse
8604,513437046,2BDM,5499,7111Z,PME,51343704600032,O,2025-12-06T05:43:21,Mulhouse
8605,510087562,GFC,5710,8559A,PME,51008756200060,O,2026-06-01T11:00:36,Mulhouse
8606,514998772,FOURNIL DU MOULIN SAS,5710,1071C,PME,51499877200016,O,2025-12-06T06:04:59,Mulhouse
8607,517665055,SELIG CORUSCAN,5499,3511Z,PME,51766505500011,O,2025-12-06T06:00:04,Mulhouse
8608,520531773,AC EMERAUDE,5499,4752B,PME,52053177300015,O,2025-12-06T05:50:17,Mulhouse
8609,750988453,GEORGE ELECTRICITE,5499,4321A,PME,75098845300049,O,2025-12-06T05:37:56,Mulhouse
8610,752107979,FALCH,5499,4669C,PME,75210797900011,O,2025-12-06T05:21:27,Mulhouse
8611,535011910,VALORIMAT,5710,3821Z,PME,53501191000028,O,2025-12-06T10:01:53,Mulhouse
8612,535315279,OPTIMASSURE,5499,6622Z,PME,53531527900039,O,2025-12-06T05:20:47,Mulhouse
8613,530740372,MONTLUDIS,5710,4711D,PME,53074037200020,O,2025-12-06T05:15:35,Mulhouse
8614,532178019,TEC CONTROL,5710,2825Z,PME,53217801900024,O,2025-12-06T07:07:25,Mulhouse
8615,844872218,DOCTEUR CASTRALE CINDY,5485,8622C,PME,84487221800020,O,2025-12-06T07:05:13,Caen
8616,834582918,HOME MASTER,5710,4329A,PME,83458291800043,O,2026-04-28T13:18:06,Caen
8617,833335235,SPEED PLIAGE SASU,5710,2433Z,PME,83333523500010,O,2026-02-19T13:57:08,Caen
8618,879992733,LES BOHEMES,5710,4759A,PME,87999273300011,O,2025-12-06T06:23:30,Caen
8619,853271153,NEXTLANE FRANCE,5710,5829C,ETI,85327115300126,O,2025-12-06T05:56:50,Caen
8620,854037181,SELARL DELFORGE,5485,8622C,PME,85403718100047,O,2025-12-06T05:38:05,Caen
8621,851803023,JULIEN JOLY TRAITEUR,5499,4722Z,PME,85180302300049,O,2025-12-06T05:59:00,Caen
8622,845348754,OFFICE NOTARIAL DES SABLES D'AUGE,5785,6910Z,PME,84534875400019,O,2026-04-23T17:00:28,Caen
8623,848237970,RIVASUN,5710,9602B,PME,84823797000027,O,2026-04-01T13:07:18,Caen
8624,906180096,ENTREPRISE MARIE ET COMPAGNIE,5710,4391B,PME,90618009600016,O,2025-12-06T07:32:51,Caen
8625,784195299,INDEXEO,5710,3514Z,ETI,78419529900143,O,2026-08-06T09:09:25.281,Caen
8626,305809741,COOPERATIVE VETERINAIRE DE L'OUEST,5560,4619A,ETI,30580974100021,O,2026-05-12T14:11:58,Caen
8627,306042730,SOCIETE NORMANDE DE TRAVAUX PUBLICS ET FERROVIAIRES,5710,4399C,PME,30604273000060,O,2025-12-06T06:59:09,Caen
8628,830632410,LABORATOIRES ATOUTBIO DE LORRAINE,5785,8690B,PME,83063241000015,O,2025-12-06T07:06:18,Nancy
8629,834175184,OPTISSIMA PREV,6220,7830Z,PME,83417518400029,O,2026-03-09T13:11:49,Nancy
8630,834321564,ITEC,5499,7112B,PME,83432156400025,O,2025-12-06T05:58:45,Nancy
8631,833975972,KIPEO,5499,6622Z,PME,83397597200021,O,2025-12-06T05:39:41,Nancy
8632,841386691,CICERON AVOCATS,5499,6910Z,PME,84138669100015,O,2025-12-06T05:40:11,Nancy
8633,850510074,BOULANGERIE DU CHATEAU,5499,1071C,PME,85051007400014,O,2025-12-06T05:41:33,Nancy
8634,879943314,LAMBERT LOCATION,5710,7712Z,ETI,87994331400010,O,2025-12-06T10:02:10,Nancy
8635,880433313,JEAN-PAUL MAIRE SELARL,5485,8621Z,PME,88043331300017,O,2025-12-06T07:25:14,Nancy
8636,817909617,MARIE-LORRAINE CHANDECLERC,5485,8622C,PME,81790961700018,O,2026-06-09T11:30:36,Nancy
8637,818815730,GREEN PRIME,5710,7490B,PME,81881573000051,O,2025-12-06T10:31:41,Nancy
8638,338668718,CUMA LES PRES GOURMANDS,6316,7731Z,PME,33866871800053,O,2025-12-06T08:19:36,Poitiers
8639,339025983,PROJET ATLANTIQUE,5710,7311Z,PME,33902598300091,O,2025-12-06T05:38:19,Poitiers
8640,380306480,MAXILOC,5710,7732Z,PME,38030648000035,O,2025-12-06T05:58:36,Poitiers
8641,391268919,ALLOCOM,5710,6311Z,PME,39126891900027,O,2025-12-06T11:07:32,Poitiers
8642,377671656,OUEST RADIATEURS SYSTEMES,5499,4520A,PME,37767165600041,O,2025-12-06T05:20:27,Poitiers
8643,378138077,SCRIBE,5499,7430Z,PME,37813807700086,O,2025-12-06T05:37:40,Poitiers
8644,438297020,ACODIAL,5710,4639A,PME,43829702000069,O,2026-05-12T14:12:00,Poitiers
8645,485114482,EPODE,5710,7112B,PME,48511448200014,O,2025-12-06T05:22:23,Annecy
8646,487437261,STEGID,5499,5630Z,PME,48743726100059,O,2025-12-06T08:13:30,Annecy
8647,478354673,TAMARIS,5499,5610A,PME,47835467300038,O,2026-07-21T13:13:45,Annecy
8648,478368871,TEAMWORK MANAGEMENT FRANCE,5710,6202A,ETI,47836887100040,O,2025-12-15T13:02:17,Annecy
8649,480128818,BONNET-LOSA,5710,1071C,PME,48012881800014,O,2025-12-06T05:38:12,Annecy
8650,480896406,CRISTAL 74,5499,4778C,PME,48089640600174,O,2025-12-06T06:16:54,Annecy
8651,408337541,A.R.GEO - FOUGEROUSSE GEOMETRE EXPERT,5499,7112A,PME,40833754100044,O,2025-12-06T07:09:54,Annecy
8652,789831583,FROMAGES ET CIE,5710,4729Z,PME,78983158300016,O,2025-12-06T07:34:46,Annecy
8653,803079318,CX2V,5499,4759B,PME,80307931800017,O,2025-12-06T05:31:59,Annecy
8654,738207646,SOC GENERALE D ARCHIVES,5599,9101Z,PME,73820764600246,O,2026-01-15T15:00:59,Paris
8655,563720374,KONICA MINOLTA BUSINESS SOLUTIONS CENTRE LOIRE,5710,7733Z,ETI,56372037400849,O,2026-06-03T16:00:24,Paris
8656,459500864,SA LE FURET DU NORD,5599,4761Z,ETI,45950086400325,O,2025-12-06T09:15:53,Paris
8657,507380632,CAPEOS CONSEILS,5710,6920Z,PME,50738063200020,O,2026-07-07T12:30:54,Paris
8658,310096664,RIVERLY SAS,5710,7721Z,ETI,31009666400019,O,2026-06-02T12:23:41,Paris
8659,421734286,LEADER ASSURANCES,5499,6622Z,PME,42173428600022,O,2025-12-06T06:02:24,Paris
8660,419298963,FROMAGERIE SAINT CHARLES,5710,4729Z,ETI,41929896300010,O,2025-12-06T07:01:12,Paris
8661,419692389,BRETEUIL ILE DE FRANCE,5710,6831Z,PME,41969238900200,O,2026-03-27T13:25:09,Paris
8662,444372288,KIWI BOUTIQUES,5499,4771Z,PME,44437228800019,O,2026-07-22T13:07:40,Paris
8663,952708667,LA MAISON BLANDINE,5710,8730A,PME,95270866700011,O,2026-06-22T13:11:18,Lyon
8664,353445463,CAMACTE,6220,7490B,PME,35344546300121,O,2026-08-26T09:36:37.326,Lyon
8665,518178975,CASTELSOL,5710,3511Z,ETI,51817897500158,O,2025-12-06T06:20:10,Marseille
8666,752978999,AURELEC,5710,4669A,PME,75297899900049,O,2026-02-05T09:00:36,Marseille
8667,920965688,BATINEO GROUPE MAISONS INDIVIDUELLES SUD,5710,4120A,ETI,92096568800012,O,2025-12-06T06:30:13,Marseille
8668,921452652,GIE ONE OP,6220,8211Z,PME,92145265200024,O,2026-02-03T13:08:01,Marseille
8669,517549309,TEN TRANSPORT,5710,5229B,PME,51754930900048,O,2026-08-26T11:00:23.644,Toulouse
8670,472502442,RAMERY,5710,7010Z,ETI,47250244200248,O,2025-12-06T05:14:09,Lille
8671,407655471,EBS INTERINSER 62,5458,7820Z,PME,40765547100057,O,2026-03-03T19:00:27,Lille
8672,434122511,B.T.S.G.,6568,6910Z,PME,43412251100059,O,2025-12-06T05:14:09,Lille
8673,348393893,WOOL & COTTON COMPANY,5599,4771Z,PME,34839389300022,O,2025-12-06T05:23:28,Lille
8674,522625979,STECO,5499,6920Z,PME,52262597900029,O,2026-03-02T13:17:20,Bordeaux
8675,532840196,CLASICO ARGENTINO,5710,5610C,PME,53284019600168,O,2025-12-06T06:20:50,Bordeaux
8676,829915537,DBF CESTAS,5499,4520A,PME,82991553700148,O,2025-12-06T06:28:40,Bordeaux
8677,909835076,REVO IMMO,5710,6831Z,PME,90983507600011,O,2026-01-15T19:00:31,Nantes
8678,478201312,NESTOR AD'AGE,5499,8810A,ETI,47820131200228,O,2026-08-24T13:07:56.584,Nantes
8679,828854844,INDIE CAMPERS FRANCE,5499,7711A,PME,82885484400093,O,2026-08-05T15:31:27.580,Nantes
8680,882587314,LABEYRIE FINE FOODS FRANCE,5710,4639B,ETI,88258731400015,O,2026-03-09T11:00:24,Nantes
8681,311233431,TOLERIE DE LA LOIRE,5710,4674B,PME,31123343100031,O,2025-12-06T05:43:51,Nantes
8682,319242731,NALDEO,5710,7112B,PME,31924273100408,O,2026-04-07T18:00:29,Nantes
8683,488325192,EXADIS,5710,4531Z,ETI,48832519200117,O,2025-12-06T10:52:51,Nantes
8684,945753200,SAKAM,5599,4759A,PME,94575320000035,O,2025-12-06T06:22:25,Strasbourg
8685,490645587,ESPACE JENET,5710,9329Z,PME,49064558700133,O,2026-08-06T12:00:42.000,Strasbourg
8686,334120110,MITUTOYO FRANCE,5710,4669B,PME,33412011000039,O,2026-07-01T13:46:45,Strasbourg
8687,423315423,LABONAL,5710,1431Z,PME,42331542300016,O,2025-12-06T05:50:52,Strasbourg
8688,501582571,LIVAM,5499,4642Z,PME,50158257100029,O,2025-12-06T05:39:10,Montpellier
8689,344168133,EXCO LANGUEDOC,5710,6920Z,ETI,34416813300249,O,2025-12-06T10:53:34,Montpellier
8690,345020986,PACK-SERVICE SA,5710,4674B,ETI,34502098600039,O,2026-07-22T13:31:35,Montpellier
8691,338395858,SIGNAUX GIROD SUD,5499,4211Z,ETI,33839585800024,O,2025-12-06T05:55:25,Montpellier
8692,314871815,TRANSPORTS AGGLOMERATION DE MONTPELLIER,5510,4931Z,ETI,31487181500093,O,2026-02-26T14:01:00,Montpellier
8693,440870319,DE VINCI HIGHER EDUCATION,5710,8542Z,PME,44087031900025,O,2026-07-07T05:22:05,Montpellier
8694,440887719,GERBAUD MEDICAL,5499,4774Z,PME,44088771900027,O,2026-06-23T18:06:49,Montpellier
8695,433778404,KULTE UNLIMITED,5710,4771Z,PME,43377840400023,O,2025-12-06T05:59:56,Montpellier
8696,419070271,YMCA SERVICES OCCITANIE,5710,7112B,PME,41907027100145,O,2026-07-01T13:46:46,Montpellier
8697,832606370,GROUPE N2A,5710,8559A,PME,83260637000027,O,2025-12-06T11:32:25,Rennes
8698,872800115,UNION FRANCAISE AGRICULTURE BIOLOGIQUE,5710,1091Z,ETI,87280011500083,O,2025-12-06T07:38:44,Rennes
8699,850580713,CIREN,5710,3511Z,PME,85058071300012,O,2025-12-06T09:41:48,Rennes
8700,412730269,ARINFO I-MAGINER,5710,5829C,PME,41273026900179,O,2026-08-26T13:09:09.648,Rennes
8701,884119397,SOLREM,5710,3900Z,ETI,88411939700013,O,2026-08-20T12:58:18.565,Rennes
8702,313446353,KAESER COMPRESSEURS SAS,5710,4669B,PME,31344635300085,O,2025-12-06T08:05:28,Rennes
8703,314685728,CAFES MERLING GESTION,5710,7010Z,ETI,31468572800060,O,2025-12-06T05:43:36,Rennes
8704,315064501,GUISNEL DISTRIBUTION SAS,5710,4941A,ETI,31506450100010,O,2025-12-06T05:25:12,Rennes
8705,304454150,LA FROMAGEE JEAN YVES BORDIER,5710,1051B,ETI,30445415000042,O,2026-04-27T16:31:44,Rennes
8706,309540664,CELTYS,5710,2361Z,ETI,30954066400013,O,2025-12-06T05:26:36,Rennes
8707,322018383,SARL CLAUDE PERRAUD,5499,8690A,PME,32201838300081,O,2025-12-06T06:58:33,Grenoble
8708,440740660,SINE ENTRETIEN,5710,8121Z,PME,44074066000038,O,2025-12-06T05:13:56,Grenoble
8709,433032661,SPAA,5710,4511Z,ETI,43303266100111,O,2025-12-06T10:07:25,Grenoble
8710,433977980,74SOFTWARE,5599,5829A,ETI,43397798000013,O,2026-02-25T17:47:15,Grenoble
8711,421181827,AD HOC LOCATION,5499,7711A,PME,42118182700062,O,2025-12-06T10:08:10,Grenoble
8712,421287855,V W R INTERNATIONAL,5710,4675Z,ETI,42128785500231,O,2025-12-06T06:09:45,Grenoble
8713,411538077,AHA EXPERTISES ET CONSEILS,5499,6920Z,PME,41153807700107,O,2025-12-06T05:39:55,Grenoble
8714,412376907,C.G.R.,5710,4778C,PME,41237690700074,O,2025-12-06T10:07:47,Grenoble
8715,341664191,LOGICIELS APPLICATION FORMATION INFORMATION - LAFI,5710,4651Z,ETI,34166419100192,O,2025-12-06T06:59:09,Grenoble
8716,348007147,HYDROSYSTEM SA,5710,3320B,PME,34800714700039,O,2025-12-06T05:26:53,Grenoble
8717,542097035,DOMINION GLOBAL FRANCE,5710,4399D,PME,54209703500183,O,2026-06-03T11:05:14,Rouen
8718,552115610,DUARIB GROUP,5710,2599B,ETI,55211561000024,O,2025-12-06T05:43:29,Rouen
8719,495049132,SNT2,5710,7112B,PME,49504913200105,O,2025-12-06T10:41:50,Rouen
8720,692026958,EPSON FRANCE,5710,4651Z,ETI,69202695800326,O,2026-07-02T20:30:37,Rouen
8721,343157913,REGIONAL EXPRESS,5710,4941B,ETI,34315791300116,O,2025-12-06T06:23:20,Rouen
8722,349374702,SOCIETE NORMANDE D'AUDIT,5710,6920Z,PME,34937470200133,O,2025-12-06T05:39:18,Rouen
8723,349993444,FIM,5499,6831Z,PME,34999344400059,O,2026-02-26T13:20:31,Rouen
8724,326739299,ROUEN VEHICULES LOCATION,5599,7711A,PME,32673929900062,O,2025-12-06T08:38:24,Rouen
8725,348013905,ADVENTURE LAND,5599,4642Z,PME,34801390500156,O,2025-12-06T06:39:27,Rouen
8726,357500628,ENTREPOTS NORMANDS,5710,4725Z,PME,35750062800122,O,2025-12-06T05:59:27,Rouen
8727,365501097,COMPTABILITE ORGANIS GESTION BASSE SEINE,5499,6920Z,PME,36550109700064,O,2025-12-06T05:39:25,Rouen
8728,442496170,VP AUTO,5710,4511Z,PME,44249617000014,O,2026-07-24T13:18:43,Rouen
8729,815294707,DELIVER UP,5710,6202A,ETI,81529470700063,O,2026-02-09T13:01:12,Dijon
8730,951769249,SOCIETE DE DISTRIBUTION D'ACCESSOIRES OUEST,5710,4532Z,PME,95176924900016,O,2025-12-06T06:24:19,Dijon
8731,951844158,DOUDS,5499,4782Z,PME,95184415800018,O,2026-06-16T13:07:49,Dijon
8732,828532168,GROUPE HOME COOKING,5710,5610A,PME,82853216800014,O,2026-04-17T11:01:08,Dijon
8733,818422933,SOAPPS,5710,8553Z,PME,81842293300080,O,2025-12-06T06:13:03,Dijon
8734,813420155,AMBULANCES TAXI A4,5499,8690A,PME,81342015500067,O,2026-06-10T12:00:49,Dijon
8735,819266420,MLH'OPTIC,5710,4778A,PME,81926642000010,O,2025-12-06T06:19:38,Dijon
8736,824334452,LEO LAGRANGE PETITE ENFANCE BOURGOGNE FRANCHE COMTE,5710,7022Z,ETI,82433445200045,O,2025-12-06T06:08:41,Dijon
8737,825370752,SARL MARGUERITA,5499,5610C,PME,82537075200024,O,2026-02-25T13:08:30,Dijon
8738,489238444,LE FARNENTE,5499,5610A,PME,48923844400017,O,2025-12-06T10:47:58,Angers
8739,477693766,FOSELEV ATLANTIQUE,5710,4399E,ETI,47769376600016,O,2026-06-30T13:31:28,Angers
8740,478238512,MAG ' NANTES,5710,4332A,PME,47823851200022,O,2025-12-06T07:11:59,Angers
8741,478523905,SPECIMAT ANJOU,5499,4673A,PME,47852390500022,O,2026-02-27T13:17:25,Angers
8742,407985977,SOCH LAVAGE TRELAZE,5710,4520A,PME,40798597700104,O,2026-03-12T13:10:24,Angers
8743,408403087,CREATIV BURO MOBILIER,5499,3101Z,PME,40840308700054,O,2025-12-06T05:43:36,Angers
8744,809287105,NOVA DOM SERVICES,5710,8121Z,PME,80928710500039,O,2026-03-31T12:01:12,Angers
8745,809449267,RAINETTE AUTO,5710,4520A,PME,80944926700016,O,2025-12-06T06:25:08,Angers
8746,811671999,GPA TRANSPORT,5710,4941B,ETI,81167199900019,O,2025-12-06T09:26:59,Angers
8747,812612828,GRAIN DE FAMILLE,5499,8891A,PME,81261282800010,O,2025-12-06T06:23:30,Angers
8748,805053857,ATLANTIQUE HYGIENE SANITAIRE ET CONSEILS,5499,8129A,PME,80505385700035,O,2025-12-06T05:20:01,Angers
8749,810391581,HAPPY LAV,5710,9601B,PME,81039158100016,O,2025-12-06T06:16:37,Angers
8750,802989699,ATHENA,5485,6910Z,PME,80298969900052,O,2025-12-06T05:39:12,Angers
8751,803379395,SECMA,5499,4759B,PME,80337939500012,O,2025-12-06T10:04:25,Angers
8752,504721556,L'ARBRE A PAIN,5460,8899B,PME,50472155600075,O,2025-12-06T05:40:18,Nimes
8753,504800269,CAMPUS LAVAGES ET SERVICES,5499,4520A,PME,50480026900095,O,2025-12-06T06:28:24,Nimes
8754,498552181,LES DELICES,5710,5610A,PME,49855218100030,O,2025-12-06T05:38:27,Nimes
8755,498806256,EURL SOMLETTE OPTIC,5499,4778A,PME,49880625600034,O,2025-12-06T10:50:33,Nimes
8756,499120715,AIMARGALI,5710,4711F,PME,49912071500028,O,2025-12-06T09:20:58,Nimes
8757,495299539,EE CAMPIGNY,5710,3511Z,ETI,49529953900090,O,2025-12-06T06:24:25,Nimes
8758,497592899,SH CONCEPT,5710,7111Z,PME,49759289900015,O,2025-12-06T05:41:03,Nimes
8759,497650010,SARL FRANCE ENTRETIEN,5499,4399C,PME,49765001000034,O,2025-12-06T06:19:37,Nimes
8760,508639283,A.B.C. NIMES,5499,8553Z,PME,50863928300011,O,2025-12-06T05:39:41,Nimes
8761,509137493,TENERGIE DEVELOPPEMENT,5710,7112B,ETI,50913749300052,O,2026-03-12T17:31:33,Nimes
8762,509486536,SOLEIA 2,5710,3511Z,PME,50948653600048,O,2025-12-06T05:51:59,Nimes
8763,494266257,QUADRIGIMMO,5499,6831Z,PME,49426625700067,O,2025-12-06T06:24:49,Nimes
8764,494442254,MALEA,5499,8553Z,PME,49444225400012,O,2025-12-06T05:20:37,Nimes
8765,494537905,APX INGENIERIE,5499,7112B,PME,49453790500023,O,2025-12-06T05:38:04,Nimes
8766,491266581,GEORIS,5499,4772B,PME,49126658100017,O,2025-12-06T06:26:45,Nimes
8767,951421700,ALLO63,5499,4774Z,PME,95142170000018,O,2026-07-17T13:00:40,Clermont-Ferrand
8768,953026820,RESTOCAMP,5710,5630Z,PME,95302682000019,O,2026-05-05T13:17:08,Clermont-Ferrand
8769,921503363,GLR AUVERGNE DIFFUSION,5202,4711B,PME,92150336300019,O,2026-01-21T10:01:04,Clermont-Ferrand
8770,901924621,M TON CROQ,5499,5610A,PME,90192462100021,O,2026-05-29T15:00:54,Clermont-Ferrand
8771,901932681,SMOKLOUD,5710,4778C,PME,90193268100017,O,2025-12-06T10:04:26,Clermont-Ferrand
8772,915315295,COMWORK,5710,6820B,PME,91531529500013,O,2025-12-06T11:15:38,Clermont-Ferrand
8773,813826211,CHEZ EPICURE,5710,5610A,PME,81382621100043,O,2025-12-06T05:40:41,Clermont-Ferrand
8774,517541298,PRUDENTIA,5710,6619B,PME,51754129800058,O,2025-12-06T08:46:08,Tours
8775,517715637,SOVITRAT 14,5710,7820Z,ETI,51771563700016,O,2025-12-06T06:05:21,Tours
8776,517995916,ANETT SOLEIL,5710,9601A,ETI,51799591600015,O,2025-12-06T07:10:27,Tours
8777,519375356,FINEHEART,5599,7211Z,PME,51937535600051,O,2026-06-18T12:31:42,Tours
8778,514721364,1001 ACHATS,5499,4778C,PME,51472136400016,O,2025-12-06T11:12:37,Tours
8779,522670124,IMAGERIE DU VAL DE VIENNE,5785,8621Z,PME,52267012400018,O,2025-12-06T10:54:03,Tours
8780,750344160,CAP RECYCLAGE,5710,3811Z,ETI,75034416000015,O,2025-12-06T05:15:56,Tours
8781,702019209,PLS INTERNATIONAL,5499,4676Z,PME,70201920900098,O,2025-12-06T11:32:08,Tours
8782,749907481,RESOPRINT GSE,5710,6203Z,PME,74990748100032,O,2026-02-26T12:31:46,Tours
8783,483098471,AACHEN AVOCAT,5485,6910Z,PME,48309847100046,O,2025-12-06T05:40:55,Tours
8784,897437513,SISTERS LP,5710,4775Z,PME,89743751300012,O,2025-12-06T06:16:20,Tours
8785,904397585,WS ATKINS FRANCE,5710,7112B,PME,90439758500053,O,2026-02-16T13:14:32,Tours
8786,522969104,PRISOL 1,5710,4322B,PME,52296910400069,O,2025-12-06T08:13:45,Tours
8787,402255202,PIANOS SCHAEFFER,5499,4759B,PME,40225520200010,O,2025-12-06T09:42:24,Metz
8788,403078652,BATT ADVISORS,5499,7022Z,ETI,40307865200050,O,2025-12-06T08:08:53,Metz
8789,339152563,VESTA ESPACE,5710,4110A,ETI,33915256300062,O,2026-07-09T15:00:37,Metz
8790,331268482,QUARTZ ET MINERAUX,5710,0812Z,PME,33126848200030,O,2025-12-06T05:14:33,Metz
8791,308455757,COMPTOIR ROCHECHOUART,5499,4771Z,PME,30845575700010,O,2025-12-06T06:20:32,Metz
8792,322119561,BORDAS INDUSTRIAL GROUP,5710,4399C,PME,32211956100064,O,2026-06-03T11:05:11,Metz
8793,306247255,MRC GLOBAL (FRANCE) SAS,5710,4669B,PME,30624725500103,O,2025-12-06T06:35:30,Metz
8794,439061938,LMJ SERVICES,5499,7810Z,PME,43906193800049,O,2025-12-06T06:13:40,Metz
8795,439761974,DIALOGUE ET COMMUNICATION,5499,4741Z,PME,43976197400039,O,2025-12-06T06:29:30,Metz
8796,432773364,EASY SERVICES,5710,8129A,PME,43277336400018,O,2025-12-06T08:03:40,Metz
8797,433562659,ALS CUSTOMS SERVICES,5710,5229B,PME,43356265900014,O,2026-05-12T13:11:49,Metz
8798,434550844,AUDIT PAIE GESTION,5710,7022Z,PME,43455084400022,O,2025-12-06T05:41:09,Metz
8799,434593695,SAPHA MOSELLES SERVICES D'AIDES AUX PERSONNES HANDICAPEES ET OU AGEES,5499,8810A,PME,43459369500043,O,2025-12-06T05:40:40,Metz
8800,393197801,HORUS,5499,6820A,PME,39319780100037,O,2025-12-06T06:22:41,Besancon
8801,393361621,GALLA,5499,4771Z,PME,39336162100062,O,2025-12-06T09:35:08,Besancon
8802,393413034,SARL EURO MENUISERIES,5499,4673A,PME,39341303400025,O,2025-12-06T05:21:05,Besancon
8803,341196749,MDL EUROPE,5710,2573B,PME,34119674900046,O,2025-12-06T05:22:03,Besancon
8804,394485122,CHATEAU'DRIVE,5499,5610C,PME,39448512200011,O,2025-12-06T06:24:41,Besancon
8805,394617419,ADS AUTOMATION DISTRIBUTION SCE EURL,5499,3320C,PME,39461741900038,O,2025-12-06T05:25:21,Besancon
8806,387598576,SOCIETE BAUD,5499,1071D,PME,38759857600016,O,2025-12-06T05:15:09,Besancon
8807,387634751,ETABLISSEMENT HUMBERT,5499,9603Z,PME,38763475100037,O,2025-12-06T05:39:40,Besancon
8808,387829773,BABTEC,5710,2899B,ETI,38782977300044,O,2025-12-06T06:59:09,Besancon
8809,388409880,SARL TRANSPORTS BOUDET,5710,4941B,ETI,38840988000035,O,2025-12-06T06:21:29,Besancon
8810,409937943,BENE PARAMEDICAL CENTRE,5710,3250A,PME,40993794300028,O,2025-12-06T06:25:51,Orleans
8811,395168826,M-SOLUTIONS,5710,5229B,ETI,39516882600067,O,2025-12-06T09:05:57,Orleans
8812,401385786,SARL FASHION,5499,4771Z,PME,40138578600041,O,2025-12-06T11:13:49,Orleans
8813,401633029,BLOIS DIFFUSION,5499,4719B,ETI,40163302900087,O,2025-12-06T05:15:33,Orleans
8814,410246235,IN.TRA.TT,5710,7820Z,ETI,41024623500072,O,2025-12-06T05:43:44,Orleans
8815,411258056,DEPOT PETROLE ORLEANS,5710,5210B,PME,41125805600059,O,2025-12-06T06:28:15,Orleans
8816,389423500,ENTREPRISE ALVES,5499,4399A,PME,38942350000047,O,2025-12-06T06:21:59,Orleans
8817,403141476,RECOVAL,5499,4110A,PME,40314147600073,O,2025-12-06T06:30:50,Orleans
8818,351203005,VERDE DISTRIBUTION SERVICES,5499,8121Z,ETI,35120300500076,O,2025-12-29T13:26:10,Orleans
8819,449175215,EPUR 100,5499,4771Z,PME,44917521500077,O,2025-12-06T08:19:15,Orleans
8820,451501076,ALDRIC ANGOT AUDIOPROTHESES SARL,5499,4774Z,PME,45150107600041,O,2025-12-06T07:17:54,Orleans
8821,352949440,PILE ET FACE,5499,6820B,PME,35294944000072,O,2025-12-06T05:38:41,Orleans
8822,793108622,COURTAGE AUTO,5499,4511Z,PME,79310862200044,O,2026-02-18T13:13:22,Mulhouse
8823,793821000,CG OPTIC,5710,4778A,PME,79382100000031,O,2025-12-06T08:45:04,Mulhouse
8824,788737260,BMC FRANCE,5710,4649Z,PME,78873726000018,O,2025-12-06T06:21:45,Mulhouse
8825,789281458,GO ! FORMATIONS ALSACE,5710,8553Z,PME,78928145800016,O,2025-12-06T05:59:21,Mulhouse
8826,538216912,SOCIETE D'EXPLOITATION DU PARC EOLIEN DE SABINE,5710,3511Z,PME,53821691200054,O,2025-12-06T06:01:18,Mulhouse
8827,808614200,L.A. DISTRIBUTION,5710,4778C,PME,80861420000042,O,2026-02-05T10:56:33,Mulhouse
8828,808694806,HENG HENG,5710,5621Z,PME,80869480600015,O,2025-12-06T05:20:01,Mulhouse
8829,809034705,MEDIA MESURES CENTRE EST,5710,4669A,PME,80903470500032,O,2026-01-08T13:00:58,Mulhouse
8830,809098684,BOULANGERIE DU LYS,5499,1071C,PME,80909868400016,O,2025-12-06T11:32:24,Mulhouse
8831,802768630,NEHO FRANCE,5710,6420Z,PME,80276863000021,O,2025-12-06T05:56:27,Mulhouse
8832,803887496,MGE,5499,4711B,PME,80388749600013,O,2025-12-06T06:18:17,Mulhouse
8833,794951749,ART ESCALIERS - ART FLOOR DESIGN,5710,4332A,PME,79495174900025,O,2025-12-06T05:21:07,Mulhouse
8834,799450424,FBN ST LOUIS,5710,4771Z,PME,79945042400012,O,2025-12-06T06:15:43,Mulhouse
8835,799559679,CMV 2013,5499,4771Z,PME,79955967900011,O,2025-12-06T06:30:58,Mulhouse
8836,306062944,LABORATOIRES GILBERT,5710,2120Z,ETI,30606294400013,O,2025-12-06T06:15:07,Caen
8837,316855477,SOCIETE NORMANDE DES DEMEURES CONTEMPORAINES,5710,4120A,PME,31685547700113,O,2026-06-30T13:16:49,Caen
8838,324645126,COMPAGNIE DU PARI MUTUEL,5710,9200Z,ETI,32464512600016,O,2025-12-06T05:34:46,Caen
8839,325985927,TENDANCE OUEST,5499,6010Z,PME,32598592700020,O,2025-12-06T05:25:12,Caen
8840,332087964,RESIP,5710,6311Z,ETI,33208796400067,O,2026-04-14T13:16:15,Caen
8841,301296414,CAEN FROID,5710,3320B,ETI,30129641400032,O,2025-12-06T05:52:29,Caen
8842,318338472,DIFFUSION AMEUBLEMENT CAENNAIS,5710,4759A,PME,31833847200026,O,2025-12-17T13:00:46,Caen
8843,822147864,LA BATISSE,5710,4329A,PME,82214786400026,O,2025-12-06T11:24:39,Nancy
8844,652007360,EUROSYNTEC,5710,4299Z,ETI,65200736000033,O,2026-02-24T16:29:07,Nancy
8845,907845093,NICOLAS HUBERT,5485,8621Z,PME,90784509300018,O,2025-12-06T05:38:43,Nancy
8846,921023909,HOMTIMISE,5710,6820B,PME,92102390900010,O,2025-12-06T06:02:18,Nancy
8847,917422362,AU JARDIN DE MASSAI,5710,9609Z,PME,91742236200017,O,2026-08-20T10:20:21.161,Nancy
8848,500912159,SARL CREDITASSUR,5499,6619B,PME,50091215900067,O,2026-01-05T12:31:30,Poitiers
8849,501325609,JIT,5499,3314Z,PME,50132560900425,O,2025-12-06T05:40:18,Poitiers
8850,501340764,RIVE DROITE,6599,6820B,ETI,50134076400049,O,2025-12-06T08:29:09,Poitiers
8851,501596555,SARL EFFILIOS,5499,7112B,PME,50159655500034,O,2025-12-06T05:39:25,Poitiers
8852,501642300,OPTI FLOTTE CONSEIL (OFC),5710,4511Z,ETI,50164230000021,O,2026-02-10T19:01:58,Poitiers
8853,441254968,R.C.H. (REGION CENTRE HABITAT),5499,4329A,ETI,44125496800015,O,2025-12-06T10:47:13,Poitiers
8854,502041858,SOCIETE CIVILE PROFESSIONNELLE D'AVOCATS BREILLAT - DIEUMEGARD - MASSON,6561,6910Z,PME,50204185800031,O,2025-12-06T05:54:02,Poitiers
8855,502085475,AGRICULTURE ET ROBOTIQUE DU CENTRE OUEST,5710,4661Z,ETI,50208547500031,O,2026-05-26T09:00:22,Poitiers
8856,922081971,PARTY PROFESSIONALS FRANCE,5710,5610A,PME,92208197100017,O,2025-12-06T06:26:55,Poitiers
8857,391853504,BANQUE CANTONALE DE GENEVE FRANCE SA,5699,6492Z,PME,39185350400010,O,2025-12-06T07:07:33,Annecy
8858,502123987,SCENEDEVIE,5499,4759A,PME,50212398700047,O,2025-12-06T06:19:54,Annecy
8859,502374176,GRUPP BUY MARKETING,5710,4771Z,PME,50237417600068,O,2025-12-06T10:45:17,Annecy
8860,512083718,PLANET KARAPAT,5499,8891A,PME,51208371800076,O,2025-12-06T05:12:31,Annecy
8861,505059667,ITINERAIRES AVOCATS - CADOZ - LACROIX - REY - VERNE,5485,6910Z,PME,50505966700020,O,2026-03-13T13:12:36,Annecy
8862,510246531,AUDIT CONSEIL IMPRESSION A.C.I.,5499,6209Z,PME,51024653100063,O,2025-12-06T05:22:24,Annecy
8863,510277478,KAENA,5710,7112B,PME,51027747800010,O,2025-12-06T05:40:18,Annecy
8864,504035056,GARANKA HOLDING,5710,7022Z,ETI,50403505600010,O,2025-12-06T06:39:28,Annecy
8865,504458746,ALPINE LODGES,5710,7010Z,ETI,50445874600063,O,2026-02-06T17:00:29,Annecy
8866,498761436,GHENO 74,5499,4942Z,PME,49876143600027,O,2025-12-06T05:40:55,Annecy
8867,498976646,SNC GEOSEB,5202,4772B,PME,49897664600014,O,2025-12-06T06:29:09,Annecy
8868,442591830,VACANTEL SAS,5710,5520Z,ETI,44259183000512,O,2026-07-07T11:36:13,Paris
8869,389681628,MAS S.A.S.,5710,1013A,PME,38968162800019,O,2026-02-09T18:00:29,Paris
8870,804975456,KLC SERVICES,5710,9523Z,PME,80497545600190,O,2025-12-06T05:15:46,Paris
8871,815250642,THE NEW ME,5710,9329Z,PME,81525064200049,O,2026-03-17T18:04:37,Paris
8872,830047213,TENAO 35,5710,3511Z,PME,83004721300202,O,2025-12-06T07:04:02,Marseille
8873,513905935,VOLTAFRANCE 4,5710,3511Z,ETI,51390593500427,O,2026-08-26T16:00:49.718,Marseille
8874,984439646,SILOSUN PV19,5710,3511Z,PME,98443964600014,O,2026-08-13T18:00:24.252,Marseille
8875,321630758,DISTRIBUTION MEDITERANEENNE PARFUMERIE,5710,4645Z,PME,32163075800076,O,2025-12-06T05:13:55,Marseille
8876,327843603,VALETTE FOIE GRAS,5710,1013A,PME,32784360300017,O,2026-08-06T09:09:28.974,Toulouse
8877,312857592,COMPTOIR GENERAL DU RESSORT,5710,2593Z,ETI,31285759200165,O,2025-12-06T05:43:43,Toulouse
8878,324667138,SOCIETE D'EXERCICE LIBERAL A RESPONSABILITE LIMITEE DE VETERINAIRES DU VAL DADOU,5485,7500Z,PME,32466713800048,O,2025-12-06T07:57:36,Toulouse
8879,325323020,FRANCE RABOTAGE,5710,4211Z,PME,32532302000058,O,2026-05-12T14:11:59,Toulouse
8880,301763405,CEVA SANTE ANIMALE,5599,2120Z,ETI,30176340500224,O,2026-03-13T16:00:43,Toulouse
8881,448028480,DE FETES EN CADEAUX,5710,4778C,PME,44802848000144,O,2025-12-06T05:36:27,Lille
8882,384739876,SERVICE PUBLIC ACCUEIL PERSONNES AGEES,5515,8710A,PME,38473987600025,O,2025-12-06T05:40:32,Lille
8883,381540277,CIE FONCIERE ALPHA SNC,6540,6820A,PME,38154027700179,O,2025-12-06T10:47:35,Lille
8884,794495457,AMJD,5710,8891A,PME,79449545700010,O,2026-07-13T13:10:52,Lille
8885,652053190,PARTNAIRE TRANSPORT,5710,7820Z,ETI,65205319000086,O,2026-01-23T13:14:03,Lille
8886,979339215,PATRIMOINE ET ENERGIES,5499,3511Z,ETI,97933921500019,O,2025-12-06T10:07:27,Bordeaux
8887,890398159,NLA,5710,8129B,ETI,89039815900016,O,2025-12-06T07:46:12,Bordeaux
8888,483656559,COMECA,5710,4120A,PME,48365655900034,O,2025-12-06T06:24:17,Nantes
8889,314451915,SOCIETE D'ETUDES D'EQUIPEMENTS DE CONSTRUCTIONS ET DE DIFFUSION INDUSTRIELS,5710,4669B,ETI,31445191500032,O,2025-12-15T10:01:01,Nantes
8890,440855120,ROBERT BERTON,5710,4942Z,PME,44085512000075,O,2026-04-14T13:10:51,Nantes
8891,348884677,NOVEOCARE,5710,8211Z,ETI,34888467700132,O,2026-03-19T11:42:37,Nantes
8892,441062759,CHALET-CHATEL,5499,6820A,PME,44106275900028,O,2025-12-06T06:23:13,Strasbourg
8893,441360757,ALSACE HOME SERVICES,5710,4322B,ETI,44136075700013,O,2026-05-13T13:11:51,Strasbourg
8894,980227565,CABINET DU DOCTEUR JIMMY CHAMMAS,5485,8622C,PME,98022756500010,O,2026-03-18T13:12:36,Strasbourg
8895,978728145,SEBANGE,5710,1071C,PME,97872814500019,O,2026-05-12T13:11:38,Strasbourg
8896,775693062,CERADEL-SOCOR,5710,4669B,PME,77569306200157,O,2025-12-06T06:32:03,Strasbourg
8897,342136223,SAKSO,5710,4772A,PME,34213622300019,O,2025-12-30T13:10:42,Strasbourg
8898,444995369,LES DUNES,5710,1071B,ETI,44499536900014,O,2025-12-06T05:16:07,Montpellier
8899,445223852,DATASOLUTION,5710,6202A,PME,44522385200051,O,2026-06-03T11:05:13,Montpellier
8900,334862190,GACHES CHIMIE SPECIALITES,5710,4675Z,ETI,33486219000025,O,2025-12-06T07:42:31,Montpellier
8901,529719064,URBA 4,5202,7112B,PME,52971906400147,O,2025-12-06T09:46:17,Montpellier
8902,522921634,SEPTEO HOSPITALITY SOLUTIONS,5710,5829C,ETI,52292163400179,O,2026-05-13T14:00:29,Montpellier
8903,534268677,ESPELIA,5710,7022Z,PME,53426867700166,O,2026-05-12T16:33:14,Montpellier
8904,538765454,SUNNPROD 5,5499,3511Z,ETI,53876545400227,O,2025-12-06T06:29:54,Montpellier
8905,330129651,SOCIETE KOPEC,5499,4673A,PME,33012965100015,O,2026-04-30T13:09:42,Rennes
8906,440708329,BREIZH'LOC,5710,7711B,ETI,44070832900014,O,2026-07-01T13:46:47,Rennes
8907,798929162,LES 2 MARIE,5499,6820A,PME,79892916200088,O,2025-12-06T06:59:10,Rennes
8908,562024281,SOCIETE AUXILIAIRE DU TRAVAIL DES CLOITRES,5710,4778C,PME,56202428100015,O,2025-12-06T10:50:18,Rennes
8909,341083269,DESJARDINS VENDEE,5710,4776Z,PME,34108326900165,O,2025-12-06T06:22:50,Rennes
8910,341228427,ALTONEO CONSEIL,5710,6920Z,PME,34122842700108,O,2025-12-06T05:43:44,Rennes
8911,385051248,FC 20,5499,4771Z,PME,38505124800180,O,2025-12-06T06:23:44,Rennes
8912,403455835,SARL AMBULANCES AGREES TIZON,5499,8690A,PME,40345583500021,O,2025-12-06T08:23:22,Rennes
8913,403541048,DXM,5710,4651Z,PME,40354104800159,O,2025-12-06T07:09:54,Rennes
8914,327733432,ISAGRI,5710,5829C,ETI,32773343200022,O,2026-07-02T12:32:39,Rennes
8915,443337605,PROVALT SAVOIE,5202,3812Z,ETI,44333760500010,O,2025-12-06T06:48:23,Grenoble
8916,445286941,POMPES FUNEBRES MARBRERIE BRUN,5499,9603Z,PME,44528694100015,O,2025-12-08T11:26:33,Grenoble
8917,448683870,LIESSES VOYAGES,5499,7911Z,PME,44868387000019,O,2025-12-06T05:43:21,Grenoble
8918,383888294,TRENTA-MOLLARD,5710,7120A,PME,38388829400030,O,2026-07-31T13:56:54,Grenoble
8919,381419407,AMICO UNIFOR,5499,9602B,PME,38141940700048,O,2025-12-06T06:54:52,Grenoble
8920,519208995,SUMA NEW MOTION,5710,4511Z,ETI,51920899500034,O,2026-06-11T10:57:11,Grenoble
8921,521546218,BODY SPHERE,5499,9602B,PME,52154621800020,O,2025-12-06T05:19:31,Grenoble
8922,750985517,ORGANISATION VACANCES & SPORTS,5710,5510Z,PME,75098551700036,O,2026-06-22T14:33:11,Grenoble
8923,429858624,ATEMAC,5710,7120B,ETI,42985862400050,O,2025-12-06T05:40:47,Rouen
8924,531807659,R.H.P,5499,4120A,PME,53180765900051,O,2025-12-06T06:19:04,Rouen
8925,513148080,FERME 2 BOISSY,5499,4781Z,PME,51314808000049,O,2025-12-06T05:13:01,Rouen
8926,513798181,K.ROZEN,5710,4771Z,ETI,51379818100113,O,2025-12-06T05:29:02,Rouen
8927,583650957,SOCIETE VARILLON,5710,4942Z,PME,58365095700074,O,2025-12-06T07:16:15,Rouen
8928,421199100,ABZAC FRANCE,5710,1729Z,PME,42119910000015,O,2026-06-18T18:31:30,Rouen
8929,429044704,WESTMAR,5499,5229B,PME,42904470400030,O,2026-04-28T15:01:17,Rouen
8930,422452045,RYON DISTRIBUTION,5499,4649Z,PME,42245204500053,O,2026-06-10T18:19:22,Rouen
8931,414672717,ORONA OUEST NORD,5710,4329B,ETI,41467271700116,O,2026-02-18T17:00:44,Rouen
8932,414870295,TISSOT INDUSTRIE,5710,2529Z,ETI,41487029500014,O,2025-12-06T05:25:04,Rouen
8933,390707602,EMC,5710,7112B,ETI,39070760200038,O,2025-12-06T05:25:21,Rouen
8934,453035230,ECOLE SUP INFORM COMMERCE,5499,8559A,PME,45303523000094,O,2025-12-06T07:21:25,Rouen
8935,844650481,SOLUTION KENT,5499,7022Z,PME,84465048100014,O,2026-03-27T10:29:52,Dijon
8936,844809657,EKIN 21,5710,5610A,PME,84480965700019,O,2025-12-06T07:33:30,Dijon
8937,879031664,ELITE ARTISAN,5710,4332B,PME,87903166400011,O,2025-12-06T10:54:11,Dijon
8938,853996288,ANTILLES GUYANE EXPERTISES,5710,6621Z,PME,85399628800058,O,2025-12-06T08:11:29,Dijon
8939,848596797,SPINEOFF,5485,8622B,PME,84859679700045,O,2025-12-06T05:39:34,Dijon
8940,853090330,SIMON AUDITION,5499,4646Z,PME,85309033000012,O,2026-01-20T15:00:31,Dijon
8941,921340931,IQC,5710,4764Z,PME,92134093100010,O,2025-12-06T06:24:51,Dijon
8942,313180614,SA DUHEM,5710,3212Z,PME,31318061400015,O,2025-12-06T05:14:57,Dijon
8943,808587232,ECO ARMATURE,5499,4673A,PME,80858723200014,O,2025-12-06T08:41:03,Angers
8944,512216698,SOCH LAVAGE BRISSAC,5710,4520A,PME,51221669800047,O,2026-03-13T13:10:21,Angers
8945,507497436,A.E.C.M.,5499,8553Z,PME,50749743600026,O,2026-07-02T17:00:32,Angers
8946,510141666,BONDY A.C,5499,1071C,PME,51014166600014,O,2025-12-06T05:23:01,Angers
8947,503752842,C.P.B.E,5499,7022Z,PME,50375284200057,O,2026-01-05T11:01:35,Angers
8948,498733666,ATEK-CONSEIL,5710,8559A,PME,49873366600065,O,2025-12-06T08:32:52,Angers
8949,498861947,JIM RHONE,6540,6820B,ETI,49886194700048,O,2025-12-06T08:10:03,Angers
8950,495292112,KLEIN,5710,8130Z,PME,49529211200028,O,2026-04-30T15:31:37,Angers
8951,498017961,ARTIRENOV,5710,4334Z,PME,49801796100042,O,2025-12-06T06:17:03,Angers
8952,498070440,R SOCCER,5710,9311Z,ETI,49807044000025,O,2025-12-06T09:31:52,Angers
8953,508621208,COMPTOIR COMMERCIAL MATERIEL BATIMENT 49,5710,7732Z,ETI,50862120800018,O,2025-12-06T05:43:37,Angers
8954,492267885,DANIEL RICHARD,5499,6430Z,PME,49226788500019,O,2025-12-06T07:01:13,Nimes
8955,518552435,G ENERGY,5710,7112B,ETI,51855243500068,O,2025-12-06T07:38:37,Nimes
8956,518743356,LUNA & CIE,5499,4641Z,PME,51874335600025,O,2025-12-06T10:01:30,Nimes
8957,519838668,AUX FEUILLES VERTES,5499,4776Z,PME,51983866800027,O,2026-02-13T08:21:15,Nimes
8958,514495209,EUROSORGHO,5710,7211Z,PME,51449520900058,O,2025-12-06T06:14:13,Nimes
8959,527865083,CENTRALE SOLAIRE DE BRISANNE,5710,3511Z,ETI,52786508300069,O,2025-12-06T06:28:31,Nimes
8960,528005309,SARL GOPIFRE,5499,5610A,PME,52800530900018,O,2025-12-06T07:16:23,Nimes
8961,529594616,IOTA SOL,5710,3511Z,PME,52959461600078,O,2025-12-06T05:34:23,Nimes
8962,529603540,CHERCHEUR D'OR FRANCE,5710,4778C,PME,52960354000012,O,2025-12-06T06:19:37,Nimes
8963,529618241,CIRCUITS,5710,7990Z,PME,52961824100069,O,2025-12-06T06:18:08,Nimes
8964,521177915,SARL DU GRAND BOURRY,5710,4634Z,PME,52117791500019,O,2026-06-03T10:37:20,Nimes
8965,522077692,AU PETRIN D'ANTAN,5499,1071C,PME,52207769200062,O,2025-12-06T07:36:45,Nimes
8966,522237866,EXPERF LANGUEDOC ROUSSILLON,5710,7729Z,ETI,52223786600010,O,2025-12-06T05:43:37,Nimes
8967,834097982,T170,5499,7820Z,ETI,83409798200088,O,2025-12-06T06:16:19,Clermont-Ferrand
8968,879224756,SARL DE LA BRETTE,5499,6820A,PME,87922475600012,O,2025-12-06T06:22:26,Clermont-Ferrand
8969,856201090,CYLINDRES ET MATERIAUX ROUTIERS,5710,4211Z,ETI,85620109000102,O,2025-12-06T09:53:56,Clermont-Ferrand
8970,866200546,CONDICHEF,5599,4631Z,ETI,86620054600020,O,2026-07-03T11:00:37,Clermont-Ferrand
8971,852223593,BE YS SHARED SERVICES,6210,8211Z,PME,85222359300017,O,2025-12-06T10:52:00,Clermont-Ferrand
8972,849877493,VAP A L'AUVERGNATE,5499,4778C,PME,84987749300015,O,2025-12-06T07:42:41,Clermont-Ferrand
8973,848914123,LE CERCLE DES PRODUCTEURS,5710,4721Z,PME,84891412300015,O,2026-07-22T12:00:33,Clermont-Ferrand
8974,848264263,LA CANTINE DE ROGER,5710,5610A,PME,84826426300072,O,2025-12-06T08:13:46,Clermont-Ferrand
8975,878198043,ADEKWATTS,5710,3511Z,PME,87819804300019,O,2025-12-06T06:30:12,Clermont-Ferrand
8976,982544470,THEOUTATES,5710,4776Z,PME,98254447000023,O,2025-12-06T06:24:43,Clermont-Ferrand
8977,799291703,FRANCK THOMAS FORMATION,5710,8559A,ETI,79929170300061,O,2026-07-02T14:31:55,Tours
8978,830676623,ROUE LIB',5710,7721Z,PME,83067662300028,O,2025-12-06T11:15:38,Tours
8979,831454988,LEELEO,5499,4772A,PME,83145498800047,O,2025-12-06T05:41:25,Tours
8980,840724421,HERVE CONCEPT,5710,7112B,ETI,84072442100010,O,2026-01-06T13:20:20,Tours
8981,850056698,"AMOUR, LOIRE & BEAUTE",5499,5610C,PME,85005669800010,O,2026-06-04T13:11:59,Tours
8982,850416512,JIFT,5710,9601B,PME,85041651200018,O,2025-12-06T08:32:23,Tours
8983,882314974,ASARLE,5710,7022Z,PME,88231497400016,O,2025-12-06T10:48:52,Tours
8984,879282572,CEZAM TACOS TIME,5710,5610C,PME,87928257200012,O,2025-12-06T06:17:13,Tours
8985,421656455,RESTO,5499,7311Z,PME,42165645500027,O,2025-12-06T06:07:25,Metz
8986,424416717,CENTRALE DU PARQUET,5710,4673A,PME,42441671700017,O,2025-12-06T10:54:31,Metz
8987,409893443,FIVES MACHINING,5710,2841Z,ETI,40989344300146,O,2025-12-06T05:16:29,Metz
8988,414515577,ATLANCAD,5710,4651Z,PME,41451557700073,O,2025-12-06T05:34:47,Metz
8989,414570622,BATT AUDIT,5710,6920Z,ETI,41457062200053,O,2025-12-06T06:56:47,Metz
8990,411788177,MARINER 3S FRANCE,5499,4669B,PME,41178817700045,O,2025-12-06T06:20:01,Metz
8991,343271680,ETABLISSEMENTS GRESSIER ET FILS,5499,3314Z,PME,34327168000021,O,2025-12-06T06:34:47,Metz
8992,349290627,BIOMESNIL MEDICAL,5710,3313Z,PME,34929062700059,O,2025-12-06T07:22:33,Metz
8993,379409600,STEAP STAILOR,5710,3320C,PME,37940960000028,O,2025-12-06T06:55:36,Metz
8994,379434459,MAISONS HORIZON,5710,4120A,ETI,37943445900069,O,2026-04-23T13:11:29,Metz
8995,350966867,LA TABLE DE LIMOGES,5499,4759B,PME,35096686700060,O,2026-07-13T13:10:35,Metz
8996,329879712,SOLOGEST AUDIT ET CONSEIL,5710,6920Z,PME,32987971200084,O,2025-12-06T05:41:45,Metz
8997,449356047,INSTITUT NEMO,5710,8559A,PME,44935604700042,O,2025-12-06T05:57:27,Metz
8998,444525828,AXIA GROUPE,5710,7022Z,PME,44452582800075,O,2025-12-06T05:17:13,Metz
8999,398932400,SANTI FINANCES,5499,4778C,PME,39893240000029,O,2025-12-06T06:17:03,Besancon
9000,399185768,I.S.E.CREATIONS,5499,4778C,PME,39918576800013,O,2025-12-06T06:29:01,Besancon
9001,399443951,AVENIR ASSOCIES,5499,6831Z,PME,39944395100039,O,2025-12-06T07:50:38,Besancon
9002,409028255,ELEC-COMTOIS,5499,4652Z,PME,40902825500043,O,2025-12-06T11:10:27,Besancon
9003,409243177,IN FINE,5710,4729Z,PME,40924317700014,O,2025-12-06T05:12:30,Besancon
9004,395223431,SIMON GRAPHIC,5499,1812Z,PME,39522343100028,O,2025-12-06T05:26:53,Besancon
9005,395315088,FROMAGERIE MONNIN,5710,1051C,PME,39531508800033,O,2026-03-23T13:12:31,Besancon
9006,401273370,A2 CI,5710,6831Z,PME,40127337000015,O,2025-12-06T06:29:37,Besancon
9007,401499637,MELAU,5710,6420Z,PME,40149963700049,O,2025-12-06T05:39:33,Besancon
9008,342416880,S.A. TAILLARDAT,5710,3109B,PME,34241688000058,O,2025-12-06T05:15:09,Orleans
9009,778120097,COMPAGNIE ENTREPRISE MECANIQUE ELECTRIQU,5710,4321A,ETI,77812009700085,O,2025-12-06T05:16:30,Orleans
9010,778130443,D8,5710,4799B,PME,77813044300071,O,2026-05-12T14:12:00,Orleans
9011,542050794,LINAMAR LIGHT METALS,5710,2811Z,ETI,54205079400131,O,2025-12-06T05:15:10,Orleans
9012,552109258,FEILO SYLVANIA LIGHTING FRANCE,5710,2740Z,ETI,55210925800517,O,2025-12-06T05:43:29,Orleans
9013,669802167,COMPAGNIE INDUSTRIELLE DES LASERS CILAS,5599,2670Z,PME,66980216700082,O,2025-12-06T05:43:45,Orleans
9014,685550444,METSO FRANCE SAS,5710,7112B,ETI,68555044400010,O,2026-06-25T18:31:28,Orleans
9015,342770468,HYDROTEC,5499,4669B,ETI,34277046800086,O,2025-12-06T09:06:26,Orleans
9016,343067856,ALAINE CENTRE,5710,4941A,ETI,34306785600025,O,2025-12-06T05:14:57,Orleans
9017,343769402,BPM CARS - FORZA 45,5710,4511Z,ETI,34376940200052,O,2026-03-27T05:07:10,Orleans
9018,323479741,ORCOM AUDIT,5710,6920Z,ETI,32347974100031,O,2025-12-06T05:25:04,Orleans
9019,326923950,SOLIDEO,5710,5229B,ETI,32692395000223,O,2025-12-06T07:34:44,Orleans
9020,327125027,TECHNI MURS,5710,4334Z,ETI,32712502700042,O,2026-07-01T13:46:45,Orleans
9021,800960817,SBT DISTRIBUTION,5499,4759B,PME,80096081700065,O,2025-12-06T07:32:51,Mulhouse
9022,801027772,M NAIL,5499,9602B,PME,80102777200020,O,2025-12-16T13:14:06,Mulhouse
9023,540005865,HAENGGI ET ASSOCIES,5710,6619B,PME,54000586500063,O,2026-07-24T12:00:57,Mulhouse
9024,542073275,VICTOR MARTINET ET COMPAGNIE,5599,5229B,ETI,54207327500084,O,2025-12-06T06:48:23,Mulhouse
9025,609801535,LA CENTRALE INCENDIE ETABLISSEMENTS DUBERNARD,5710,3312Z,PME,60980153500012,O,2026-01-09T09:01:12,Mulhouse
9026,343823993,EUROPE UTILITAIRE POIDS LOURDS,5710,4519Z,PME,34382399300021,O,2026-07-01T13:46:45,Mulhouse
9027,343897641,INDOCHINE EXPLOITATION,5499,4778C,PME,34389764100019,O,2026-07-27T13:20:00,Mulhouse
9028,438163305,E&R CONSULTANTS ALSACE FRANCHE COMTE,5499,6920Z,PME,43816330500032,O,2025-12-06T07:04:00,Mulhouse
9029,438646994,VESOUL DIFFUSION,5499,4719B,ETI,43864699400063,O,2025-12-06T10:18:01,Mulhouse
9030,534644711,T DREAM-STORE,5499,4540Z,PME,53464471100010,O,2025-12-06T05:12:32,Mulhouse
9031,488787607,SARL 2P,5499,4764Z,PME,48878760700040,O,2025-12-06T06:23:21,Mulhouse
9032,329725824,AUTO 61,5710,4511Z,PME,32972582400018,O,2025-12-06T05:18:03,Caen
9033,380271734,SEA,5599,3821Z,ETI,38027173400085,O,2025-12-06T05:43:36,Caen
9034,401172093,ASSURANCES DU NORD OUEST,5499,6622Z,PME,40117209300114,O,2025-12-06T05:21:25,Caen
9035,378168041,TRANSPORTS GAYET,5499,4941A,ETI,37816804100044,O,2025-12-06T05:15:09,Caen
9036,432255594,VINCENTE,5710,4110A,ETI,43225559400041,O,2025-12-06T06:10:16,Caen
9037,500967609,ESPACE PEINTURE BROCELIANDE,5499,4334Z,PME,50096760900032,O,2025-12-06T06:18:40,Caen
9038,501295257,SINAY,5710,7112B,PME,50129525700072,O,2025-12-06T11:08:34,Caen
9039,501558811,AIR ET EAUX CONTROLS,5499,8122Z,PME,50155881100029,O,2025-12-06T11:32:07,Caen
9040,888555604,SARL PASSION IMMO,5499,6831Z,PME,88855560400055,O,2025-12-06T06:23:15,Nancy
9041,893425298,SAINTE CLAIRE VOYAGES EST,5710,7911Z,PME,89342529800013,O,2026-02-17T13:01:58,Nancy
9042,880977111,ASHE,5710,4651Z,PME,88097711100066,O,2026-04-16T13:31:28,Nancy
9043,316855758,ROTISSERIE PETIT CUNY,5599,5610A,PME,31685575800025,O,2025-12-06T05:40:24,Nancy
9044,508579158,ANNECY PAPILLON,5499,9602B,PME,50857915800017,O,2026-04-27T13:14:08,Annecy
9045,509255634,ACFI SOLUTIONS IDOINES,5710,6622Z,PME,50925563400016,O,2025-12-06T05:21:16,Annecy
9046,493773162,LJ INDUSTRIES,5499,2562B,PME,49377316200026,O,2025-12-06T05:14:10,Annecy
9047,491142725,ATGT INGENIERIE,5558,7112B,PME,49114272500036,O,2025-12-06T07:22:33,Annecy
9048,491589511,CAMPO DEI FIORI,5710,4776Z,PME,49158951100014,O,2025-12-06T06:23:06,Annecy
9049,518037429,SARL DAVID HUBSCHWERLIN,5499,6831Z,PME,51803742900041,O,2025-12-06T06:19:29,Annecy
9050,518565718,TEAMINFO,5710,4741Z,PME,51856571800021,O,2025-12-06T05:13:28,Annecy
9051,524144094,SOCIETE DU BOURG,5710,3511Z,PME,52414409400058,O,2025-12-06T06:22:00,Annecy
9052,524223401,DJERBA 09,5499,7912Z,PME,52422340100018,O,2025-12-06T06:39:36,Annecy
9053,518802327,CECCON BETON CARRIERES,5710,2363Z,ETI,51880232700032,O,2025-12-06T10:03:17,Annecy
9054,519021273,ALPHAE,5458,7490B,PME,51902127300031,O,2025-12-06T11:09:04,Annecy
9055,849239587,SNAPDESK,5710,6201Z,PME,84923958700199,O,2026-07-02T11:34:04,Paris
9056,841219702,L'INNOMINATO FRANCE,5710,4690Z,ETI,84121970200104,O,2026-08-20T12:30:48.978,Paris
9057,302535877,ETS BASSEUX & CIE,5599,4772A,PME,30253587700120,O,2026-06-04T15:01:03,Paris
9058,334938131,ZENITH,5499,4772A,PME,33493813100011,O,2025-12-06T06:32:11,Paris
9059,513131656,A CIEL OUVERT,5710,4332A,PME,51313165600029,O,2026-03-31T13:12:08,Lyon
9060,504801499,PHOTON TECHNOLOGIES 1,5710,3511Z,PME,50480149900345,O,2025-12-06T05:08:58,Lyon
9061,333210789,CRISTAL HYGIENE,5710,4644Z,ETI,33321078900082,O,2026-07-20T12:00:22,Marseille
9062,320278393,SIGEDI,5710,3311Z,ETI,32027839300022,O,2026-03-10T11:07:07,Marseille
9063,501700512,LBP ETUDES ET CONSEIL,5499,7112A,PME,50170051200012,O,2026-05-27T17:00:24,Toulouse
9064,343730123,SABLIERES MALET,5710,0812Z,ETI,34373012300175,O,2026-05-04T16:31:37,Toulouse
9065,947352373,TRANSPORTS PORTMANN,5710,4941B,ETI,94735237300056,O,2026-07-01T13:46:47,Lille
9066,752387407,PARC SOLAIRE EV25,5710,3511Z,ETI,75238740700162,O,2026-08-25T13:33:24.294,Lille
9067,305391641,COPPIN,5710,4759A,PME,30539164100118,O,2026-01-20T15:36:44,Lille
9068,314818691,SOCIETE BONNIER,5710,8559B,PME,31481869100094,O,2025-12-06T05:40:39,Lille
9069,430369827,EXCO VALLIANCE,5710,6920Z,PME,43036982700125,O,2025-12-06T05:15:10,Bordeaux
9070,379305774,AGRI-SASO,5710,4661Z,ETI,37930577400075,O,2025-12-06T05:13:27,Bordeaux
9071,435174511,SKYROAD,5499,5223Z,PME,43517451100145,O,2025-12-06T08:15:44,Nantes
9072,519761431,PREMIERE LOGE,5710,7990Z,PME,51976143100047,O,2026-06-12T15:31:48,Nantes
9073,524450749,IMS FRANCE,5710,4672Z,ETI,52445074900014,O,2025-12-06T05:23:29,Nantes
9074,798097598,MY JOLIE CANDLE,5710,4778C,PME,79809759800030,O,2025-12-06T05:32:24,Nantes
9075,388682262,STEINMETZ CHAUSSEUR,5710,4772A,PME,38868226200042,O,2025-12-06T10:24:55,Strasbourg
9076,423817360,SIDEC,5710,4772A,PME,42381736000070,O,2025-12-06T06:27:31,Strasbourg
9077,558502654,WEMA STBG,5710,6920Z,PME,55850265400053,O,2026-04-01T13:01:30,Strasbourg
9078,489754499,NCA,5499,4771Z,PME,48975449900023,O,2025-12-06T10:24:33,Strasbourg
9079,793646555,S.F.R.F.,5710,4511Z,ETI,79364655500037,O,2026-05-28T09:00:35,Strasbourg
9080,794310672,PIERRES DE L'EST,5710,4673A,PME,79431067200017,O,2025-12-06T05:19:31,Strasbourg
9081,323127217,DIOT SIACI CREDIT,5710,6622Z,ETI,32312721700061,O,2026-07-23T13:37:05,Strasbourg
9082,329178453,SOVEC ENTREPRISES,5599,4321A,ETI,32917845300091,O,2025-12-06T05:43:36,Strasbourg
9083,338500358,LAVOSELF,5710,8129B,PME,33850035800043,O,2025-12-06T06:59:47,Strasbourg
9084,808575088,SYMEXO,5710,6202B,PME,80857508800014,O,2026-04-01T13:18:34,Montpellier
9085,782717730,LA MAISON DU BON CAFE,5710,1083Z,PME,78271773000025,O,2025-12-06T05:14:22,Montpellier
9086,390293983,GALZIN GOURMET,5499,7010Z,PME,39029398300032,O,2025-12-06T05:43:44,Montpellier
9087,811309723,URBA 114,5710,7112B,ETI,81130972300112,O,2025-12-06T05:59:36,Montpellier
9088,493175483,PHILEA SOLUTIONS,5710,5210B,PME,49317548300087,O,2026-04-10T17:06:12,Montpellier
9089,951054402,SOLUTIONS 30 GRAND SUD-OUEST,5499,6110Z,ETI,95105440200023,O,2025-12-06T07:02:18,Montpellier
9090,921575940,IMACAM,5785,8622A,PME,92157594000017,O,2026-01-05T13:08:20,Montpellier
9091,337884647,ATLANTIQUE OUVERTURES,5710,4332B,ETI,33788464700146,O,2026-03-24T10:52:47,Rennes
9092,444628150,JONES LANG LASALLE EXPERTISES,5710,6831Z,ETI,44462815000039,O,2025-12-06T05:43:44,Rennes
9093,448945212,AXIDO,5710,6203Z,ETI,44894521200042,O,2026-06-03T11:05:13,Rennes
9094,418872537,J.L. INTERNATIONAL,5710,4939A,ETI,41887253700075,O,2025-12-06T05:43:29,Rennes
9095,390865749,ASI,5710,6202A,ETI,39086574900126,O,2025-12-06T05:16:18,Rennes
9096,812203479,SERMA SAFETY AND SECURITY,5710,6202A,ETI,81220347900017,O,2026-01-17T15:32:03,Rennes
9097,503824179,SOCIETE DE DISTRIBUTION D'ACCESSOIRES,5710,9529Z,ETI,50382417900082,O,2025-12-06T06:13:18,Rennes
9098,793146689,NEPSOD EVOLUTION,5710,8559A,PME,79314668900047,O,2025-12-06T05:38:20,Grenoble
9099,793866831,NORECO,5710,5629B,PME,79386683100076,O,2025-12-06T11:15:30,Grenoble
9100,804409134,1083 BOUTIQUES,5499,4771Z,PME,80440913400025,O,2025-12-06T05:43:30,Grenoble
9101,697320539,SOC INDUSTRIEL CONDITIONNEMENT OPTIMISE,5499,8292Z,PME,69732053900045,O,2025-12-06T05:16:30,Grenoble
9102,399759091,BYBLOS SHINE,5499,8299Z,ETI,39975909100073,O,2025-12-06T05:25:13,Grenoble
9103,484059787,MY BODY ART - MBA,5710,9609Z,PME,48405978700065,O,2025-12-06T10:51:09,Grenoble
9104,951796481,TEO LOGISTICS,5710,5229B,PME,95179648100012,O,2025-12-06T06:24:27,Grenoble
9105,485357537,BULK TESTING INTERNATIONAL,5710,7490B,ETI,48535753700102,O,2025-12-15T13:17:04,Rouen
9106,481411809,ALEX-B,5499,4778C,PME,48141180900017,O,2025-12-06T08:30:20,Rouen
9107,790052443,UN HUITIEME,5499,7010Z,PME,79005244300013,O,2026-05-18T13:12:03,Rouen
9108,808518856,ATA LOGISTIQUE,5710,5229B,PME,80851885600030,O,2026-06-03T11:05:15,Rouen
9109,503126955,SOCIETE D ETUDE TECHNIQUE ET D EXPERTISE,5710,6621Z,PME,50312695500106,O,2026-02-06T10:07:15,Rouen
9110,505295196,FIDSO AQUITAINE,5710,6612Z,PME,50529519600081,O,2026-02-10T15:33:41,Rouen
9111,508032166,CITADIS,5710,4711F,PME,50803216600011,O,2025-12-06T05:25:31,Rouen
9112,495123218,PARENTHESE,5710,4777Z,PME,49512321800069,O,2025-12-06T06:22:58,Rouen
9113,517990552,BN2A,5499,8891A,PME,51799055200070,O,2025-12-06T05:13:44,Rouen
9114,529036683,VAL DE SEINE TRANSACTIONS,5710,6831Z,PME,52903668300025,O,2025-12-06T06:28:16,Rouen
9115,490324563,AMAROCHE,5710,5610A,PME,49032456300017,O,2025-12-06T05:19:50,Rouen
9116,753955376,RETOUT & ASSOCIES RH PAIE,5710,8299Z,PME,75395537600037,O,2026-04-27T13:13:40,Rouen
9117,752465047,CET NORD OUEST,5710,6621Z,ETI,75246504700013,O,2026-01-13T13:20:23,Rouen
9118,752795443,SOCIETE DES PRES,5499,4690Z,PME,75279544300031,O,2025-12-06T05:25:22,Rouen
9119,450979109,KALYSTE,5499,4649Z,PME,45097910900078,O,2025-12-06T06:13:40,Rouen
9120,315067611,SAS CLAUDE LAUMOND,5710,4332B,PME,31506761100055,O,2025-12-06T05:57:03,Dijon
9121,312347834,AGRI 21,5499,2899B,PME,31234783400029,O,2025-12-06T09:14:39,Dijon
9122,015851587,PIERRE JOLLY,5499,4772B,PME,01585158700079,O,2025-12-06T06:32:27,Dijon
9123,016650996,CYCLES LAPIERRE,5710,4649Z,ETI,01665099600016,O,2025-12-06T09:14:09,Dijon
9124,016750929,AGENCE REPUBLIQUE,5499,6831Z,PME,01675092900081,O,2025-12-06T06:22:49,Dijon
9125,016950412,DARCY PALACE SOC,5710,5914Z,PME,01695041200037,O,2025-12-06T05:38:11,Dijon
9126,303283907,METIS LEVAGE,5710,2822Z,PME,30328390700069,O,2025-12-06T06:23:44,Dijon
9127,303847339,SOC GESTION REVISION COMPTABLE,5599,6920Z,PME,30384733900031,O,2025-12-06T05:20:45,Dijon
9128,304970031,DISTRICOM SALES AND MARKETING,5710,7311Z,ETI,30497003100320,O,2025-12-20T19:00:38,Dijon
9129,494027360,HTEL,5710,6190Z,ETI,49402736000044,O,2025-12-06T05:25:31,Angers
9130,494768823,REMONDIS VALORISATION TRANSPORTSARL,5499,4941A,ETI,49476882300044,O,2025-12-06T05:40:41,Angers
9131,518598768,EXPERT & MANAGER OUEST,5710,7820Z,ETI,51859876800068,O,2025-12-06T07:18:03,Angers
9132,518773254,VOLT'AIR CONCEPT,5499,7112B,PME,51877325400025,O,2025-12-06T11:15:37,Angers
9133,519167209,KHEA CONCEPT,5710,8299Z,PME,51916720900047,O,2025-12-06T06:18:08,Angers
9134,514684554,TRADEOZ RENNES,5710,1071C,PME,51468455400017,O,2025-12-06T06:14:13,Angers
9135,528096142,COMBLECO 44,5499,1610B,PME,52809614200021,O,2025-12-06T11:32:17,Angers
9136,521922286,I2D CONSEILS,5710,7112B,PME,52192228600047,O,2025-12-06T06:49:56,Angers
9137,490698701,SELARL NEPHRO-ORGEMONT,5485,8621Z,PME,49069870100011,O,2025-12-06T05:21:16,Angers
9138,490911799,BETON ET MATERIAUX DE LA LOIRE,5202,2363Z,ETI,49091179900024,O,2025-12-06T05:43:29,Angers
9139,750504144,ARLENA,5499,5610C,PME,75050414400056,O,2025-12-06T06:41:34,Angers
9140,750125783,LOIRE ECO DISTRIBUTION,5710,4665Z,PME,75012578300027,O,2025-12-06T05:39:05,Angers
9141,522743285,SOGEPIERRE,5710,0811Z,PME,52274328500010,O,2026-03-02T16:00:41,Nimes
9142,492779947,EURO NEGOCES,5499,4690Z,PME,49277994700026,O,2025-12-06T05:41:32,Nimes
9143,493598080,SECUR INDOOR,5710,8020Z,PME,49359808000056,O,2025-12-06T06:00:55,Nimes
9144,753192731,FIDU.BAGNOLS,5710,6920Z,PME,75319273100010,O,2026-01-06T13:11:50,Nimes
9145,753974203,CAP VERT SOLARENERGIE MARGUERITTES,5499,3511Z,ETI,75397420300063,O,2025-12-06T07:41:25,Nimes
9146,750754251,DEMENAGEMENTS GABY,5499,4942Z,PME,75075425100049,O,2025-12-06T06:00:55,Nimes
9147,751683913,ETHIGESTION IMMOBILIER,5710,6831Z,PME,75168391300048,O,2026-02-25T15:59:48,Nimes
9148,712621390,ENDRIX PRO,5710,6920Z,PME,71262139000038,O,2025-12-06T06:04:22,Nimes
9149,749954673,FL . JB,5499,9321Z,PME,74995467300010,O,2025-12-06T06:22:17,Nimes
9150,749980934,BSCA,5499,4759A,PME,74998093400014,O,2026-03-10T17:16:51,Nimes
9151,539746289,COMPAGNIE DU SAV,5710,9522Z,ETI,53974628900278,O,2025-12-06T11:06:12,Nimes
9152,450707898,ACCORD ASSISTANCE 34,5499,7022Z,PME,45070789800117,O,2025-12-06T10:04:48,Nimes
9153,894597392,MC INVESTISSEMENTS,5710,3511Z,PME,89459739200014,O,2025-12-06T06:18:42,Nimes
9154,895140028,VIGNAL ORTHOPTIE,5485,8690E,PME,89514002800013,O,2025-12-06T11:12:45,Nimes
9155,829336890,LES GONES L.A.,5710,4761Z,PME,82933689000217,O,2026-08-17T13:09:09.243,Clermont-Ferrand
9156,532727567,D2L2,5499,4774Z,PME,53272756700028,O,2026-08-06T15:40:19.412,Clermont-Ferrand
9157,887150225,FOURNEL EMBALLAGES,5710,1624Z,PME,88715022500092,O,2026-08-06T09:09:28.036,Clermont-Ferrand
9158,326258324,COMPTOIR DE MATERIEL SA,5710,4663Z,ETI,32625832400010,O,2026-08-04T13:20:23.164,Clermont-Ferrand
9159,432835171,EUTERPE MUSIQUE,5499,4778C,PME,43283517100013,O,2026-08-04T13:12:38.312,Clermont-Ferrand
9160,306794462,SOCIETE DE FABRICATION ET D'EQUIPEMENT DE LUMINAIRES - S.F.E.L.,5710,2740Z,PME,30679446200029,O,2026-04-03T13:21:13,Clermont-Ferrand
9161,313552572,SOCIETE ANONYME SALAISONS G. LASSALAS,5710,1013B,PME,31355257200015,O,2025-12-06T07:00:10,Clermont-Ferrand
9162,315597013,SERVICE INSTALLATION ENTRETIEN TELEPHONI,5710,3320D,PME,31559701300129,O,2025-12-06T05:14:57,Clermont-Ferrand
9163,880033683,IMAGERIE MEDICALE DU VENDOMOIS,5785,8622A,PME,88003368300017,O,2025-12-06T08:40:42,Tours
9164,880699376,SELARL DOCTEUR PASCAL SIMONEAU,5485,8622C,PME,88069937600013,O,2025-12-06T05:19:22,Tours
9165,878497585,PANASOUND,5710,7312Z,PME,87849758500017,O,2025-12-06T05:25:23,Tours
9166,823453980,CENTRALE SOLAIRE PERNAY,5710,3511Z,ETI,82345398000059,O,2026-04-25T15:31:25,Tours
9167,815307947,SELARL DU DOCTEUR HAPPI NONO,5485,8622C,PME,81530794700011,O,2025-12-06T06:09:05,Tours
9168,918111428,FORMA BORDEAUX,5710,8559B,PME,91811142800010,O,2025-12-06T05:41:18,Tours
9169,907735849,TRIANGLE AUTOCONSO,5710,4669A,ETI,90773584900016,O,2025-12-06T11:15:46,Tours
9170,921144861,MEDIA CAPTURE,5499,7420Z,PME,92114486100017,O,2026-06-25T13:55:19,Tours
9171,977747260,BRASSERIE TURONE,5710,1105Z,PME,97774726000015,O,2025-12-06T10:07:56,Tours
9172,442267621,GREFF HYPOLITE ARCHITECTES,5710,7111Z,PME,44226762100013,O,2025-12-06T05:41:17,Metz
9173,340144385,CITEV COMPAGNIE INTERNATIONALE DES TRAINS EXPRESS A VAPEUR,5710,4910Z,PME,34014438500010,O,2025-12-06T11:04:43,Metz
9174,335201620,LORRAMAT,5710,7732Z,PME,33520162000044,O,2026-02-18T13:12:23,Metz
9175,337862791,PISKORSKI ET FILS,5710,0220Z,PME,33786279100015,O,2025-12-06T05:14:57,Metz
9176,379723919,SOCIETE DE TRAVAUX D'ASSAINISSEMENT ET D'ADDUCTION D'EAU,5599,6420Z,PME,37972391900096,O,2025-12-06T06:18:07,Metz
9177,393368378,SEMIN PROFILS,5710,2433Z,ETI,39336837800021,O,2025-12-06T10:47:13,Metz
9178,389670142,PANDROL,5710,2059Z,ETI,38967014200030,O,2025-12-06T05:48:33,Metz
9179,381789718,REPROLAND,5710,7733Z,PME,38178971800065,O,2025-12-06T06:03:44,Metz
9180,382268563,AJ SERVICES,5499,4110A,PME,38226856300071,O,2025-12-06T11:15:29,Metz
9181,385351036,LINGENHELD ENVIRONNEMENT,5710,3900Z,PME,38535103600053,O,2025-12-06T05:26:19,Metz
9182,325857969,JALLON SAS,5710,4639A,ETI,32585796900050,O,2026-07-09T13:13:13,Metz
9183,513610980,MO GROUPE,5499,4778A,PME,51361098000015,O,2025-12-06T06:17:51,Metz
9184,510469661,BATIGERE HABITATS SOLIDAIRES,5546,6820A,ETI,51046966100035,O,2026-04-23T13:11:50,Metz
9185,520597477,THIONVILLE CREDIT,5499,6619B,PME,52059747700055,O,2026-04-23T13:11:54,Metz
9186,521194951,MORENO CONSULTING,5710,7022Z,PME,52119495100039,O,2025-12-06T07:09:55,Metz
9187,523964567,ARCAN IDF,5710,4651Z,PME,52396456700029,O,2025-12-06T11:15:37,Metz
9188,400036836,SOC.HYDRO-MECANIQUE DE LA LOUE,5710,3511Z,PME,40003683600023,O,2026-05-13T13:01:08,Besancon
9189,400054565,FORMACIEL,5499,8559A,PME,40005456500074,O,2025-12-06T05:21:54,Besancon
9190,400896973,SOC MATERIEL VERS L'EPURATION,5499,2829B,PME,40089697300023,O,2025-12-06T06:29:01,Besancon
9191,410084982,SOLUTIONS JARDINS,5499,8130Z,PME,41008498200025,O,2025-12-06T05:22:13,Besancon
9192,410559967,PB PROMOTION,5499,4299Z,PME,41055996700030,O,2025-12-06T06:39:27,Besancon
9193,410876429,DU GROS SAPEAU,6538,6820B,PME,41087642900037,O,2025-12-06T05:40:17,Besancon
9194,411038060,NETCOMMUNICATIONS FRANCE,5710,6312Z,PME,41103806000025,O,2025-12-06T05:21:16,Besancon
9195,412486821,GENITEC FRANCE,5499,4646Z,PME,41248682100017,O,2025-12-06T06:19:20,Besancon
9196,412647513,PUBLICITE LEPEUT,5710,7311Z,PME,41264751300057,O,2026-07-07T17:00:49,Besancon
9197,338337876,COANUS COUVERTURE,5710,4391B,PME,33833787600019,O,2026-01-06T13:19:17,Orleans
9198,352600456,KIMBERLY-CLARK SAS,5710,1722Z,ETI,35260045600094,O,2026-04-07T16:31:56,Orleans
9199,354044257,SEL,5710,4647Z,PME,35404425700054,O,2025-12-06T05:38:11,Orleans
9200,442218095,PANTHERA FORMATION,5499,8532Z,ETI,44221809500028,O,2025-12-06T09:26:58,Orleans
9201,442330692,PARTNAIRE 44 ATLANTIQUE,5710,7820Z,ETI,44233069200108,O,2025-12-06T05:15:34,Orleans
9202,442331245,PARTNAIRE 62,5710,7820Z,ETI,44233124500104,O,2026-02-05T05:14:29,Orleans
9203,445071343,ETABLISSEMENTS GAUDIER SARL,5499,4520A,PME,44507134300013,O,2026-02-13T11:25:37,Orleans
9204,447585928,IRRISAONE,5499,4752A,ETI,44758592800024,O,2025-12-06T06:09:45,Orleans
9205,447713850,SIGANA,5499,4771Z,PME,44771385000017,O,2025-12-06T06:23:37,Orleans
9206,808465355,VARIELINETY,5499,6820A,PME,80846535500010,O,2025-12-06T08:23:16,Mulhouse
9207,920652112,OD-ERDENE SUSHI,5710,5610C,PME,92065211200045,O,2025-12-06T05:24:58,Mulhouse
9208,953882008,OPA,5499,4778A,PME,95388200800014,O,2025-12-06T07:38:53,Mulhouse
9209,977728310,CNDO MULHOUSE,5710,4777Z,PME,97772831000011,O,2025-12-22T13:11:20,Mulhouse
9210,979643251,TORREFACTION TERROIR,5499,1083Z,PME,97964325100015,O,2025-12-06T11:22:29,Mulhouse
9211,902412139,SELARL DR MAXIME ANTONI,5485,8622B,PME,90241213900013,O,2025-12-06T11:32:09,Mulhouse
9212,915620959,BRIQUETERIE DE ROUFFACH,5710,2332Z,ETI,91562095900147,O,2025-12-06T08:09:28,Mulhouse
9213,917535809,MERGEN FORMATIONS,5499,8553Z,PME,91753580900011,O,2026-01-08T16:01:03,Mulhouse
9214,440498046,PAT'NET,5710,8121Z,PME,44049804600059,O,2025-12-06T05:25:38,Caen
9215,441332467,PADO INTERNATIONAL,5499,4690Z,PME,44133246700030,O,2025-12-06T05:39:18,Caen
9216,921675500,MINTEC,5710,6201Z,PME,92167550000018,O,2025-12-06T05:37:57,Caen
9217,922168653,DUGAS ORL,5485,8621Z,PME,92216865300017,O,2025-12-06T08:24:42,Caen
9218,922271937,2CG HASTINGS,5710,5510Z,PME,92227193700018,O,2025-12-06T05:40:19,Caen
9219,922374087,MW-S RENOVATION,5710,4334Z,PME,92237408700034,O,2026-06-03T09:26:57,Caen
9220,922673991,PROPRE T'ES,5499,4520A,PME,92267399100019,O,2025-12-06T06:30:13,Caen
9221,911803351,SIAL,5710,7112B,ETI,91180335100012,O,2025-12-12T12:31:50,Nancy
9222,487820334,SARL HERREYE ET JULIEN,5499,7112A,PME,48782033400034,O,2025-12-06T08:11:50,Nancy
9223,483037073,SOCIETE DU MUSEUM DES SALINS DU MIDI,5499,9103Z,ETI,48303707300044,O,2025-12-06T05:39:40,Nancy
9224,483504122,FEUILLETTE,5710,7010Z,ETI,48350412200068,O,2025-12-06T05:14:22,Nancy
9225,479106098,ERELIA 1,5710,3511Z,ETI,47910609800078,O,2026-07-16T13:30:35,Nancy
9226,479919169,CHAMPAGNE CONTROLE PL,5499,7120A,PME,47991916900108,O,2026-02-03T10:31:52,Nancy
9227,492642020,ELECTR'EAU,5710,3511Z,PME,49264202000043,O,2025-12-06T05:48:34,Nancy
9228,508349990,ARKETEAM,5710,6201Z,PME,50834999000087,O,2025-12-06T05:56:42,Nancy
9229,480401579,SCP BERTIN,6561,6910Z,PME,48040157900044,O,2026-04-23T13:11:13,Nancy
9230,490570330,FROUDIS,5710,4711F,ETI,49057033000020,O,2026-07-28T12:33:18,Nancy
9231,491333464,PRESTA TERRE SERVICES,5499,8121Z,ETI,49133346400023,O,2026-06-18T13:00:31,Nancy
9232,332223361,HILZINGER DOLMEN,5710,2223Z,ETI,33222336100020,O,2025-12-06T05:43:44,Nancy
9233,420557175,KAMI,5499,4752A,PME,42055717500056,O,2025-12-06T06:25:59,Nancy
9234,423857721,SENTINELLE AVOCATS,5485,6910Z,PME,42385772100074,O,2025-12-06T05:38:42,Nancy
9235,519215370,JOB CONCEPT,5710,7820Z,PME,51921537000056,O,2025-12-06T08:14:41,Annecy
9236,515196673,L'HEURE BIO,5710,4711B,PME,51519667300054,O,2025-12-06T06:20:10,Annecy
9237,527594766,KAMEHA,5499,6420Z,PME,52759476600042,O,2026-07-09T12:32:03,Annecy
9238,528015027,XYZ,5499,9602A,PME,52801502700121,O,2026-05-19T14:57:59,Annecy
9239,529431066,MARILYN,5710,6201Z,ETI,52943106600024,O,2025-12-06T07:29:46,Annecy
9240,520808932,ALFI-ADLER,5710,2892Z,PME,52080893200013,O,2025-12-06T05:13:29,Annecy
9241,521758854,DEEP NATURE MONT BLANC,5710,9604Z,ETI,52175885400066,O,2025-12-06T05:17:54,Annecy
9242,490492360,CHTI SAVOYARD,5499,5510Z,PME,49049236000014,O,2025-12-06T05:40:47,Annecy
9243,753127190,APC ETANCH GRAND LYON,5710,4399A,PME,75312719000076,O,2026-04-16T14:13:42,Annecy
9244,753502046,FINANCIERE SUEZ,5710,6831Z,PME,75350204600026,O,2026-02-16T18:16:30,Annecy
9245,753598846,LIFE STYLE,5499,4771Z,PME,75359884600040,O,2025-12-06T08:15:10,Annecy
9246,770201127,LOCATRANS,5710,4511Z,ETI,77020112700261,O,2026-01-09T19:05:59,Annecy
9247,750964066,RUMILLY HOTELLERIE,5499,5510Z,PME,75096406600047,O,2025-12-06T05:41:03,Annecy
9248,320920911,GEOXIA ILE DE FRANCE,5202,4120A,PME,32092091100817,O,2025-12-06T05:51:58,Paris
9249,439756750,L'ATELIER DU CHOCOLATIER,5710,4724Z,PME,43975675000014,O,2026-06-29T17:31:39,Paris
9250,914277504,FYL GOOD ECO,5710,5510Z,PME,91427750400017,O,2026-01-06T16:31:32,Paris
9251,403715725,FRANCE OXYGENE,5499,7729Z,ETI,40371572500152,O,2026-05-12T14:11:59,Paris
9252,430050799,MONCLER FRANCE,5499,4771Z,ETI,43005079900393,O,2026-06-01T16:33:45,Paris
9253,702012121,SOC CREATIONS CLAUDE KRIEF,5499,4642Z,PME,70201212100274,O,2025-12-06T07:07:41,Lyon
9254,849537121,LES PLAISIRS GOURMANDS DE MARION,5710,4639B,PME,84953712100014,O,2026-04-22T13:08:06,Lyon
9255,879546729,AFRD ILSUN 3,5710,3511Z,ETI,87954672900028,O,2026-04-17T19:29:29,Lyon
9256,823177175,LE SERVICE FUNERAIRE,5599,9603Z,PME,82317717500010,O,2026-06-25T12:56:57,Lyon
9257,512977125,SOLATTEXPLOIT,5710,3511Z,ETI,51297712500149,O,2025-12-06T06:18:00,Marseille
9258,602056749,SAINT LOUIS SUCRE,5710,1081Z,ETI,60205674900321,O,2025-12-06T05:59:36,Marseille
9259,443540539,MBG,5710,1071B,ETI,44354053900014,O,2026-07-03T13:14:03,Toulouse
9260,534671755,HETRE ENERGIES,5710,3511Z,PME,53467175500153,O,2025-12-22T14:00:50,Toulouse
9261,535287270,VULCO TRUCK SERVICES,5710,4532Z,ETI,53528727000214,O,2026-01-23T10:01:42,Toulouse
9262,530194000,P C E SERVICES,5710,4222Z,ETI,53019400000051,O,2026-02-16T13:17:06,Toulouse
9263,570800524,DELZONGLE MIDI-PYRENEES,5710,4673B,PME,57080052400011,O,2025-12-06T08:16:40,Toulouse
9264,390036838,DEBELEC,5710,4321A,ETI,39003683800105,O,2025-12-06T05:16:18,Toulouse
9265,804752558,MNH SERVICES A L'ENFANCE,5710,8891A,ETI,80475255800010,O,2026-07-15T10:33:49,Toulouse
9266,330119405,INGEO,5499,7112A,PME,33011940500109,O,2025-12-23T13:11:55,Lille
9267,978847622,ROOF,5710,6831Z,PME,97884762200112,O,2025-12-06T11:00:57,Lille
9268,981442882,ADISAEL,5710,4791A,PME,98144288200016,O,2026-03-11T16:32:30,Lille
9269,397485616,T S M TELECONCEPTS,5710,3320D,PME,39748561600031,O,2025-12-06T05:25:21,Lille
9270,329869101,SA CONRAD,5710,4772A,PME,32986910100165,O,2025-12-06T09:26:05,Bordeaux
9271,529351652,AMBAZAC TRANSPORTS,5710,4941B,ETI,52935165200035,O,2025-12-06T11:14:25,Bordeaux
9272,404244089,UNIVERS PAIE,5710,7022Z,ETI,40424408900144,O,2025-12-06T05:40:54,Nantes
9273,493561641,ALTERNATIVE POST,5710,5320Z,PME,49356164100108,O,2025-12-06T06:27:16,Nantes
9274,829275692,ASCONIT,5710,7112B,PME,82927569200038,O,2025-12-06T11:15:52,Nantes
9275,818943938,DRIVECO,5710,7112B,ETI,81894393800147,O,2025-12-06T05:43:38,Nantes
9276,832696959,VILOGIA PRIVILEGE,5710,6831Z,ETI,83269695900143,O,2025-12-06T07:54:21,Nantes
9277,448645580,SOCIETE D'EXPLOITATION DU PARC EOLIEN SAINT JACQUES DE NEHOU,5710,3511Z,PME,44864558000102,O,2025-12-06T06:26:37,Strasbourg
9278,449012913,NLIGHTEN FRANCE RE,5710,6311Z,PME,44901291300025,O,2026-05-28T13:20:56,Strasbourg
9279,537468803,MOBIDECOR,5710,3101Z,ETI,53746880300011,O,2025-12-06T07:48:36,Strasbourg
9280,588501122,SERMES,5599,4669A,ETI,58850112200133,O,2026-03-25T13:14:42,Strasbourg
9281,622052819,ANDRE HOULES ET COMPAGNIE,5710,4641Z,PME,62205281900035,O,2025-12-06T05:15:34,Strasbourg
9282,414572248,AON FRANCE,5710,6622Z,ETI,41457224800279,O,2026-05-11T16:30:54,Strasbourg
9283,452625981,4 CAD PLM,5710,6202A,ETI,45262598100140,O,2025-12-06T05:19:50,Strasbourg
9284,489243477,AIRZONE FRANCE,5499,4674B,PME,48924347700093,O,2026-05-12T14:12:01,Strasbourg
9285,481656585,FRANCHOO,5710,4772A,ETI,48165658500116,O,2025-12-06T06:19:20,Strasbourg
9286,510379670,SYNAIRGIE,6220,7120B,PME,51037967000019,O,2026-02-23T13:07:48,Strasbourg
9287,504725730,CENIT KEONYS FR,5710,6202A,PME,50472573000130,O,2025-12-06T05:17:23,Strasbourg
9288,815407374,FOURNISSEUR D'ENERGIE SOLAIRE,5710,3511Z,PME,81540737400116,O,2026-06-01T13:30:54,Montpellier
9289,824623110,FORTIL SUD OUEST,5710,7112B,ETI,82462311000056,O,2025-12-10T11:02:01,Montpellier
9290,879296598,URODOC,5785,8622C,PME,87929659800094,O,2026-06-03T11:30:29,Montpellier
9291,848900205,ECO APEX 17,5499,3511Z,ETI,84890020500115,O,2025-12-06T05:12:48,Montpellier
9292,776054132,SELAS CENTRE DE RADIOLOGIE - CRP,5785,8622A,PME,77605413200043,O,2026-08-07T11:30:38.478,Montpellier
9293,312213077,ESCALIERS DECORS - ESCA INDUSTRIE,5710,2511Z,PME,31221307700059,O,2026-06-16T14:33:01,Montpellier
9294,312327778,AROME,5710,4939A,ETI,31232777800030,O,2025-12-18T09:00:47,Montpellier
9295,036580017,DEROGNAT ET CIE,5710,4663Z,PME,03658001700014,O,2025-12-06T06:34:07,Montpellier
9296,331151910,FOURN INDUS ROBINET SANIT TUYAUT,5710,4674B,PME,33115191000048,O,2026-04-02T21:30:22,Montpellier
9297,499253060,ABM ENERGIE CONSEIL,5710,7112B,PME,49925306000010,O,2026-07-29T15:00:46,Rennes
9298,509543187,MICROPOLE FRANCE,5710,6202A,ETI,50954318700025,O,2026-06-24T14:01:15,Rennes
9299,491759221,AVELOUEST,5710,6420Z,PME,49175922100014,O,2025-12-06T11:15:37,Rennes
9300,528633175,GROUPE DELTA OUEST,5710,4762Z,PME,52863317500021,O,2026-03-31T13:10:46,Rennes
9301,529056046,EXCEL AUTOMOBILES,5710,4511Z,ETI,52905604600061,O,2025-12-06T05:15:11,Rennes
9302,522104041,ADMINISTRATEUR JUDICIAIRE INTERVENANT A LA RESTRUCTURATION DES ENTREPRISES,5785,6910Z,PME,52210404100085,O,2025-12-25T13:14:36,Rennes
9303,490152717,R.G IMMO,5499,6831Z,PME,49015271700024,O,2025-12-06T06:20:50,Rennes
9304,750764896,CUISINES MOREL BRETAGNE,5499,3102Z,PME,75076489600015,O,2025-12-06T06:09:30,Rennes
9305,752029322,GREENERGIE IV,5202,3511Z,PME,75202932200134,O,2025-12-06T06:19:21,Rennes
9306,752030619,GREENERGIE III,5202,3511Z,PME,75203061900536,O,2025-12-06T06:15:08,Rennes
9307,749935912,AMBULANCE BOCHER ASSISTANCE,5710,8690A,PME,74993591200057,O,2026-07-02T10:21:03,Rennes
9308,797699931,IMDIRCO,5499,6420Z,ETI,79769993100011,O,2025-12-06T08:18:41,Rennes
9309,794468306,CAP SOLAR 07,5710,3511Z,ETI,79446830600079,O,2025-12-06T07:48:36,Rennes
9310,832411706,HSL DISTRIBUTION,5710,4764Z,ETI,83241170600084,O,2026-07-03T11:38:40,Rennes
9311,791645088,PV AGRI 85,5202,3511Z,PME,79164508800265,O,2025-12-06T05:08:59,Rennes
9312,901421743,ENTROVIEW,5710,5829C,PME,90142174300021,O,2025-12-06T05:19:52,Grenoble
9313,829609957,ABC SECURITE,5710,8010Z,PME,82960995700065,O,2025-12-06T07:17:02,Grenoble
9314,817625247,ATHANOR ENGINEERING,5710,7112B,PME,81762524700017,O,2025-12-06T10:47:44,Grenoble
9315,843036062,SMART OPTIC,5710,4778A,PME,84303606200092,O,2026-04-29T17:16:40,Grenoble
9316,847722378,LA VAPE 66,5710,4778C,PME,84772237800050,O,2025-12-06T06:21:53,Grenoble
9317,978550630,ALICE PIZZA FRANCE,5710,5610C,PME,97855063000047,O,2026-08-12T13:10:53.893,Grenoble
9318,384449773,MIRION TECHNOLOGIES (CANBERRA) SAS,5710,2651B,ETI,38444977300165,O,2026-08-06T09:09:25.145,Grenoble
9319,899896203,ATL LOGISTIQUE,5710,5210B,PME,89989620300010,O,2025-12-06T10:06:56,Rouen
9320,902622521,ALTERNANCE PICARDIE,5499,8559B,PME,90262252100067,O,2025-12-06T05:53:16,Rouen
9321,802151183,L&D LAVAGE,5499,4520A,PME,80215118300018,O,2025-12-06T11:07:41,Rouen
9322,792193476,FERMATIC SAS,5710,4329B,ETI,79219347600019,O,2025-12-06T05:43:45,Rouen
9323,791227879,TOYS MOTORS ROUEN,5710,4511Z,ETI,79122787900024,O,2025-12-06T05:41:53,Rouen
9324,799370200,MASOLUTIONEMPLOI.COM,5710,6311Z,PME,79937020000021,O,2025-12-06T06:22:17,Rouen
9325,784326019,AKZO NOBEL,5710,4675Z,ETI,78432601900063,O,2025-12-06T06:09:37,Rouen
9326,831031323,PROMETHEUS,5499,8030Z,PME,83103132300015,O,2025-12-06T05:22:14,Rouen
9327,751582792,LURIT INTERNATIONAL,5710,4941A,PME,75158279200089,O,2025-12-06T06:12:55,Rouen
9328,880093547,MARITIMES KUHN SERVICES,5710,8211Z,ETI,88009354700011,O,2025-12-06T08:15:04,Rouen
9329,302163803,CITYA GESSY VERNE IMMOBILIER,5710,6832A,ETI,30216380300026,O,2025-12-06T05:43:43,Dijon
9330,309034569,TRANSPORTS AUTOCARS ROBERT CREDOZ TRANSARC,5710,4939A,ETI,30903456900066,O,2025-12-06T09:04:08,Dijon
9331,309124485,VIVACI,5710,4333Z,PME,30912448500058,O,2025-12-06T05:51:28,Dijon
9332,339364887,GESTION HOTELS DIJON BARENTIN,5499,5510Z,ETI,33936488700085,O,2025-12-06T05:39:40,Dijon
9333,398392480,CADEXA,5710,6621Z,PME,39839248000016,O,2025-12-06T08:10:03,Dijon
9334,378170104,HOPTEAM NORD EST,5710,4669C,ETI,37817010400046,O,2025-12-06T07:52:37,Dijon
9335,434961512,PHOTON LINES,5710,4669B,PME,43496151200077,O,2025-12-06T06:19:36,Dijon
9336,539211060,SO HABITAT,5499,4120A,PME,53921106000014,O,2025-12-06T06:25:08,Angers
9337,533372389,SDU LANGON,5499,5610A,PME,53337238900031,O,2025-12-06T07:02:47,Angers
9338,482598687,LE COSSEC,5710,9602B,PME,48259868700036,O,2025-12-06T05:39:04,Angers
9339,483184388,SORELUM,5710,4222Z,ETI,48318438800021,O,2026-03-17T13:10:10,Angers
9340,898270178,NW TI BEAUCOUZE,5710,3511Z,ETI,89827017800103,O,2025-12-06T07:01:14,Angers
9341,899356513,DOCTOR GREEN TOWN,5710,4690Z,PME,89935651300049,O,2025-12-06T05:54:34,Angers
9342,899428171,CREATIVE HOMES 85,5710,6831Z,PME,89942817100057,O,2026-07-20T15:31:44,Angers
9343,899534077,SELARL DR ALEXANDRE BARATTE,5485,8622B,PME,89953407700016,O,2025-12-06T05:54:03,Angers
9344,899802870,"ANGERS LOIRE TERRITOIRE HABITAT IMMOBILIER, SOCIETE DE COORDINATION",5599,6820A,ETI,89980287000019,O,2025-12-06T09:15:18,Angers
9345,899805428,ERKHET SUSHI,5710,5610C,PME,89980542800013,O,2026-06-26T13:12:29,Angers
9346,898740717,SELARL EVE SOULIER - JEROME PRIVAT - THOMAS AUTRIC,5485,6910Z,PME,89874071700027,O,2025-12-06T07:41:26,Nimes
9347,899562003,LA GRANDE BOBINE,5460,7022Z,PME,89956200300066,O,2026-04-03T13:15:51,Nimes
9348,847888716,CABASUS,5710,4312A,PME,84788871600036,O,2026-02-02T11:16:52,Nimes
9349,903842730,LES EDITEURS DU GOUT,5710,4791B,PME,90384273000017,O,2026-05-29T13:10:00,Nimes
9350,900281254,CLOS ENERGIE,5499,3511Z,ETI,90028125400012,O,2025-12-06T10:58:38,Nimes
9351,904169158,TRYPTIC,5710,4647Z,PME,90416915800030,O,2025-12-06T05:40:11,Nimes
9352,893848366,BR AVEYRON,5710,4774Z,ETI,89384836600017,O,2025-12-06T06:19:13,Nimes
9353,798868972,FITNESS MONTPELLIER,5710,9313Z,PME,79886897200026,O,2025-12-06T06:30:51,Nimes
9354,794503102,CAP SOLAR 24,5710,3511Z,PME,79450310200053,O,2026-02-12T08:00:26,Nimes
9355,794890624,GROUPE ANDINE,5710,6420Z,PME,79489062400016,O,2025-12-06T05:22:04,Nimes
9356,797460235,SOCIETE DE MONSIEUR BARBIER,5710,2042Z,PME,79746023500030,O,2025-12-06T05:22:14,Nimes
9357,788212512,NORDIQUE FRANCE,5710,4673B,PME,78821251200057,O,2025-12-06T06:27:24,Nimes
9358,810283457,TMO,5710,4661Z,PME,81028345700036,O,2026-08-21T13:08:16.381,Tours
9359,511644601,ECO CO2,5710,7112B,PME,51164460100136,O,2026-08-19T16:32:38.455,Tours
9360,308528827,VERNET,5710,2651B,ETI,30852882700022,O,2026-08-06T09:09:27.643,Tours
9361,883982498,INGRAMME DOR,5499,4779Z,PME,88398249800015,O,2026-04-03T13:19:12,Tours
9362,884209776,GBC BOIS,5710,4799A,PME,88420977600019,O,2025-12-06T06:26:09,Tours
9363,888485083,GREEN ECO,5710,3511Z,PME,88848508300065,O,2025-12-06T10:01:00,Tours
9364,885216572,AUPETIT IP,5710,6910Z,PME,88521657200093,O,2026-01-07T17:31:37,Tours
9365,810634782,NELLCOTE,5710,5630Z,PME,81063478200090,O,2026-07-30T16:31:28,Metz
9366,789976115,SAINT CHRISTOPHE AUTOMOBILES,5710,4511Z,ETI,78997611500053,O,2025-12-06T05:13:57,Metz
9367,802901140,LIZ FRANCE THERMAL SOLUTIONS,5710,4399D,ETI,80290114000011,O,2026-01-13T13:15:16,Metz
9368,799281258,RACINE,5710,7022Z,PME,79928125800019,O,2026-07-03T13:18:28,Metz
9369,791626450,VERRISSIMA HABITAT,5710,4334Z,PME,79162645000013,O,2026-03-31T15:10:57,Metz
9370,785780107,ENTREPRISE TRAVAUX INDUSTRIELS & PUBLICS,5710,4120B,PME,78578010700070,O,2025-12-06T06:23:29,Metz
9371,786280081,THEOBALD SA,5710,4511Z,ETI,78628008100013,O,2025-12-06T05:59:28,Metz
9372,786880385,LECLERC SAS,5710,4399C,PME,78688038500095,O,2025-12-06T06:25:07,Metz
9373,390389344,AZUR MOTORS,5710,4511Z,ETI,39038934400016,O,2026-01-15T11:04:02,Metz
9374,390767531,PROPRETE ET MAINTENANCE,5710,8121Z,PME,39076753100093,O,2025-12-06T06:23:28,Metz
9375,343882015,STE FIDUCIAIRE DE GESTION D'EXPERTISE COMPTABLE ET DE COMMISSARIAT AUX COMPTES,5710,6920Z,PME,34388201500047,O,2025-12-06T07:36:44,Metz
9376,552119703,AUX NETTOYEURS ENCAUSTIQUEURS REUNIS,5558,8122Z,ETI,55211970300114,O,2025-12-06T05:25:22,Metz
9377,527562896,ASSISTANCE A LA FORMATION NUCLEAIRE,5710,8559A,PME,52756289600045,O,2025-12-08T13:01:10,Metz
9378,389379306,SOCIETE DES TRANSPORTS DUCHENE,5710,4941B,PME,38937930600019,O,2025-12-06T10:14:17,Besancon
9379,389715673,MONTRES AMBRE,5710,4648Z,PME,38971567300023,O,2025-12-06T08:59:42,Besancon
9380,389725920,SARL MICKY,5499,6831Z,PME,38972592000042,O,2025-12-06T08:19:51,Besancon
9381,403045511,BAZAUD ILLUMINATIONS,5710,2740Z,PME,40304551100033,O,2026-01-08T05:10:32,Besancon
9382,403472160,SOC EXPLOIT DES ETS ANDRE GAULARD,5499,4778B,PME,40347216000049,O,2025-12-06T06:24:41,Besancon
9383,429925944,MANUT SERVICES PALANS POTENCES ET ACCESSOIRES,5499,4669B,PME,42992594400028,O,2025-12-06T05:13:42,Orleans
9384,429933823,D.E.M.,5710,5229B,ETI,42993382300057,O,2026-01-06T13:13:21,Orleans
9385,534679790,BAREMM,5710,5320Z,PME,53467979000053,O,2025-12-06T06:40:31,Orleans
9386,534991732,DEFI-MAT JARDIN,5710,4661Z,PME,53499173200031,O,2025-12-09T08:39:27,Orleans
9387,531558518,MPB CENTRE SAS,5710,4329A,PME,53155851800019,O,2025-12-06T07:21:26,Orleans
9388,532461878,ADEQUAT 079,5710,7820Z,ETI,53246187800045,O,2025-12-06T05:15:23,Orleans
9389,535409379,RAS 180,5710,7820Z,ETI,53540937900109,O,2025-12-06T05:16:30,Orleans
9390,537757684,SC GOLD,5710,4672Z,PME,53775768400015,O,2025-12-06T05:59:14,Orleans
9391,530720903,SCOPARL MOUNTERA,5499,4764Z,PME,53072090300018,O,2026-04-01T13:15:06,Orleans
9392,530872993,MANOLO,5499,6831Z,PME,53087299300015,O,2025-12-06T06:22:17,Orleans
9393,572010999,SOC COOP PRODUCT CHARPENTIERS DE PARIS,5558,4332A,PME,57201099900033,O,2025-12-06T05:31:01,Orleans
9394,612002832,FIDUCIAIRE EXPERTISES CONSEILS,5499,6920Z,PME,61200283200097,O,2025-12-06T06:28:08,Orleans
9395,622041713,SIMONE PERELE SA,5710,1414Z,ETI,62204171300125,O,2025-12-06T05:25:30,Orleans
9396,949051023,ADV,5499,4775Z,PME,94905102300016,O,2025-12-06T06:26:01,Mulhouse
9397,814509428,SOCIETE D'EXPLOITATION DU PARC EOLIEN ALICE,5499,3511Z,PME,81450942800045,O,2025-12-06T06:25:08,Mulhouse
9398,827674375,SPORT ET LUDIQUE,5499,6820B,ETI,82767437500015,O,2025-12-06T10:44:55,Mulhouse
9399,829840685,F.A LOGISTICS,5499,4941A,PME,82984068500038,O,2025-12-09T13:12:31,Mulhouse
9400,817703671,DKM EXPERTS,5710,8129A,PME,81770367100013,O,2025-12-06T05:39:34,Mulhouse
9401,817839095,SAINT DIE DIFFUSION,5499,4719B,ETI,81783909500046,O,2025-12-06T05:15:57,Mulhouse
9402,823930854,VANDEVILLE,5710,3312Z,PME,82393085400018,O,2025-12-06T06:13:26,Mulhouse
9403,818626673,NOAL,5710,9602B,PME,81862667300011,O,2025-12-06T05:19:42,Mulhouse
9404,818829277,DESTOCK PHIL,5710,4778C,PME,81882927700081,O,2025-12-06T05:52:15,Mulhouse
9405,827452285,MUG MULTITECHNIQUE,5499,9522Z,ETI,82745228500014,O,2025-12-06T05:14:23,Mulhouse
9406,827503418,MEDIA MARKET,5710,4722Z,PME,82750341800010,O,2025-12-06T06:32:04,Mulhouse
9407,820130441,SOCIETE D'EXPLOITATION DU PARC EOLIEN BILL,5499,3511Z,PME,82013044100042,O,2025-12-06T06:30:12,Mulhouse
9408,808131163,EMU 2,5499,5510Z,PME,80813116300012,O,2025-12-06T08:08:53,Mulhouse
9409,978770105,FMR IMMO,5499,6831Z,PME,97877010500010,O,2026-04-15T11:00:32,Caen
9410,979010501,SELARL DOCTEUR CANDELIER,5485,8621Z,PME,97901050100018,O,2025-12-06T05:37:49,Caen
9411,982480378,CARDIAMETRICS,5710,5829C,PME,98248037800032,O,2025-12-06T05:39:57,Caen
9412,950369959,SOC D'EXPLOITATION MICHALCIK,5710,4332B,PME,95036995900016,O,2025-12-06T06:16:18,Caen
9413,950733238,FC2H,5499,5510Z,PME,95073323800055,O,2026-05-06T13:01:09,Caen
9414,948097951,NEOSITE,5499,7112B,PME,94809795100016,O,2025-12-06T06:11:54,Caen
9415,948654454,VETFORCE HARMONY,5710,4642Z,PME,94865445400016,O,2025-12-06T05:40:56,Caen
9416,847637337,EOLIENNES DE LA HAIE DU MOULIN,5710,3511Z,PME,84763733700019,O,2026-01-12T19:00:37,Caen
9417,500104567,SELARL CENTRE UROLOGIE DU PARC,5485,8622B,PME,50010456700010,O,2025-12-06T05:40:25,Caen
9418,326565454,BERTIN SERVICES FRANCE,5499,6619A,ETI,32656545400112,O,2025-12-06T06:16:54,Nancy
9419,979652328,CABINET INFIRMIER KARINE POTHET,5785,8690D,PME,97965232800019,O,2025-12-06T06:16:20,Poitiers
9420,979694510,ELAGUEUR & CO,5499,8130Z,PME,97969451000012,O,2025-12-06T05:40:35,Poitiers
9421,980136790,FLORE AYEAU,5710,7410Z,PME,98013679000030,O,2025-12-06T08:45:27,Poitiers
9422,980303846,BRETAGNE AMIANTE ASSISTANCE,5710,3900Z,ETI,98030384600011,O,2025-12-06T07:17:04,Poitiers
9423,980559793,SOCIETE DU DOCTEUR CECILE SWENNEN,5485,8622C,PME,98055979300016,O,2025-12-06T07:07:43,Poitiers
9424,978165553,CUMO FRANCE,5499,9602A,PME,97816555300022,O,2026-07-22T13:13:49,Poitiers
9425,981340482,VINDICIUM SECURITE,5710,8010Z,PME,98134048200026,O,2026-06-15T18:25:15,Poitiers
9426,981500986,UZUMAKI,5710,5510Z,PME,98150098600014,O,2025-12-06T06:06:43,Poitiers
9427,981595432,SOCIETE DU DOCTEUR A.Y. MOUFID,5485,8622B,PME,98159543200015,O,2025-12-06T05:19:32,Poitiers
9428,981944127,NORTHMAN RESILIENCE,5499,1413Z,PME,98194412700019,O,2025-12-06T06:16:20,Poitiers
9429,982254518,ICV-NOA,6589,6619A,PME,98225451800011,O,2025-12-06T07:30:34,Poitiers
9430,751940180,4S FINANCE,5499,4321A,PME,75194018000027,O,2025-12-06T05:38:05,Annecy
9431,738200716,LABORATOIRES PRODENE KLINT,5710,2041Z,ETI,73820071600053,O,2025-12-06T05:15:22,Annecy
9432,539193169,MODERN' CARROSSERIE,5710,4520A,PME,53919316900015,O,2025-12-06T07:42:40,Annecy
9433,532664133,FAST RIDE,5499,6810Z,PME,53266413300065,O,2025-12-06T06:37:10,Annecy
9434,533553731,LAURA,5710,4771Z,PME,53355373100019,O,2025-12-06T06:27:01,Annecy
9435,895269702,BOURGET NAUTIC,5710,7721Z,PME,89526970200034,O,2025-12-06T05:41:11,Annecy
9436,894851096,POISSON DES ALPES,5710,9601B,PME,89485109600012,O,2025-12-06T06:26:46,Annecy
9437,895094613,SYNERGETHIC,5710,4322B,PME,89509461300018,O,2026-02-18T13:13:59,Annecy
9438,898587472,BALLALOUD & ASSOCIES,5499,6910Z,PME,89858747200017,O,2026-02-12T13:14:44,Annecy
9439,901886986,JCK INVEST,5710,4771Z,PME,90188698600024,O,2025-12-06T06:19:55,Annecy
9440,902169325,FORUM INTERIM 14,5710,7820Z,PME,90216932500047,O,2025-12-06T11:15:38,Annecy
9441,809497787,KER SHADE 6,5499,3511Z,ETI,80949778700048,O,2026-07-13T09:00:31,Paris
9442,529440372,LAVOTRONIC,5710,9601B,PME,52944037200017,O,2025-12-06T05:23:29,Paris
9443,493431258,ALBIOMA SOLAIRE ANTILLES,5710,3511Z,ETI,49343125800323,O,2025-12-06T05:12:46,Paris
9444,899912778,PICNIC HUBS,5710,4941B,ETI,89991277800011,O,2026-06-03T11:05:16,Paris
9445,791458516,AMICUS DEVELOPPEMENT,5202,7112B,PME,79145851600253,O,2025-12-06T06:48:40,Paris
9446,884197021,DESTOCK DISTRIBUTION,5710,4690Z,PME,88419702100220,O,2026-05-28T13:22:45,Paris
9447,890326945,OXYANE SOLAIRE I,5710,3511Z,PME,89032694500270,O,2025-12-06T09:42:33,Lyon
9448,312468861,GODARD-CHAMBON ET MARREL,5710,1013A,PME,31246886100017,O,2026-07-06T15:00:27,Lyon
9449,339482648,ETABLISSEMENTS DUNY,5710,4719B,PME,33948264800229,O,2025-12-06T06:24:00,Lyon
9450,305333338,ESCOT TELECOM,5599,4222Z,PME,30533333800104,O,2025-12-06T05:39:39,Lyon
9451,419343637,TELECOM,5710,6120Z,PME,41934363700221,O,2025-12-06T06:19:20,Marseille
9452,512161589,CIOTAT CONDUITE,5710,8553Z,PME,51216158900100,O,2026-07-27T13:15:17,Marseille
9453,504638479,SELARL DES UROLOGUES DU PAYS D'AIX,5485,8622C,PME,50463847900064,O,2025-12-06T06:06:56,Marseille
9454,517882726,AUXILIARIS,5710,8810A,ETI,51788272600014,O,2026-06-05T14:30:48,Marseille
9455,519070924,SELARL DE MEDECINS S2M,5485,8622B,PME,51907092400021,O,2025-12-12T16:01:18,Marseille
9456,519532295,KSILCENTRE,5202,3511Z,ETI,51953229500127,O,2025-12-06T09:01:50,Marseille
9457,791401425,SOCIETE CHIRURGIENS DIGESTIFS ET ENDOCRINIENS,5485,8622C,PME,79140142500099,O,2025-12-24T17:16:32,Marseille
9458,498887983,ANIMALOGIS,5499,4776Z,PME,49888798300019,O,2025-12-06T08:52:14,Toulouse
9459,514579911,ILEO INVEST 4,5499,3511Z,PME,51457991100033,O,2025-12-06T06:22:33,Toulouse
9460,533440723,AU LAVOIR DE COMPANS,5499,9601B,PME,53344072300013,O,2026-06-11T16:32:36,Toulouse
9461,800661225,FORESTRY FRANCE,5710,7112B,PME,80066122500022,O,2026-05-12T10:00:47,Toulouse
9462,335104931,DISTRIBEM,5499,4771Z,ETI,33510493100027,O,2025-12-06T06:18:23,Lille
9463,551720592,JEAN TROGNEUX LA MAISON DES BAPTEMES,5710,4724Z,PME,55172059200015,O,2025-12-06T05:28:25,Lille
9464,493636880,DUOBELLE,5499,4771Z,PME,49363688000038,O,2025-12-06T09:58:05,Lille
9465,326256070,POIDS LOURDS ALBENASSIENS,5499,4520B,ETI,32625607000011,O,2025-12-06T06:03:36,Lille
9466,432599785,YUSEN LOGISTICS (FRANCE),5710,5229B,ETI,43259978500115,O,2025-12-06T08:20:54,Lille
9467,532362159,LOGEHOME PANTHEON,5499,6831Z,PME,53236215900016,O,2026-06-11T14:02:34,Lille
9468,833786981,PRONOIA SUD-OUEST,5710,5610C,ETI,83378698100013,O,2026-03-27T13:23:16,Bordeaux
9469,878099068,TERBERG MATEC SAS,5710,4519Z,PME,87809906800057,O,2026-05-19T13:09:01,Nantes
9470,801262346,NOVENGO 6,5710,7490B,PME,80126234600027,O,2026-06-25T11:00:44,Nantes
9471,444182687,JULES VERNE,6220,8610Z,ETI,44418268700327,O,2026-08-25T16:31:50.625,Nantes
9472,325821072,NTN EUROPE,5599,2815Z,ETI,32582107200015,O,2025-12-06T06:34:07,Nantes
9473,499654598,PLANETE LAVERIE,5710,9601B,PME,49965459800030,O,2025-12-06T06:26:45,Strasbourg
9474,517909727,PARC EOLIEN DE LA VOIE ROMAINE,5202,3511Z,PME,51790972700110,O,2025-12-06T06:18:08,Strasbourg
9475,751860941,STN,5710,8121Z,ETI,75186094100028,O,2026-02-23T13:56:31,Strasbourg
9476,726480189,TRANSPORTS BONNARD,5710,4941A,ETI,72648018900075,O,2025-12-06T05:43:21,Strasbourg
9477,538826819,103 MATERIAUX,5710,4690Z,PME,53882681900038,O,2026-07-22T18:00:29,Strasbourg
9478,532890464,VISIATIV SOLUTIONS,5710,4651Z,ETI,53289046400011,O,2026-04-08T13:32:17,Strasbourg
9479,533505905,TELEMEDECINE LYON,5710,8020Z,PME,53350590500034,O,2025-12-06T05:39:04,Strasbourg
9480,903749786,SAS BRENNUS,5710,6820B,PME,90374978600070,O,2026-03-31T13:37:39,Strasbourg
9481,790674873,BG GROUP,5710,4791B,PME,79067487300142,O,2025-12-06T06:41:09,Strasbourg
9482,332773092,FRANCE COLIS EXPRESS,5710,5320Z,ETI,33277309200041,O,2026-07-31T19:00:27,Montpellier
9483,318974847,ENDRIX LYO,5710,6920Z,ETI,31897484700119,O,2025-12-06T05:16:17,Montpellier
9484,320662398,S A D R A,5710,5221Z,PME,32066239800140,O,2025-12-06T05:23:36,Montpellier
9485,329934889,SOC ISOLATION ET DE PEINTURE,5710,4334Z,PME,32993488900034,O,2025-12-06T06:29:08,Montpellier
9486,338786254,ENTREPRISE FAURIE,5710,4221Z,ETI,33878625400031,O,2026-07-29T12:05:08,Montpellier
9487,921550182,HAIMATOS,5785,8622C,PME,92155018200015,O,2026-04-15T20:31:19,Montpellier
9488,562045161,GROUPE FIDU,5599,6920Z,PME,56204516100212,O,2025-12-06T05:37:48,Montpellier
9489,402200562,LARGIER TECHNOLOGIE,5710,4322B,PME,40220056200013,O,2025-12-06T05:14:34,Montpellier
9490,410943948,JP ENERGIE ENVIRONNEMENT,5710,6420Z,ETI,41094394800092,O,2025-12-06T05:40:33,Montpellier
9491,842621294,GAUTIER FRET SOLUTIONS,5710,4941A,ETI,84262129400011,O,2026-05-12T14:12:02,Rennes
9492,864500418,ARMORINE,5710,4671Z,ETI,86450041800040,O,2025-12-15T08:00:27,Rennes
9493,879150225,LES STORES NANTAIS,5710,1392Z,PME,87915022500024,O,2025-12-06T05:43:38,Rennes
9494,891309965,ORTHATLANTIC 35,5785,8690E,PME,89130996500012,O,2025-12-06T10:11:21,Rennes
9495,820037596,REZOLIA GRAND OUEST,5499,4399C,PME,82003759600088,O,2025-12-06T08:51:02,Rennes
9496,918453614,BARTH IMMOBILIER,5710,6831Z,PME,91845361400045,O,2026-02-26T19:01:34,Rennes
9497,907624167,ECOLE GUSTAVE,5710,8559B,PME,90762416700025,O,2025-12-10T17:01:07,Rennes
9498,908851355,TS099RENN,5710,6820B,PME,90885135500101,O,2026-07-28T16:32:13,Rennes
9499,909814386,ARAUCARIA,5202,4110A,ETI,90981438600019,O,2025-12-26T15:00:53,Rennes
9500,910871854,INTERACTION SANTE,5710,7820Z,ETI,91087185400022,O,2026-08-19T08:19:45.172,Rennes
9501,850460353,ATOUT HABITAT,5710,4322B,ETI,85046035300095,O,2026-08-05T18:07:00.514,Rennes
9502,303355671,DIFFUSION EQUIPEMENTS LOISIRS,5710,2223Z,ETI,30335567100031,O,2026-08-06T09:09:22.745,Rennes
9503,322960238,POUPIN,5710,2223Z,ETI,32296023800010,O,2026-08-06T09:09:28.181,Rennes
9504,350135984,CHOLET VULCANISATIONS SERVICES,5710,2219Z,ETI,35013598400051,O,2026-08-06T09:09:24.268,Rennes
9505,910780659,VLT1,5710,3511Z,PME,91078065900041,O,2026-08-04T11:27:54.660,Grenoble
9506,315062125,SERPOLLET SAVOIE MONT-BLANC,5710,4222Z,ETI,31506212500143,O,2025-12-06T05:20:08,Grenoble
9507,066500810,L'ENTRETIEN IMMOBILIER SA,5710,8121Z,PME,06650081000057,O,2025-12-06T07:19:42,Grenoble
9508,072503923,SOC EXPLOITATION DES ETS SILLAT,5710,1610A,PME,07250392300012,O,2025-12-06T09:42:24,Grenoble
9509,331364729,ESCOLLE BETON,5710,2363Z,ETI,33136472900011,O,2025-12-06T11:11:19,Grenoble
9510,891952962,EPB SERVICES,5710,7112B,PME,89195296200027,O,2025-12-06T11:15:38,Rouen
9511,887667822,NATURE LIFE,5499,4791A,PME,88766782200019,O,2025-12-06T06:14:06,Rouen
9512,878017722,FORMA SEINE,5710,8542Z,PME,87801772200025,O,2026-03-09T17:00:59,Rouen
9513,819874462,LOCABUS,5710,7712Z,ETI,81987446200016,O,2025-12-06T07:45:42,Rouen
9514,828423632,FLASH PALETTE,5499,4719B,PME,82842363200060,O,2025-12-06T10:54:33,Rouen
9515,662027879,SA MAISONS ALSKANOR,5599,4120A,PME,66202787900581,O,2025-12-06T11:13:49,Rouen
9516,794377960,FINANCIA BUSINESS SCHOOL,5710,8559A,PME,79437796000057,O,2025-12-06T07:14:16,Rouen
9517,919796383,ESCAPADE SAS,5710,6820B,PME,91979638300025,O,2025-12-06T07:59:42,Rouen
9518,344083019,SMEG FRANCE,5710,4643Z,PME,34408301900077,O,2026-08-20T13:10:52.964,Rouen
9519,390105864,SEDI,5710,6311Z,ETI,39010586400149,O,2026-08-14T13:00:47.395,Rouen
9520,813958188,ACTUA FENETRE SN,5710,4329A,PME,81395818800068,O,2026-08-03T09:31:53.015,Rouen
9521,889956173,APF FRANCE HANDICAP INTERIM,5710,7820Z,PME,88995617300013,O,2025-12-06T05:29:03,Rouen
9522,880939707,MAISON MOME,5710,4631Z,PME,88093970700076,O,2025-12-06T11:15:45,Rouen
9523,887867133,FCP TELECOM,5710,4742Z,PME,88786713300068,O,2025-12-06T05:43:38,Rouen
9524,300209715,SERVICE CENTRES AERO FRANCE,5710,4672Z,ETI,30020971500147,O,2025-12-06T10:56:48,Rouen
9525,056807290,PRONOVIAS FRANCE,5499,4771Z,PME,05680729000137,O,2026-05-15T18:31:42,Rouen
9526,439985748,AGENCE CONCEPTION SYSTEMES AUTOMATISES,5710,4649Z,PME,43998574800045,O,2025-12-06T05:21:26,Dijon
9527,500806633,ADHEXPHARMA,5710,2120Z,ETI,50080663300037,O,2025-12-06T05:43:45,Dijon
9528,501395917,RESERVOIR IMMO,5710,6831Z,PME,50139591700054,O,2025-12-06T06:25:51,Dijon
9529,440687713,SEVANOVA,5710,7021Z,ETI,44068771300048,O,2025-12-06T05:15:34,Dijon
9530,499872349,AMBITION TELECOM & RESEAUX,5710,7112B,PME,49987234900208,O,2026-05-12T17:27:02,Dijon
9531,979753704,DOCTEUR DAMIEN CHAMBADE,5485,8622C,PME,97975370400019,O,2025-12-06T07:12:01,Dijon
9532,980587604,LESSI,5485,8622C,PME,98058760400011,O,2025-12-06T11:15:53,Dijon
9533,847756442,TETE DE LOUP NETTOYAGE,5710,8121Z,PME,84775644200020,O,2025-12-06T06:30:20,Angers
9534,848387221,RZT DISTRIBUTION,5710,4649Z,PME,84838722100015,O,2026-03-02T13:01:34,Angers
9535,903539062,LAVERIES D'ANJOU,5499,9601B,PME,90353906200013,O,2025-12-06T06:19:39,Angers
9536,904642071,GUILLAUME SEVIN PAYSAGES,5710,7112B,PME,90464207100016,O,2025-12-06T06:01:19,Angers
9537,904775285,CTA BECON,5710,7120A,PME,90477528500011,O,2026-07-28T09:57:06,Angers
9538,798760542,FD TENTATION - LES JARDINS DU LOUET,5499,4776Z,PME,79876054200026,O,2026-06-11T16:33:28,Angers
9539,800544355,LMP TRANGOSI,5499,6820A,PME,80054435500012,O,2025-12-06T06:30:12,Angers
9540,800888091,DELLED,5710,7211Z,ETI,80088809100041,O,2025-12-06T05:39:41,Angers
9541,801330606,FLOW LINE INTEGRATION,5710,6202A,PME,80133060600014,O,2026-04-30T12:32:28,Angers
9542,794449108,DAMIEN VETAULT,5499,1071D,PME,79444910800016,O,2025-12-06T05:38:12,Angers
9543,794769448,IMPACT SERVICE,5499,4334Z,PME,79476944800034,O,2025-12-06T06:55:38,Angers
9544,792026361,B.D.C.,5499,5610C,PME,79202636100032,O,2025-12-06T10:54:11,Nimes
9545,792826133,AVEL BREIZH,5710,3511Z,PME,79282613300045,O,2025-12-06T08:47:20,Nimes
9546,790672117,MOTO STORE 34,5710,4540Z,ETI,79067211700047,O,2025-12-06T05:25:39,Nimes
9547,799673017,PRESTA ART,5710,4778C,PME,79967301700023,O,2025-12-06T06:26:53,Nimes
9548,799937974,ABH,5499,6622Z,PME,79993797400027,O,2025-12-06T05:39:56,Nimes
9549,839010444,BASTIDE GROUPE,5710,7729Z,ETI,83901044400017,O,2025-12-06T05:25:40,Nimes
9550,813274024,BERRY - ALTHOFF,5499,1102B,PME,81327402400013,O,2025-12-06T05:21:07,Nimes
9551,830549911,POLY DISTRIB,5710,4765Z,PME,83054991100022,O,2025-12-06T06:28:40,Nimes
9552,831003355,BEA AUTOMOBILES,5499,4511Z,PME,83100335500011,O,2025-12-06T06:30:12,Nimes
9553,831249248,SELARL DR DEFAUW BENOIT,5485,8622B,PME,83124924800053,O,2025-12-06T07:48:29,Nimes
9554,831676473,THUONG 88 NAILS,5499,9602B,PME,83167647300042,O,2025-12-06T05:39:49,Nimes
9555,831726740,CVE EI47,5710,3511Z,ETI,83172674000069,O,2025-12-06T06:17:52,Nimes
9556,832568497,GP CONSULTING,5710,7022Z,PME,83256849700016,O,2026-02-26T13:13:35,Nimes
9557,834701948,AMBULANCES NEMAUSUS,5710,8690A,PME,83470194800020,O,2025-12-06T08:13:45,Nimes
9558,302281084,SOCIETE DE CARAVANING ET DE PNEUMATIQUES,5499,4532Z,PME,30228108400210,O,2025-12-06T09:25:43,Clermont-Ferrand
9559,333450682,DE COUR,5499,3511Z,PME,33345068200047,O,2025-12-06T05:42:14,Clermont-Ferrand
9560,317750313,ABCHOTELS,5710,5510Z,PME,31775031300098,O,2025-12-06T05:22:03,Clermont-Ferrand
9561,318637121,CHAUMETTE-DUPLEIX BAT.,5710,4399C,PME,31863712100050,O,2025-12-06T05:43:28,Clermont-Ferrand
9562,329528244,MEDIC CENTRE EQUIPEMENT,5499,7729Z,PME,32952824400042,O,2025-12-06T07:36:59,Clermont-Ferrand
9563,330466103,ETUDES SERVICES TRAVAUX PARISIENS ET MATERIELS,5499,3311Z,PME,33046610300059,O,2025-12-06T07:07:15,Clermont-Ferrand
9564,439694068,JORIS IDE AUVERGNE,5710,2433Z,ETI,43969406800016,O,2025-12-06T05:23:46,Clermont-Ferrand
9565,440133353,AXEHOTEL CLERMONT,5710,5510Z,ETI,44013335300035,O,2025-12-06T07:02:47,Clermont-Ferrand
9566,380488890,SEXTANT ARCHITECTURE,5710,7111Z,PME,38048889000068,O,2025-12-06T05:41:02,Clermont-Ferrand
9567,500593801,VISTAR FRANCE,5499,7820Z,PME,50059380100151,O,2025-12-06T05:40:48,Clermont-Ferrand
9568,501704241,CANTAL FRET,5710,4941A,PME,50170424100071,O,2025-12-06T05:43:44,Clermont-Ferrand
9569,312814601,SERVICES VINICOLES-PE,5710,1102A,PME,31281460100042,O,2025-12-06T05:43:36,Tours
9570,320800139,TOLERIE INDUSTRIELLE,5710,4322B,ETI,32080013900075,O,2025-12-06T05:57:27,Tours
9571,832933030,PHARMEDISTORE,5710,4791A,PME,83293303000013,O,2026-01-15T13:16:23,Tours
9572,805303377,EPIONE SANTE GRAND OUEST,5710,8690F,ETI,80530337700016,O,2025-12-06T05:12:48,Tours
9573,912908340,NVD MOUSTACHE,5710,5610C,PME,91290834000058,O,2026-01-22T13:13:08,Tours
9574,494862618,CAP'ASSUR,5499,6622Z,PME,49486261800019,O,2025-12-06T10:47:58,Tours
9575,495165862,SYNCLEASE,5499,6202A,PME,49516586200022,O,2025-12-06T05:53:38,Tours
9576,952311264,KROELY DREAMS LORRAINE,5710,4511Z,ETI,95231126400016,O,2026-03-26T13:19:54,Metz
9577,902342542,ZKH DEVELOPPEMENT,5710,5610C,PME,90234254200013,O,2025-12-10T13:11:05,Metz
9578,913769675,ROOKIE OUTLET FRANCE,5710,4771Z,ETI,91376967500012,O,2025-12-06T06:25:36,Metz
9579,764800439,TRANSPORTS MICHEL,5710,4941A,ETI,76480043900078,O,2026-07-01T13:46:47,Metz
9580,776259186,CHAUSSY & GOMEZ,5710,2562B,ETI,77625918600042,O,2026-01-30T13:16:38,Metz
9581,828177386,CENTRE PRIVE DE CHIRURGIE CARDIOVASCULAIRE DU GRAND EST,5485,8622B,PME,82817738600012,O,2026-06-15T19:01:01,Metz
9582,812717270,ARTISANS DE PROXIMITE,5710,4322A,PME,81271727000233,O,2025-12-06T05:19:21,Metz
9583,813673712,S2H CONSULTING,5710,7022Z,ETI,81367371200028,O,2025-12-06T08:43:59,Metz
9584,841724693,CONNECTT GRAND EST,5710,7820Z,ETI,84172469300012,O,2025-12-06T06:13:27,Metz
9585,842024879,DOMINO SERVICES EST,5710,7820Z,ETI,84202487900012,O,2026-07-30T16:17:15,Metz
9586,839834165,PAINT CONCEPT CONSTRUCTION,5710,4334Z,PME,83983416500038,O,2025-12-06T06:40:46,Metz
9587,379675929,ASSURANCES ET CREDITS BEJANIN,5710,6622Z,PME,37967592900069,O,2026-07-08T15:32:42,Besancon
9588,513970624,SCI JULAURE,6540,6820B,PME,51397062400021,O,2025-12-06T05:21:36,Besancon
9589,504998725,CHARLOTINE,5499,4771Z,PME,50499872500031,O,2025-12-06T08:17:02,Besancon
9590,447844168,MKL HELIO,6599,6820B,PME,44784416800016,O,2025-12-06T05:21:26,Besancon
9591,450523469,AUTOMOBILES FRANC COMTOISES,5710,4511Z,ETI,45052346900028,O,2025-12-06T05:43:37,Besancon
9592,423687789,BESANCON TRAVAIL TEMPORAIRE D'INSERTION - B.T.T.I,5499,7820Z,PME,42368778900036,O,2025-12-06T11:02:15,Besancon
9593,342361193,RACLE ET COLIN ASSOCIES -SOCIETE CIVILE PROFESSIONNELLE TITULAIRE D'UN OFFICE NOTARIAL,6565,6910Z,PME,34236119300010,O,2026-01-26T13:00:28,Besancon
9594,413859794,SAS DARDONVILLE,5710,4669B,PME,41385979400013,O,2025-12-06T06:19:03,Orleans
9595,414119735,AYMING,5710,7022Z,ETI,41411973500028,O,2025-12-06T05:14:09,Orleans
9596,421192089,GT LOGISTICS.03,5710,5229B,ETI,42119208900025,O,2025-12-06T06:25:42,Orleans
9597,421558883,FINANDIS,5710,6420Z,PME,42155888300052,O,2026-05-04T16:31:05,Orleans
9598,418175873,GARAGE DE LA BUTTE SARL,5499,4520A,PME,41817587300011,O,2025-12-06T06:16:00,Orleans
9599,418775870,CAP FORMATION,5710,8559A,PME,41877587000029,O,2025-12-24T12:00:23,Orleans
9600,415025097,SARL MERIDJA,5499,5510Z,PME,41502509700056,O,2025-12-06T05:40:03,Orleans
9601,419447503,VALIFRUIT,5710,4631Z,ETI,41944750300022,O,2026-05-05T13:13:03,Orleans
9602,489321281,PLANETT CENTRE OUEST,5710,7820Z,ETI,48932128100136,O,2025-12-06T05:26:19,Orleans
9603,487678609,B.A. LOG,5499,5210B,ETI,48767860900065,O,2026-07-02T17:31:34,Orleans
9604,840988976,PARC SOLAIRE 99,5710,3511Z,PME,84098897600014,O,2025-12-06T07:50:54,Mulhouse
9605,841930597,VICTORIA 68,5499,4772B,PME,84193059700015,O,2025-12-06T07:14:32,Mulhouse
9606,841938855,LES 2 S,5499,5630Z,PME,84193885500035,O,2025-12-06T06:03:39,Mulhouse
9607,830537536,MAYAJ BOURGOGNE,5710,4673A,ETI,83053753600062,O,2025-12-06T05:16:42,Mulhouse
9608,831493143,IH INGENIERIE,5710,7112B,PME,83149314300018,O,2025-12-06T05:54:26,Mulhouse
9609,838866002,SOCIETE D'EXPLOITATION DU PARC EOLIEN GRIOTTES,5710,3511Z,PME,83886600200028,O,2025-12-06T09:37:55,Mulhouse
9610,840056865,A CIEL OUVERT ALSACE LORRAINE,5499,4332A,PME,84005686500016,O,2025-12-06T06:05:37,Mulhouse
9611,834503484,AUTO ECOLE VEGA,5499,8553Z,PME,83450348400018,O,2025-12-06T06:51:31,Mulhouse
9612,834877029,MECANIQUE DES TROIS CHATEAUX,5710,7112B,PME,83487702900019,O,2025-12-06T09:47:28,Mulhouse
9613,833802788,THUR HYDRO,5710,3511Z,PME,83380278800020,O,2026-02-25T19:01:28,Mulhouse
9614,837690189,PNEUS EXPORT,5710,4520A,PME,83769018900019,O,2026-06-22T13:11:00,Mulhouse
9615,879695161,WATERLAB,5710,3600Z,ETI,87969516100015,O,2025-12-06T06:01:19,Mulhouse
9616,911400737,DAN MOTOR BIKE,5710,4540Z,PME,91140073700019,O,2025-12-06T07:41:26,Caen
9617,775701055,FERON SAS,5710,2030Z,PME,77570105500011,O,2026-01-08T08:21:52,Caen
9618,382410074,DELTA. TECH BY INDEPELEC,5710,4322B,PME,38241007400043,O,2026-06-12T17:56:51,Caen
9619,339877243,FABRICE JURZAK FINANCES,5710,6420Z,PME,33987724300065,O,2025-12-06T05:22:22,Caen
9620,383141736,LEM ENTREPRISES,5499,6831Z,PME,38314173600025,O,2025-12-06T06:25:51,Caen
9621,344073630,SDM - AUTOMATEC,5499,4669B,PME,34407363000024,O,2025-12-06T06:27:15,Caen
9622,344327564,LEBOUCHER SAS,5710,4391A,PME,34432756400011,O,2025-12-09T08:25:22,Caen
9623,392806980,SARL NORD SIGNALISATION,5499,4211Z,PME,39280698000059,O,2025-12-06T06:25:51,Caen
9624,392951034,SARL DUMONT-BRILLAUD,5499,4671Z,PME,39295103400041,O,2025-12-06T06:41:50,Caen
9625,340991868,BORELEC,5710,3314Z,PME,34099186800035,O,2025-12-06T05:16:06,Caen
9626,341974079,ENTREPRISE VIANDES ABATTAGES,5710,1011Z,ETI,34197407900012,O,2026-01-12T15:00:26,Caen
9627,310613195,TLF SERVICES,5499,7021Z,PME,31061319500091,O,2025-12-06T05:22:12,Nancy
9628,321782781,IPH INGENIERIE,5710,7112B,PME,32178278100199,O,2025-12-06T05:21:44,Nancy
9629,305690158,V 33 SA,5599,2030Z,ETI,30569015800012,O,2025-12-06T05:15:21,Nancy
9630,332803345,SOCIETE TRAVAUX PUBLICS ET INDUSTRIELS,5710,4221Z,ETI,33280334500013,O,2025-12-06T06:48:22,Nancy
9631,431301878,ALPHA 2 F,5710,6202A,ETI,43130187800101,O,2026-06-02T16:31:41,Nancy
9632,414757633,EUROCOURSES,5710,4941A,PME,41475763300030,O,2025-12-06T05:13:56,Nancy
9633,353875891,SYSTEMES D INFORMATION DES MUTUELLES ASSOCIEES,6220,6202B,PME,35387589100056,O,2025-12-06T06:14:43,Nancy
9634,951502004,AF ST BENOIT SPORT,5710,4764Z,PME,95150200400017,O,2025-12-06T06:28:03,Poitiers
9635,951523562,SAS HCBD HOTEL,5710,5510Z,PME,95152356200035,O,2025-12-18T18:31:32,Poitiers
9636,952005957,DES FLEURS ET VOUS,5499,4619B,PME,95200595700016,O,2026-06-08T09:31:50,Poitiers
9637,949482491,L'EPI 2,5710,4724Z,PME,94948249100014,O,2025-12-06T06:40:32,Poitiers
9638,949922975,AGRIFONCIER,5499,7490B,PME,94992297500048,O,2026-01-15T16:31:28,Poitiers
9639,950984351,LV AUTOMOBILES,5499,4520A,PME,95098435100029,O,2026-01-27T10:48:00,Poitiers
9640,953734217,LAQ'PROTEC,5499,2561Z,PME,95373421700011,O,2025-12-06T06:22:52,Poitiers
9641,953742368,HERBOXANN,5499,4778C,PME,95374236800012,O,2025-12-06T05:43:53,Poitiers
9642,948082268,ALGOS,5710,6202A,PME,94808226800020,O,2026-03-06T16:31:28,Poitiers
9643,948201058,RE OCEANE,5710,5520Z,PME,94820105800013,O,2025-12-06T05:39:57,Poitiers
9644,948255484,PHEBUS ENERGIE,5710,7112B,PME,94825548400016,O,2025-12-06T09:50:50,Poitiers
9645,948373832,AYDIN CAFE,5710,5610C,PME,94837383200013,O,2025-12-06T06:26:01,Poitiers
9646,949068696,LA BAIGNOIRE INSTITUT,5499,9604Z,PME,94906869600010,O,2025-12-06T06:01:41,Poitiers
9647,847701729,SELARL DU DOCTEUR ARNAUD TANTIN,5485,8622C,PME,84770172900018,O,2025-12-06T11:02:25,Annecy
9648,902795111,RELIEF,5710,7112B,PME,90279511100019,O,2026-03-20T12:36:57,Annecy
9649,903184067,EFIKA PLOMBERIE CHAUFFAGE,5499,4322A,PME,90318406700036,O,2025-12-17T13:50:36,Annecy
9650,900049263,CABINET VALERIE PERINEL,5499,9609Z,PME,90004926300016,O,2026-01-05T12:37:25,Annecy
9651,901108985,MERMET & ASSOCIES,5710,6910Z,PME,90110898500010,O,2025-12-06T05:21:56,Annecy
9652,800829863,FM SATURNE,5710,5210B,ETI,80082986300011,O,2025-12-06T06:23:38,Annecy
9653,800961120,JCM,5710,5610C,PME,80096112000014,O,2025-12-06T08:52:37,Annecy
9654,801085531,AUDITIONLAC,5499,4774Z,PME,80108553100011,O,2025-12-06T06:18:25,Annecy
9655,796380426,AMCOR FLEXIBLES SELESTAT SAS,5710,2592Z,ETI,79638042600216,O,2025-12-06T06:41:59,Annecy
9656,878436641,PV AERODROMES 05,5710,3511Z,ETI,87843664100012,O,2025-12-06T05:51:45,Paris
9657,908239437,TIGNES STATIONNEMENT,5710,5221Z,ETI,90823943700191,O,2025-12-06T05:40:27,Paris
9658,490096591,IMERYS CERAMICS FRANCE,5710,0812Z,ETI,49009659100337,O,2026-08-26T18:31:56.607,Paris
9659,399983097,BIO-VSM LAB,5710,8690B,PME,39998309700011,O,2026-08-24T07:30:49.188,Paris
9660,399369073,GALERIES BARTOUX,5499,4778C,PME,39936907300230,O,2026-08-05T13:06:39.848,Paris
9661,441442191,HENRI ET SEBASTIEN BOUILLET,5710,1071D,PME,44144219100017,O,2025-12-06T05:26:28,Lyon
9662,329582704,LOCATION SERVICE AUTO,5710,7711A,ETI,32958270400535,O,2026-06-03T16:00:44,Lyon
9663,443033329,AC FIOLET,5499,4942Z,PME,44303332900014,O,2025-12-06T05:17:13,Lyon
9664,449054139,PF LYON-CENTRE,5499,4721Z,ETI,44905413900075,O,2025-12-06T05:43:44,Lyon
9665,519460554,ACOUSTIQUE SURDITE WERNERT,5710,4774Z,PME,51946055400149,O,2025-12-06T11:05:42,Lyon
9666,844720425,L'ID ARTEPARC 2,5710,6820B,ETI,84472042500116,O,2026-05-29T10:00:32,Marseille
9667,895295988,TENAO 55,5710,3511Z,ETI,89529598800052,O,2026-06-11T12:15:43,Marseille
9668,514579853,ILEO INVEST 3,5499,3511Z,PME,51457985300037,O,2026-08-10T13:31:27.381,Toulouse
9669,320942949,SOCIETE FONCIERE ET IMMOBILIERE COURTOIS,5499,4110A,PME,32094294900035,O,2025-12-06T11:32:08,Toulouse
9670,424726784,SARL DUCROQUET NEGOCE,5499,4621Z,PME,42472678400020,O,2025-12-06T10:04:55,Lille
9671,479142119,RESSOURCES FORMATION,5710,8559A,PME,47914211900177,O,2025-12-06T05:40:47,Lille
9672,485087027,DESTOCK FRESH CUSTOMS LOGISTICS,5710,5210B,ETI,48508702700028,O,2026-05-21T13:18:20,Lille
9673,505295410,NEPHROBOIS,5785,8622C,PME,50529541000078,O,2025-12-06T10:39:12,Lille
9674,523782795,LEE COOPER FRANCE,5710,4642Z,ETI,52378279500133,O,2026-07-27T13:25:59,Lille
9675,519441190,BOLZE & MOOGY,5710,4791B,PME,51944119000096,O,2026-06-03T11:05:14,Lille
9676,525520524,ETABLISSEMENTS SALENTEY,5710,4669A,PME,52552052400030,O,2026-07-03T17:27:32,Lille
9677,492684279,TICKET FOR THE MOON,5710,4791B,ETI,49268427900044,O,2025-12-06T06:29:02,Lille
9678,501364541,HOUR PASSION SAS,5710,4777Z,ETI,50136454100034,O,2025-12-06T05:43:45,Nantes
9679,384111431,PARTENAIRES DES VENTES ANIMEES,5499,4781Z,PME,38411143100035,O,2026-05-18T13:08:58,Nantes
9680,830355491,REVOLYS,5710,8559A,PME,83035549100010,O,2025-12-06T05:19:51,Strasbourg
9681,833207376,LA CANTINA,5710,5610A,PME,83320737600017,O,2025-12-06T05:19:51,Strasbourg
9682,838403285,FINASENS,5710,7022Z,PME,83840328500037,O,2026-07-21T13:16:25,Strasbourg
9683,841059553,ALMOND,5710,6202A,ETI,84105955300039,O,2026-02-12T13:11:59,Strasbourg
9684,884240946,MT LAVERIES,5710,9601B,PME,88424094600019,O,2025-12-06T05:52:08,Strasbourg
9685,878385640,HOLIDU HOSTS FRANCE,5710,7022Z,PME,87838564000015,O,2026-01-12T13:02:51,Strasbourg
9686,815265806,LBM CONTENTIEUX,5710,8291Z,PME,81526580600035,O,2025-12-06T05:38:20,Strasbourg
9687,638501577,BELLES MAILLES,5499,4771Z,PME,63850157700164,O,2025-12-06T05:52:30,Strasbourg
9688,917681314,SALINI IMMOBILIER,5710,7112B,ETI,91768131400147,O,2026-05-25T13:07:23,Strasbourg
9689,477966972,CERTIGO TRYAD,5710,8559A,PME,47796697200010,O,2026-08-07T12:31:36.136,Strasbourg
9690,514003524,SOVAPAR1,5710,6820B,PME,51400352400105,O,2025-12-06T10:05:11,Montpellier
9691,542066113,SERVICES PETROLIERS SCHLUMBERGER,5599,7112B,ETI,54206611300011,O,2025-12-06T05:17:23,Montpellier
9692,349554873,S.C.M.G.S.,5499,4120A,PME,34955487300027,O,2025-12-06T06:25:16,Montpellier
9693,338413768,DGEMA SELAS DE GEOMETRES EXPERTS,5785,7112A,PME,33841376800056,O,2025-12-06T08:38:24,Montpellier
9694,449993385,INAIS,5499,9602A,PME,44999338500045,O,2025-12-06T05:12:16,Montpellier
9695,535116883,LA BONNE ETOILE DES SIX,5710,4724Z,PME,53511688300013,O,2026-04-08T13:10:37,Montpellier
9696,414083923,ESPACE BOUTIQUE,5499,4771Z,PME,41408392300014,O,2025-12-06T09:19:29,Montpellier
9697,421529751,CABINET PUJOL- CREDIT UNIQUE,5710,6619B,PME,42152975100180,O,2025-12-06T06:22:33,Montpellier
9698,481393684,SALERY CEVENNES ET PIEMONT IMMOBILIER,5710,6831Z,PME,48139368400016,O,2026-07-23T11:16:52,Montpellier
9699,883983280,BRETI SUN ISDND,5710,3511Z,PME,88398328000016,O,2025-12-06T05:38:05,Rennes
9700,893531285,XENIA,5710,5510Z,PME,89353128500011,O,2025-12-06T07:17:03,Rennes
9701,891015877,INTERACTION RHONE ALPES,5710,7820Z,ETI,89101587700055,O,2025-12-06T05:25:32,Rennes
9702,304691207,KAFETA,5710,1083Z,ETI,30469120700126,O,2026-07-23T13:11:07,Rennes
9703,311666960,MIROITERIE DU MONT SAINT-MICHEL,5710,4332B,PME,31166696000118,O,2025-12-06T07:19:42,Rennes
9704,311820583,STE NANTAISE FOURNITURES INDUSTRIELLES,5499,4669B,PME,31182058300079,O,2026-02-20T15:31:34,Rennes
9705,309444701,DIFFUSION AUTOMOBILE DES GRANDES ALPES,5710,4511Z,ETI,30944470100010,O,2025-12-06T05:43:43,Grenoble
9706,318606456,LA FORET NOIRE,5710,1071D,PME,31860645600016,O,2026-03-24T16:44:06,Grenoble
9707,329326896,QUESTEL,5710,6311Z,ETI,32932689600134,O,2026-03-02T13:16:01,Grenoble
9708,380766105,JOYE,5599,6920Z,PME,38076610500023,O,2025-12-06T05:19:30,Grenoble
9709,401222286,AEM SOFTS,5710,6202A,PME,40122228600031,O,2026-07-15T20:31:00,Grenoble
9710,440074037,CULTURAL EXPERIENCES ABROAD FRANCE,5499,7912Z,PME,44007403700035,O,2026-07-20T09:00:34,Grenoble
9711,500713136,TOUSCHUSS,5499,7721Z,PME,50071313600017,O,2026-06-01T13:11:13,Grenoble
9712,832932792,C2IP,5499,6831Z,PME,83293279200019,O,2025-12-06T05:52:15,Rouen
9713,477553119,ESPACE DE LOCATION E.D.L.,5710,7711A,PME,47755311900066,O,2026-03-02T11:01:18,Rouen
9714,487903320,ABYLSEN SIGMA,5710,7830Z,ETI,48790332000116,O,2025-12-06T05:43:29,Rouen
9715,488436007,FLEURDEPOT,5499,4776Z,PME,48843600700014,O,2025-12-06T06:41:25,Rouen
9716,451347421,FONCIA PROPERTY MANAGEMENT,5710,6831Z,PME,45134742100070,O,2025-12-06T06:30:19,Rouen
9717,484936679,AXIO,5499,4941A,ETI,48493667900030,O,2026-01-07T11:00:00,Rouen
9718,504957184,RH CONCEPT,5499,7820Z,PME,50495718400063,O,2025-12-06T07:27:39,Rouen
9719,491823142,VIVAT,5499,8810A,PME,49182314200014,O,2026-01-12T13:15:27,Rouen
9720,482109774,ALLURE SAINT HONORE,5599,4642Z,PME,48210977400018,O,2025-12-06T05:22:04,Rouen
9721,981615958,HM8,5710,4520A,PME,98161595800015,O,2025-12-12T13:08:55,Dijon
9722,950988840,BRUMY,5710,4771Z,PME,95098884000019,O,2026-01-05T15:00:47,Dijon
9723,953448735,LUCKY HAPPY,5710,5610C,PME,95344873500019,O,2026-05-18T13:11:18,Dijon
9724,965501158,BERLIOZ INDUSTRIE,5710,7112B,PME,96550115800053,O,2025-12-06T11:15:37,Dijon
9725,976120279,ALLIER VOLAILLES MAISON DAVID ET PEROT,5710,1012Z,ETI,97612027900014,O,2026-06-04T10:00:28,Dijon
9726,880493986,NT.GA 2,5710,1071C,PME,88049398600017,O,2025-12-06T05:20:01,Dijon
9727,500432000,LMP ROUMIER,5499,6820A,PME,50043200000015,O,2025-12-06T06:18:16,Dijon
9728,381114388,JCL MOTORS,5710,4511Z,ETI,38111438800121,O,2025-12-25T13:10:13,Dijon
9729,792539512,NEDELEC & NAUDIN,5485,6910Z,PME,79253951200022,O,2025-12-06T06:58:34,Angers
9730,791092141,NOTAIRES NORD ANJOU,5485,6910Z,PME,79109214100013,O,2026-06-15T13:01:58,Angers
9731,798986105,SACANGE,5499,4772B,PME,79898610500012,O,2025-12-06T06:22:17,Angers
9732,799365176,SAS AGRICONOMIE,5710,6312Z,ETI,79936517600053,O,2026-04-29T14:45:09,Angers
9733,813369196,DOM SENIORS,5710,8810B,ETI,81336919600015,O,2025-12-06T06:31:15,Angers
9734,829389915,LBE,5499,5610A,PME,82938991500044,O,2025-12-06T05:39:49,Angers
9735,829606722,ATLAS MEDICAL,5499,7729Z,ETI,82960672200025,O,2026-01-08T05:13:45,Angers
9736,830727061,LC ANGERS,5710,9313Z,PME,83072706100012,O,2026-07-08T13:15:43,Angers
9737,830955068,ANGERS LOIRE TOURISME EXPO CONGRES,5599,8230Z,PME,83095506800044,O,2025-12-06T05:25:14,Angers
9738,832334692,GS ANGERS,5710,7820Z,ETI,83233469200031,O,2025-12-06T05:43:38,Angers
9739,833141344,AZ SERVICES,5710,8121Z,PME,83314134400022,O,2025-12-06T06:09:38,Nimes
9740,833416621,JORDI,5710,4781Z,PME,83341662100047,O,2025-12-06T07:55:23,Nimes
9741,752989939,C.O.A,5499,4321A,PME,75298993900059,O,2025-12-06T08:21:03,Nimes
9742,852249978,UPSCALE,5499,9329Z,PME,85224997800010,O,2025-12-06T08:55:15,Nimes
9743,852620244,AMBULANCES DE LA VAUNAGE,5499,8690A,PME,85262024400032,O,2026-02-26T19:56:40,Nimes
9744,853528586,SEE LLARI,5710,4322A,PME,85352858600011,O,2025-12-06T05:16:20,Nimes
9745,843117680,ROSSO CORSA,5499,4511Z,ETI,84311768000028,O,2026-02-26T15:00:24,Nimes
9746,843917279,PALETTES SERVICES,5499,4673A,PME,84391727900021,O,2025-12-06T11:15:30,Nimes
9747,844220376,EOLIENNES DE LA VIALETTE,5710,3511Z,ETI,84422037600041,O,2026-03-09T13:56:51,Nimes
9748,441602851,SARL SIOULE LOISIRS,5499,9329Z,PME,44160285100012,O,2025-12-06T06:27:39,Clermont-Ferrand
9749,921822813,DOCTEUR MABRU CARDIOLOGUE,5485,8622C,PME,92182281300017,O,2025-12-06T05:41:54,Clermont-Ferrand
9750,922450341,IMMO CEBEILLAC AUVERGNE,5710,6831Z,PME,92245034100024,O,2026-01-22T15:02:01,Clermont-Ferrand
9751,981010838,DOCTEUR GUILLAUME MATHIVON,5485,8622C,PME,98101083800010,O,2025-12-06T05:40:42,Clermont-Ferrand
9752,498753367,SOCIETE EUROPEENNE D'INGENIERIE ET DE DEVELOPPEMENT DES ENERGIES RENOUVELABLES,5499,7112B,PME,49875336700057,O,2026-04-20T13:10:29,Tours
9753,451242515,INSECO,5710,6202A,PME,45124251500117,O,2026-04-14T14:32:21,Tours
9754,489243881,FAIVELEY TRANSPORT TOURS,5710,3020Z,ETI,48924388100013,O,2025-12-06T06:32:28,Tours
9755,492378542,ARCHAMBAULT TRAVEL,5499,7912Z,PME,49237854200046,O,2025-12-06T05:23:46,Tours
9756,413967159,PARAGON ID,5710,2612Z,ETI,41396715900091,O,2025-12-06T05:16:40,Tours
9757,501445043,TERRES DE FRANCE,5710,5520Z,PME,50144504300059,O,2026-06-03T11:05:14,Tours
9758,398160762,SCP FONTAINE,6561,6910Z,PME,39816076200082,O,2025-12-06T06:13:17,Tours
9759,408297786,BELBEOC'H,5710,8130Z,PME,40829778600050,O,2025-12-06T05:57:20,Tours
9760,403338015,D.C. EXPANSION,5710,6420Z,ETI,40333801500049,O,2025-12-06T07:23:25,Tours
9761,339069833,SOCIETE NOUVELLE AUX PROFESSIONNELS REUNIS DE TOURS,5499,4942Z,ETI,33906983300079,O,2026-01-29T17:00:22,Tours
9762,834394140,SARREGUEBOX,5499,6820B,PME,83439414000018,O,2025-12-06T06:00:27,Metz
9763,834932030,JSV 2,5710,4724Z,PME,83493203000010,O,2026-02-12T11:01:01,Metz
9764,781597737,SOGECOTEL,5599,1052Z,PME,78159773700050,O,2025-12-06T05:41:24,Metz
9765,879945582,THIRIET LG,5710,4639A,ETI,87994558200010,O,2025-12-06T07:22:41,Metz
9766,850256363,ANA INGENIERIE,5710,7112B,PME,85025636300118,O,2025-12-06T06:28:17,Metz
9767,850480781,IMAGERIE MEDICALE PORTES DE FRANCE,5785,8622A,PME,85048078100036,O,2025-12-06T08:29:53,Metz
9768,878781384,LDS,5710,4120A,PME,87878138400010,O,2025-12-06T05:21:37,Metz
9769,853048445,PB ACCOMPAGNEMENT,5710,8810A,PME,85304844500011,O,2025-12-06T11:15:45,Metz
9770,907845390,THE BRAAI,5710,4771Z,PME,90784539000026,O,2025-12-06T10:56:06,Metz
9771,908125255,TMSS FRANCE,5710,2640Z,ETI,90812525500053,O,2025-12-06T05:58:00,Metz
9772,908414519,IMAGERIE CARNOT,5485,8622A,PME,90841451900011,O,2025-12-06T07:59:28,Metz
9773,898774799,AU DELA DES MONDES,5499,4761Z,PME,89877479900016,O,2025-12-06T05:41:26,Metz
9774,542025838,ARDEA,5710,4675Z,ETI,54202583800401,O,2026-06-17T12:30:53,Besancon
9775,542820022,JAVEL BARBIZIER,5710,4644Z,PME,54282002200029,O,2026-03-30T13:00:55,Besancon
9776,489725085,SARL COLNEY DIDIER,5499,1071C,PME,48972508500034,O,2025-12-06T06:01:47,Besancon
9777,492364393,FRANCHE COMTE PAYSAGE,5499,8130Z,PME,49236439300024,O,2025-12-06T06:00:34,Besancon
9778,493619357,FRANCK ET MARTINE,5499,4723Z,PME,49361935700012,O,2026-01-14T13:10:11,Besancon
9779,793818410,EDENCIA,5499,6499Z,PME,79381841000052,O,2025-12-06T06:25:43,Besancon
9780,793887977,SALON HD,5499,9602A,PME,79388797700031,O,2025-12-06T05:12:32,Besancon
9781,793909680,GRIFFE AUTOMOBILES,5499,4520A,PME,79390968000019,O,2025-12-06T10:56:56,Besancon
9782,349565986,BOURBON AUTOMOTIVE PLASTICS CHALEZEULE PAR ABREVIATION BOURBON AP CHALEZEULE,5710,2932Z,ETI,34956598600016,O,2026-06-24T13:23:25,Besancon
9783,349802470,L.B. AUTOMOBILES,5599,4511Z,PME,34980247000014,O,2025-12-06T05:21:15,Besancon
9784,480058882,PARTNAIRE 4,5710,7820Z,ETI,48005888200063,O,2025-12-06T05:43:51,Orleans
9785,408309276,TROUILLET PARTENAIRES,5499,6612Z,ETI,40830927600058,O,2025-12-06T06:04:51,Orleans
9786,809786098,BURBAN STOCKAGE,5499,5210B,ETI,80978609800016,O,2025-12-06T08:43:52,Orleans
9787,804546760,TERRALOIRE,5710,4110A,PME,80454676000013,O,2025-12-06T05:14:59,Orleans
9788,810327866,G.M.J,5499,4771Z,PME,81032786600051,O,2026-03-30T12:00:55,Orleans
9789,803160159,DISTRI FERMETURES,5499,4674A,PME,80316015900023,O,2026-07-27T13:19:00,Orleans
9790,803173038,ARCHIS,5499,5510Z,PME,80317303800032,O,2025-12-06T05:19:41,Orleans
9791,803521830,1090 ARCHITECTES,5499,7111Z,PME,80352183000015,O,2025-12-06T06:52:11,Orleans
9792,803926997,STYL'VAP,5710,4778C,PME,80392699700054,O,2025-12-06T07:50:54,Orleans
9793,391639846,ABEILLES AMBULANCES PITHIVIERS,5499,8690A,PME,39163984600057,O,2025-12-06T07:50:38,Orleans
9794,511381402,SARL FLEURI,5499,4776Z,PME,51138140200011,O,2025-12-06T06:29:24,Orleans
9795,505331348,S2G FERMETURES,5710,4752A,PME,50533134800043,O,2026-03-13T17:31:37,Orleans
9796,498725621,S.C.I DE LA SAULAIE,6540,6820B,PME,49872562100052,O,2025-12-06T05:19:41,Orleans
9797,499024537,GIRPAV 45,5710,2361Z,ETI,49902453700049,O,2026-01-06T10:30:32,Orleans
9798,499202984,PARTNAIRE ROUEN RIVE GAUCHE,5710,7820Z,ETI,49920298400070,O,2025-12-06T05:25:14,Orleans
9799,852297761,"LECLERC DISTRIBUTION FF, EN ABREGE LD FF",5710,4759A,ETI,85229776100011,O,2025-12-06T05:58:52,Mulhouse
9800,849872999,NEF CONCEPT,5710,4329A,PME,84987299900032,O,2025-12-06T05:59:51,Mulhouse
9801,847777943,GOOD VIBES,5710,4729Z,PME,84777794300014,O,2025-12-06T06:26:00,Mulhouse
9802,878257765,SERVICES FUNERAIRES D'ALSACE,5710,9603Z,PME,87825776500015,O,2025-12-06T06:08:26,Mulhouse
9803,853173110,ELPI EST,5710,7729Z,PME,85317311000034,O,2025-12-06T05:15:24,Mulhouse
9804,908313059,LASEROTHERAPIE 68,5710,8690F,PME,90831305900051,O,2025-12-06T06:34:33,Mulhouse
9805,899076285,ORBEAN,5499,6820A,PME,89907628500019,O,2026-04-29T12:00:34,Mulhouse
9806,904490570,FOUETTEES D'ENVIES,5499,1071D,PME,90449057000010,O,2026-04-01T13:16:04,Mulhouse
9807,342238037,SARL LA VENOISE,5499,9329Z,PME,34223803700010,O,2025-12-06T06:16:00,Caen
9808,394077010,S.I.L.,5710,4531Z,PME,39407701000012,O,2026-07-01T13:46:46,Caen
9809,387496615,SOFTWAY MEDICAL DEVELOPPEMENT,5599,5829C,ETI,38749661500080,O,2025-12-06T11:11:19,Caen
9810,387934177,ETABLISSEMENTS DESORMEAUX,5710,4321A,PME,38793417700016,O,2025-12-06T08:46:50,Caen
9811,384139689,GEODIS,5785,7112A,PME,38413968900028,O,2025-12-06T05:21:05,Caen
9812,385120985,BILLET GIRAUD PERES ET FILS,5710,6832A,PME,38512098500036,O,2025-12-06T05:40:10,Caen
9813,399150903,CHAUFFAGE ENTRET PLOMB ORGANIS SERVICES,5499,4322A,PME,39915090300017,O,2025-12-06T05:40:54,Caen
9814,408601417,SELARL DUCREUX DIDIER,5485,6910Z,PME,40860141700079,O,2025-12-06T05:19:30,Caen
9815,401518600,AUDITEURS&COMPTABLES ASSOCIES (A.C.A),5710,6920Z,PME,40151860000127,O,2025-12-06T06:02:24,Caen
9816,402481667,ATHISIENNE MECANIQUE MOULE ET OUTILLAGE,5499,2573B,ETI,40248166700010,O,2025-12-06T05:17:53,Caen
9817,400731055,SARL MENUILAND,5499,4332A,PME,40073105500036,O,2025-12-06T05:16:18,Caen
9818,400752424,ALLIANCE-COM,5599,4618Z,ETI,40075242400053,O,2025-12-06T05:54:48,Caen
9819,352840862,COMPAGNIE EUROPEENNE DES BAINS,5710,7022Z,ETI,35284086200044,O,2025-12-06T05:25:38,Nancy
9820,379738628,ECHO LUX SA,5599,2363Z,PME,37973862800013,O,2025-12-06T07:00:18,Nancy
9821,393253588,SOC DE RECYCLAGE DES BETONS,5710,3832Z,PME,39325358800031,O,2026-01-30T13:16:44,Nancy
9822,850320060,BEAULIEU.REST,5710,5610A,PME,85032006000039,O,2025-12-06T07:14:02,Poitiers
9823,881879571,SAS MOD CLUB,5710,5630Z,PME,88187957100019,O,2025-12-06T06:09:22,Poitiers
9824,797564770,SARL BOULANGERIE MIGNET,5499,1071C,PME,79756477000023,O,2025-12-06T05:40:18,Poitiers
9825,801618414,NAOS HOTEL PARIS LA VILLETTE,5710,5510Z,ETI,80161841400024,O,2025-12-06T06:08:33,Poitiers
9826,848988085,ATELIER 58,5499,1071C,PME,84898808500017,O,2025-12-06T05:55:43,Poitiers
9827,500444732,TEAM SERVICE 92,5499,4730Z,PME,50044473200076,O,2025-12-06T06:57:32,Poitiers
9828,500522669,SOCIETE CIVILE VILLARD PINSON IMMOBILIER,6540,6820B,PME,50052266900034,O,2025-12-06T06:12:00,Poitiers
9829,786509919,GINISTY,5710,4673A,PME,78650991900142,O,2025-12-06T08:03:41,Annecy
9830,791774631,SARL MG,5499,4771Z,PME,79177463100034,O,2025-12-06T06:15:09,Annecy
9831,792013724,FOSELEV RHONE ALPES,5710,7732Z,ETI,79201372400010,O,2025-12-06T05:17:24,Annecy
9832,791232580,FIDERIM MORNANT - FRANCHEVILLE,5499,7820Z,ETI,79123258000054,O,2025-12-06T07:32:51,Annecy
9833,799451877,TECHNOLOGIES & HABITATS,5710,1623Z,PME,79945187700051,O,2025-12-06T05:17:03,Annecy
9834,799609904,HOTEL INVEST AMIENS,5710,5510Z,ETI,79960990400047,O,2025-12-06T05:25:39,Annecy
9835,799836820,ALP'VRD INGENIERIE,5499,7112B,PME,79983682000057,O,2025-12-06T07:02:17,Annecy
9836,839355070,JOY,5499,4771Z,PME,83935507000013,O,2025-12-06T05:52:15,Annecy
9837,813923992,GARAGE DECARRE V.I.,5710,4519Z,PME,81392399200016,O,2025-12-06T10:53:49,Annecy
9838,829214121,ANNECY RENOVATION,5710,4391B,PME,82921412100040,O,2025-12-06T08:13:45,Annecy
9839,831740485,SOVITRAT 33,5710,7820Z,ETI,83174048500014,O,2025-12-06T05:42:53,Annecy
9840,910688225,GN FRANCE 2022,5710,5610C,PME,91068822500069,O,2026-07-23T13:15:11,Paris
9841,401558689,MS SCIENCES,5499,8542Z,ETI,40155868900022,O,2025-12-06T07:02:15,Paris
9842,338471360,LA SCALA,5785,8690B,PME,33847136000036,O,2026-07-22T20:30:22,Paris
9843,328045711,BATT & ASSOCIES,5710,6920Z,ETI,32804571100061,O,2026-07-13T08:26:09,Paris
9844,803884006,BABY MONTESSORI,5710,8891A,PME,80388400600021,O,2026-06-09T13:06:48,Lyon
9845,848496659,CARDIOPARC,5785,8622C,PME,84849665900089,O,2025-12-06T06:10:33,Lyon
9846,899284756,SPV-TI.06.21,5710,3511Z,ETI,89928475600017,O,2025-12-06T07:07:26,Lyon
9847,852408483,BME-RS,5710,3511Z,ETI,85240848300018,O,2026-06-04T12:30:54,Marseille
9848,499220697,COTE JARDIN,5499,5610A,PME,49922069700019,O,2025-12-06T08:21:02,Marseille
9849,503782260,STUDILODGE,5710,5520Z,PME,50378226000106,O,2025-12-06T06:00:34,Marseille
9850,442949533,EVELYNE TOULOUSE,5202,7312Z,ETI,44294953300016,O,2025-12-06T07:22:33,Toulouse
9851,415395896,SEREB MIDI PYRENEES,5710,7112B,ETI,41539589600145,O,2026-06-04T13:09:44,Toulouse
9852,332641463,GROUPE IGS - CIEFA,5599,8559A,PME,33264146300028,O,2026-04-24T16:46:51,Toulouse
9853,894384619,JMTS,5710,4729Z,PME,89438461900017,O,2026-06-26T13:07:02,Lille
9854,900745647,BALZAC PARIS RETAIL,5710,4771Z,PME,90074564700074,O,2026-03-04T13:09:57,Lille
9855,851929281,AFD5,5710,3511Z,ETI,85192928100224,O,2025-12-06T06:22:35,Lille
9856,879449577,SYMBIOSE,5710,1413Z,PME,87944957700011,O,2025-12-06T09:12:13,Lille
9857,893735027,MARKETPLACE IMMOBILIER,5710,6831Z,PME,89373502700011,O,2026-07-22T12:00:48,Lille
9858,878831833,PPG INDIANA,5710,5510Z,PME,87883183300115,O,2025-12-06T07:57:53,Lille
9859,814541892,CD CONSEILS ET FORMATIONS,5710,8559A,PME,81454189200018,O,2025-12-06T05:41:18,Lille
9860,778148312,TEMPLEUVE DISTRIBUTION,5710,4711F,ETI,77814831200078,O,2026-07-10T12:33:11,Lille
9861,814256533,TOO CORNER,5710,4772A,ETI,81425653300013,O,2026-08-06T20:30:49.458,Lille
9862,884789801,BOUILLON SERVICE,5710,5610C,PME,88478980100047,O,2025-12-06T08:17:31,Bordeaux
9863,339534000,SOCIETE MELTEX,5710,4642Z,PME,33953400000015,O,2025-12-06T10:04:17,Bordeaux
9864,327017802,SOCIETE RUDY'S,5499,4642Z,PME,32701780200056,O,2026-05-26T18:32:05,Bordeaux
9865,438788994,IMAGERIE MEDICALE PESSAC BX CENTRE,5485,8622A,PME,43878899400012,O,2025-12-06T07:28:08,Bordeaux
9866,389498239,DOGAN VOYAGES,5499,7911Z,PME,38949823900018,O,2026-02-23T13:08:30,Nantes
9867,556150175,PIGEON TP LOIRE ANJOU,5710,4211Z,ETI,55615017500017,O,2026-06-03T11:05:14,Nantes
9868,323377739,HENNER,5710,6622Z,ETI,32337773900301,O,2026-06-17T17:31:39,Nantes
9869,450477302,OPTIMUM VISIO,5485,8622C,PME,45047730200126,O,2025-12-25T13:13:29,Nantes
9870,444845218,ETABLISSEMENTS POHU,5499,4671Z,PME,44484521800031,O,2026-07-01T13:46:47,Nantes
9871,431629245,3 A MATH,5499,8559B,PME,43162924500108,O,2025-12-06T05:37:55,Nantes
9872,880627922,EG PETITS BOIS,5710,3511Z,ETI,88062792200060,O,2026-05-07T12:30:59,Strasbourg
9873,316137124,FRANCE FOOD,5710,4631Z,ETI,31613712400046,O,2026-06-10T16:00:48,Strasbourg
9874,317662377,FORGIARINI,5710,4673A,PME,31766237700017,O,2026-06-03T13:57:04,Strasbourg
9875,317734309,FB ESPACE CASHER,5499,4711C,PME,31773430900113,O,2026-06-18T14:30:41,Strasbourg
9876,821628732,REUNI RHUMS,5710,1101Z,PME,82162873200033,O,2025-12-06T05:39:19,Strasbourg
9877,677280885,BOCK,5499,8690A,PME,67728088500018,O,2026-04-29T09:00:36,Strasbourg
9878,821375904,UNIVR,5499,9329Z,PME,82137590400041,O,2025-12-12T13:12:59,Strasbourg
9879,477896419,AUSTRAL INGENIERIE ET ENVIRONNEMENT,5710,7112B,PME,47789641900025,O,2025-12-06T06:41:50,Strasbourg
9880,483215471,CINA - CENTRES D'IMAGERIE NORD ALSACE,5785,8622A,PME,48321547100010,O,2025-12-06T05:21:55,Strasbourg
9881,483609095,LIBELLULE ORANGE,5710,1413Z,PME,48360909500045,O,2025-12-06T11:12:44,Strasbourg
9882,807909924,NZ RUGBY VINTAGE,5499,4771Z,PME,80790992400142,O,2025-12-06T06:27:01,Montpellier
9883,808070742,GROUPEMENT INTERACTIF DES METIERS DE NETTOYAGE ET DE SERVICES REGION,5710,8121Z,ETI,80807074200040,O,2026-01-14T10:01:50,Montpellier
9884,509580908,LUMERIS,5710,3511Z,ETI,50958090800093,O,2025-12-06T06:50:36,Montpellier
9885,491651261,BBASS,5485,7112A,PME,49165126100068,O,2025-12-06T06:13:40,Montpellier
9886,524448461,QUADRELIO,5710,3511Z,PME,52444846100086,O,2025-12-06T07:10:19,Montpellier
9887,493102545,CAP SERVICES,5499,8810A,PME,49310254500040,O,2026-07-24T13:10:22,Montpellier
9888,539321240,GALZIN SUD,5499,1071C,PME,53932124000019,O,2025-12-06T05:26:20,Montpellier
9889,450873641,MSE LE MONT DE PONCHE,5710,3511Z,ETI,45087364100093,O,2026-07-20T11:32:07,Montpellier
9890,896750262,SOC LOCATION MATERIEL REGION ADOUR,5710,7739Z,ETI,89675026200249,O,2025-12-06T06:03:15,Montpellier
9891,800608309,CORRECTION AUDITIVE CEVENNES,5499,4774Z,PME,80060830900038,O,2025-12-06T10:47:36,Montpellier
9892,852227602,FRANCE SOLAIRE,5710,3511Z,PME,85222760200012,O,2025-12-06T11:13:07,Montpellier
9893,500086327,SUNERGOS,5710,3511Z,ETI,50008632700102,O,2025-12-06T06:18:40,Rennes
9894,497531350,SVM SOCIETE DE VOYAGES MALOUINS,5710,7911Z,PME,49753135000013,O,2025-12-06T05:25:39,Rennes
9895,450955422,AUTO STYLE,5710,4511Z,ETI,45095542200040,O,2025-12-06T06:19:12,Rennes
9896,483273702,BERNIER FRERES,5710,3299Z,ETI,48327370200017,O,2025-12-06T05:43:37,Rennes
9897,483348132,SOFTICA,5710,4329B,PME,48334813200026,O,2026-07-13T13:11:49,Rennes
9898,502958598,CREATIVE INGENIERIE,5710,6202A,ETI,50295859800075,O,2025-12-06T08:47:20,Rennes
9899,480103654,L'EQUIPE RH,5710,7820Z,PME,48010365400012,O,2025-12-06T05:41:24,Rennes
9900,508067899,CENTRE D'EXPLORATIONS ISOTOPIQUES,5785,8622C,PME,50806789900056,O,2026-06-19T13:09:24,Rennes
9901,475780730,TEINTURERIE BLANCHISSERIE DUHAMEL,5599,4751Z,PME,47578073000010,O,2025-12-06T06:27:08,Rennes
9902,501117949,EXELCIA,5710,6202A,PME,50111794900088,O,2026-04-21T10:30:42,Rennes
9903,338134737,PIONEER GENETIQUE,5710,7219Z,ETI,33813473700034,O,2026-07-15T13:32:05,Rennes
9904,313296550,CCPA FRANCE,5710,4621Z,ETI,31329655000038,O,2025-12-06T05:16:39,Rennes
9905,440408888,THERMI FLUIDES,5499,7112B,PME,44040888800061,O,2025-12-06T05:41:24,Grenoble
9906,981640550,DISTRI73,5710,4711C,PME,98164055000019,O,2025-12-06T06:28:56,Grenoble
9907,955505797,PETAVIT,5710,4221Z,ETI,95550579700246,O,2026-05-15T15:00:32,Grenoble
9908,775596422,SARL ATRE DECORATION,5710,4759B,PME,77559642200011,O,2025-12-06T07:10:26,Grenoble
9909,476950027,CALVADOS CHRISTIAN DROUIN SAS,5710,1101Z,PME,47695002700039,O,2025-12-06T06:55:37,Rouen
9910,379617822,ALTITUDE,5710,7010Z,ETI,37961782200125,O,2025-12-06T05:14:57,Rouen
9911,423874460,AUTO BILAN 27,5710,6820B,PME,42387446000037,O,2025-12-06T05:14:21,Rouen
9912,512770884,VE2A - VILLES ET ARCHITECTURES EN ATELIERS,5710,7112B,PME,51277088400033,O,2025-12-06T05:39:04,Rouen
9913,331441741,DMF,5710,4321A,ETI,33144174100047,O,2025-12-06T05:25:12,Rouen
9914,315228726,ZIEGLER SERVICES,5710,7712Z,ETI,31522872600081,O,2026-06-04T13:22:44,Rouen
9915,332662501,DESERT SAS,5710,4531Z,ETI,33266250100110,O,2025-12-06T05:16:28,Rouen
9916,333511848,MACOR,5710,3315Z,PME,33351184800058,O,2025-12-06T06:29:15,Rouen
9917,440317717,HYDRO GEOTECHNIQUE NORD,5499,7112B,ETI,44031771700088,O,2026-06-30T13:17:49,Rouen
9918,424097525,AGORA VITA,5710,6203Z,PME,42409752500044,O,2026-01-22T18:06:46,Rouen
9919,410300768,GIBE,5710,4772A,PME,41030076800018,O,2025-12-19T10:01:20,Rouen
9920,412140907,ASSA ABLOY FRANCE SAS,5710,2572Z,ETI,41214090700095,O,2026-06-24T19:00:27,Rouen
9921,340311158,TRANSTECHNIK,5710,4652Z,PME,34031115800034,O,2025-12-06T11:32:08,Dijon
9922,378315691,COLVEMAT BOURGOGNE,5499,4669B,ETI,37831569100048,O,2025-12-06T05:26:10,Dijon
9923,379316441,SOC EXPLOITATION OPTIQUE 4 AS SAS,5710,4778A,PME,37931644100060,O,2025-12-06T10:47:27,Dijon
9924,344344908,DE DIETRICH,5710,2829B,ETI,34434490800092,O,2025-12-06T05:17:42,Dijon
9925,392324281,GROUPE KREMER,5499,2822Z,PME,39232428100014,O,2025-12-06T05:15:33,Dijon
9926,393060264,E.M.A.,5710,7021Z,PME,39306026400073,O,2025-12-06T05:38:41,Dijon
9927,393204342,KLIMA RODACLIM,5710,4669B,PME,39320434200041,O,2025-12-06T06:20:01,Dijon
9928,341545457,BUREAU D'ARCHITECTURE ET D'URBANISME,5499,7111Z,PME,34154545700010,O,2025-12-06T05:39:40,Dijon
9929,394738413,TRAPET PERE ET FILS,5499,4634Z,PME,39473841300019,O,2025-12-06T05:38:56,Dijon
9930,387977770,AU PAIN D'AUJOURD'HUI,5499,6820B,ETI,38797777000040,O,2025-12-06T05:21:35,Dijon
9931,384322020,ETUDES TRAVAUX SPECIAUX,5710,4399D,ETI,38432202000031,O,2025-12-06T05:14:08,Dijon
9932,384596086,PREMIUM AUTOMOBILES,5710,4511Z,ETI,38459608600049,O,2025-12-06T05:26:37,Dijon
9933,832379028,HALL'TAGLIO,5499,5610C,PME,83237902800059,O,2025-12-06T06:30:20,Angers
9934,832638704,DE SANCY PATRIMOINE,5499,7022Z,PME,83263870400037,O,2025-12-06T06:04:52,Angers
9935,834033367,CABINET ALLARD & FORGIN,6589,8219Z,PME,83403336700022,O,2026-03-10T15:23:41,Angers
9936,834355612,CREATIVE STRUCTURES,5499,7010Z,PME,83435561200070,O,2025-12-06T06:06:27,Angers
9937,832864896,BRAM 770,5710,4771Z,PME,83286489600044,O,2025-12-06T07:50:54,Angers
9938,833063670,JANTES ALU SERVICES NANTES,5710,4520A,PME,83306367000040,O,2025-12-06T06:26:31,Angers
9939,833456114,PRO TRADING,5499,4511Z,PME,83345611400069,O,2026-03-27T10:29:49,Angers
9940,833645161,GAREST,5710,5610A,PME,83364516100013,O,2025-12-06T11:10:51,Angers
9941,833811367,HERVE ENERGIES,5710,4671Z,PME,83381136700014,O,2026-06-09T14:00:40,Angers
9942,837599687,CABINET DU DOCTEUR DAVID ANDRE,5485,8621Z,PME,83759968700014,O,2025-12-06T11:15:30,Angers
9943,838181790,MAPIL,5710,7820Z,PME,83818179000067,O,2025-12-06T10:04:11,Angers
9944,851926196,AUTHION IMMOBILIER,5710,6831Z,PME,85192619600011,O,2026-02-02T13:10:16,Angers
9945,852410968,CABINET DU DOCTEUR DJILALI SALIM HAKIKI,5485,8622C,PME,85241096800014,O,2025-12-06T06:39:37,Angers
9946,852455617,ARTIPEINTRE,5499,4334Z,PME,85245561700021,O,2026-06-22T10:43:46,Angers
9947,840622997,SM COIFFURE,5710,9602A,PME,84062299700012,O,2026-05-13T16:41:30,Nimes
9948,879131654,GALLOUEDEC IMMOBILIER,5710,6831Z,PME,87913165400029,O,2026-07-06T12:17:24,Nimes
9949,879212702,PLUME,5499,4690Z,PME,87921270200028,O,2025-12-06T06:13:50,Nimes
9950,888761970,NS MOBILE,5710,4652Z,PME,88876197000019,O,2025-12-06T07:24:13,Nimes
9951,889422267,MAX AND CO,5710,7010Z,PME,88942226700043,O,2025-12-06T11:15:30,Nimes
9952,889905592,KPS PROJET,5710,7711A,PME,88990559200032,O,2025-12-06T05:20:20,Nimes
9953,890392921,LIBRAIRIE DE LA PLACE AUX HERBES,5710,4761Z,PME,89039292100015,O,2026-03-25T13:10:19,Nimes
9954,891370843,GIE RSM MEDITERRANEE,6220,8211Z,PME,89137084300015,O,2025-12-06T05:25:06,Nimes
9955,887908929,DTS DESINFECTION TECHNOLOGIE SOLUTION,5710,2790Z,PME,88790892900011,O,2025-12-06T06:24:19,Nimes
9956,887940765,CDR PREMIUM,5499,4520A,PME,88794076500019,O,2025-12-06T07:17:56,Nimes
9957,982252017,LESBARBERSHOP63,5499,9602A,PME,98225201700016,O,2025-12-06T10:23:47,Clermont-Ferrand
9958,949193577,SORONEXT,5710,7022Z,PME,94919357700036,O,2025-12-06T07:35:39,Clermont-Ferrand
9959,775635428,GSM AUVERGNE-VAL DE SAONE,5599,0812Z,PME,77563542800052,O,2025-12-06T06:13:32,Clermont-Ferrand
9960,879122794,GROUPEMENT D'INTERET ECONOMIQUE TO43,6220,8211Z,PME,87912279400016,O,2025-12-06T05:40:49,Clermont-Ferrand
9961,807518311,LA TOQUE CUIVREE SAINT GERVAIS,5499,1071D,PME,80751831100038,O,2025-12-06T11:15:30,Clermont-Ferrand
9962,911400109,SO KIDS AQUITAINE,5710,4771Z,PME,91140010900011,O,2025-12-06T06:17:21,Clermont-Ferrand
9963,983063074,DANYNO,5710,1071C,PME,98306307400048,O,2025-12-06T11:10:22,Clermont-Ferrand
9964,310540703,ENTREPRISE HORY-CHAUVELIN,5599,4399C,PME,31054070300041,O,2025-12-06T07:41:16,Tours
9965,314525577,SCM CTRE D'IMAGERIE MED DU CHINONAIS,6589,8219Z,PME,31452557700024,O,2025-12-06T09:08:52,Tours
9966,306244096,GRATIAS-PROPULSE,5710,4941C,PME,30624409600054,O,2025-12-06T05:14:20,Tours
9967,306762485,ANOLIX,5710,4669B,PME,30676248500069,O,2026-07-10T12:31:36,Tours
9968,439326174,SUD LOIRE AUTOMOBILES,5499,4511Z,PME,43932617400042,O,2026-07-17T13:10:56,Tours
9969,439823568,HIBYRD,5710,7022Z,PME,43982356800092,O,2025-12-06T05:40:25,Tours
9970,422918904,CHOUTEAU ATLANTIQUE,5710,2511Z,ETI,42291890400042,O,2025-12-06T09:14:17,Tours
9971,419914213,SADED FRANCE,5710,8129A,PME,41991421300055,O,2026-06-17T08:17:55,Tours
9972,439227026,TIPI VOYAGES,5499,7911Z,ETI,43922702600028,O,2026-08-10T13:09:06.063,Metz
9973,434969911,AGRO BIO,5710,7120B,ETI,43496991100081,O,2026-08-07T10:33:21.104,Metz
9974,492195656,ENVIE 2E LORRAINE,5710,3811Z,PME,49219565600052,O,2026-08-06T09:09:24.465,Metz
9975,499447365,MD DENTAL,5499,3320D,PME,49944736500036,O,2026-08-06T09:09:28.990,Metz
9976,981787492,DEMATHIEU BARD CONSTRUCTION SUD-OUEST,5710,6420Z,ETI,98178749200041,O,2026-08-05T13:08:41.539,Metz
9977,480832310,JP CONTROLE,5499,7120A,PME,48083231000019,O,2026-08-03T13:10:53.819,Metz
9978,306242777,HUBERT PARTICIPATIONS,5699,6420Z,ETI,30624277700036,O,2025-12-06T05:19:19,Metz
9979,307058669,DEHOVE,6577,7112A,PME,30705866900077,O,2025-12-06T06:32:44,Metz
9980,314357971,LAT,5710,2511Z,PME,31435797100212,O,2025-12-06T05:40:32,Metz
9981,303803944,MALDANER,5710,2561Z,PME,30380394400022,O,2025-12-06T06:39:27,Metz
9982,315966820,BIG HABITAT,5710,4771Z,PME,31596682000062,O,2025-12-06T07:32:57,Metz
9983,335243531,LOG XL CHAUSSURES,5499,8299Z,ETI,33524353100019,O,2026-01-15T12:01:46,Besancon
9984,335337465,ETABLISSEMENTS J B,5710,6820B,PME,33533746500124,O,2025-12-15T09:00:35,Besancon
9985,337498067,BESANCON COIFFURE BRIGITTE,5499,9602A,ETI,33749806700012,O,2025-12-06T06:08:09,Besancon
9986,337520969,EUROPENNE HEBERGEMENT RESTAURATION,5710,5510Z,PME,33752096900011,O,2025-12-06T05:21:25,Besancon
9987,337932909,PICCOLI - LES ATELIERS DES PRES DE VAUX,5499,4332A,PME,33793290900035,O,2025-12-06T11:15:29,Besancon
9988,347558637,TRANSPORTS PASTEUR,5499,4941A,PME,34755863700034,O,2025-12-06T05:58:05,Besancon
9989,351734736,GREEN REILE PASCAL,5499,7112B,PME,35173473600041,O,2026-04-20T13:00:50,Besancon
9990,351839873,EQUIPEMENTS INDUSTRIELS ET FORESTIERS,5499,3312Z,PME,35183987300020,O,2025-12-06T06:22:07,Besancon
9991,495111023,AVENSIA,5710,7112B,PME,49511102300034,O,2025-12-06T05:21:26,Orleans
9992,509642138,PARTNAIRE 11,5710,7820Z,ETI,50964213800051,O,2025-12-06T05:19:51,Orleans
9993,493917439,MIEUX RENOVER 91,5710,4329A,PME,49391743900108,O,2025-12-06T10:51:16,Orleans
9994,493942619,CAP DISTRIBUTION,5499,4941A,PME,49394261900013,O,2025-12-06T05:39:04,Orleans
9995,491871901,GRIM,6220,6619A,ETI,49187190100055,O,2025-12-06T05:57:12,Orleans
9996,524618600,COORSI,5499,7112B,PME,52461860000018,O,2025-12-06T07:23:42,Orleans
9997,519560155,LOGING,5710,8559A,PME,51956015500045,O,2025-12-06T11:15:30,Orleans
9998,514593565,STARGESTCOM,5710,4719B,PME,51459356500013,O,2025-12-06T06:40:45,Orleans
9999,514875764,VOXENS ASSURANCES,5710,8220Z,ETI,51487576400037,O,2026-07-13T16:00:41,Orleans
10000,527864383,ALTERNANCE LOIRET,5499,8559A,PME,52786438300064,O,2025-12-06T05:19:41,Orleans
